date,temp_max_C,temp_min_C,temp_mean_C_openmeteo,precip_sum_mm,rain_sum_mm,wind_max_kmh_openmeteo,wind_gusts_kmh,wmo_weather_code,sunshine_seconds,solar_MJ_per_m2,humidity_mean_pct,humidity_min_pct,humidity_max_pct,pressure_mean_hPa,apparent_temp_max_C,apparent_temp_min_C,heat_wave_flag,storm_flag,heavy_rain_flag,cold_snap_flag
2019-05-01,24.2,11.1,17.4,0.0,0.0,14.4,25.9,0,38875.46,19.49,44.083333333333336,23,68,874.6333333333333,23.2,8.0,0,0,0,0
2019-05-02,23.8,10.1,16.3,0.0,0.0,12.2,29.9,0,38849.71,19.08,49.625,27,78,875.5333333333333,22.1,7.4,0,0,0,0
2019-05-03,25.6,12.3,18.5,0.0,0.0,12.2,22.0,0,38556.7,18.74,43.541666666666664,27,61,874.2208333333333,24.7,9.5,0,0,0,0
2019-05-04,26.3,13.1,19.4,0.0,0.0,12.3,23.8,0,38340.22,18.44,45.666666666666664,27,64,874.1583333333333,25.5,10.4,0,0,0,0
2019-05-05,24.5,12.5,18.1,0.0,0.0,16.9,36.7,0,37844.65,18.23,51.083333333333336,30,76,877.0875,23.2,10.7,0,0,0,0
2019-05-06,25.9,11.6,18.4,0.0,0.0,13.1,22.0,0,37886.96,18.33,53.5,23,89,878.1541666666667,24.7,10.3,0,0,0,0
2019-05-07,24.0,12.6,17.5,0.0,0.0,19.2,40.7,2,37657.95,18.0,52.291666666666664,30,80,879.1083333333332,21.6,11.0,0,0,0,0
2019-05-08,22.2,11.6,15.1,0.9,0.9,19.1,41.0,53,26085.57,14.55,71.54166666666667,38,91,875.4125,19.7,10.1,0,0,0,0
2019-05-09,22.6,11.6,16.3,0.0,0.0,20.0,38.9,2,37040.06,14.25,58.75,35,81,873.5083333333333,20.0,9.4,0,0,0,0
2019-05-10,22.1,9.9,15.7,0.0,0.0,17.7,36.4,3,36069.01,12.63,58.0,40,88,875.4875000000001,20.2,6.5,0,0,0,0
2019-05-11,23.4,9.7,16.3,0.0,0.0,11.3,24.5,0,37001.37,17.24,64.79166666666667,36,94,876.8000000000001,22.3,8.6,0,0,0,0
2019-05-12,24.0,9.6,16.4,0.0,0.0,13.4,24.5,0,37038.86,17.59,57.666666666666664,32,90,876.5124999999999,23.0,8.0,0,0,0,0
2019-05-13,25.4,11.6,17.6,0.0,0.0,15.3,25.6,0,37075.67,17.72,45.083333333333336,20,70,875.0500000000001,24.3,8.4,0,0,0,0
2019-05-14,25.5,10.4,17.6,0.0,0.0,15.1,26.6,0,36868.96,17.72,41.25,14,75,875.775,22.4,8.7,0,0,0,0
2019-05-15,23.7,8.7,16.1,0.0,0.0,9.9,25.9,2,36612.57,17.36,48.875,24,81,875.3666666666667,21.6,6.2,0,0,0,0
2019-05-16,24.4,11.0,16.9,0.0,0.0,12.2,22.7,0,36632.36,17.15,44.75,24,64,873.975,22.9,8.3,0,0,0,0
2019-05-17,23.9,9.6,16.7,0.0,0.0,12.3,24.1,0,36665.26,17.18,41.333333333333336,21,71,873.3791666666666,21.7,7.1,0,0,0,0
2019-05-18,24.2,9.9,17.1,0.0,0.0,15.0,26.3,2,36035.21,16.47,38.083333333333336,19,59,874.1333333333333,22.2,7.1,0,0,0,0
2019-05-19,23.5,10.2,16.3,0.0,0.0,14.3,25.6,0,36451.98,16.72,46.125,25,67,875.0583333333334,21.5,7.8,0,0,0,0
2019-05-20,22.4,9.1,15.4,0.0,0.0,13.1,31.7,0,36414.66,16.73,48.25,31,66,874.3625000000001,19.9,6.0,0,0,0,0
2019-05-21,25.2,11.9,17.7,0.0,0.0,13.0,25.6,0,36428.02,16.61,41.041666666666664,21,59,873.7875,23.7,8.6,0,0,0,0
2019-05-22,22.8,9.6,15.7,0.0,0.0,13.5,31.0,0,36162.83,16.2,55.416666666666664,31,95,875.8208333333333,20.3,7.6,0,0,0,0
2019-05-23,24.2,12.4,17.8,0.0,0.0,16.8,29.9,2,36000.0,15.13,43.291666666666664,26,59,876.9416666666666,23.0,10.6,0,0,0,0
2019-05-24,21.2,11.6,16.5,0.1,0.1,17.5,31.0,51,34094.02,14.25,57.416666666666664,38,87,879.0166666666668,19.9,10.4,0,0,0,0
2019-05-25,22.1,9.1,15.3,0.4,0.4,15.5,31.3,51,36195.8,14.75,55.083333333333336,26,86,878.3333333333334,19.3,7.0,0,0,0,0
2019-05-26,22.0,8.8,14.5,0.0,0.0,11.6,28.4,3,36205.54,16.0,54.791666666666664,27,78,876.2583333333333,20.1,6.9,0,0,0,0
2019-05-27,21.1,6.9,14.0,0.0,0.0,12.1,22.3,3,36000.0,16.07,49.0,26,77,874.525,19.3,4.2,0,0,0,0
2019-05-28,20.6,7.6,14.1,0.0,0.0,11.8,21.6,3,36223.17,16.08,44.916666666666664,29,62,874.0625,18.7,4.7,0,0,0,0
2019-05-29,21.1,7.2,13.6,0.0,0.0,13.4,27.4,2,36231.05,14.98,49.583333333333336,20,89,875.0375,18.1,5.0,0,0,0,0
2019-05-30,20.5,8.1,13.7,0.0,0.0,16.2,31.0,0,36238.32,16.21,38.625,20,59,874.5333333333333,17.8,4.5,0,0,0,0
2019-05-31,20.7,6.1,13.1,0.0,0.0,13.7,25.2,1,36245.0,16.05,38.083333333333336,20,59,873.0,17.3,2.5,0,0,0,0
2019-06-01,19.4,6.9,12.4,0.0,0.0,11.4,26.3,2,36000.0,15.65,48.541666666666664,25,73,872.725,16.4,3.8,0,0,0,0
2019-06-02,21.5,6.6,13.9,0.0,0.0,17.0,37.1,3,36256.54,14.9,37.583333333333336,13,64,874.9,17.4,3.7,0,0,0,0
2019-06-03,20.8,7.5,13.4,0.0,0.0,18.4,33.1,0,36000.0,15.84,37.583333333333336,19,61,877.3291666666668,17.9,3.7,0,0,0,0
2019-06-04,22.6,6.8,13.9,0.0,0.0,10.2,22.3,0,36000.0,15.61,40.25,21,57,875.8708333333334,19.7,3.6,0,0,0,0
2019-06-05,24.2,10.9,16.4,0.0,0.0,15.5,33.8,0,36000.0,15.72,36.625,16,51,873.7458333333334,20.4,6.5,0,0,0,0
2019-06-06,23.1,10.2,15.9,0.0,0.0,18.4,32.0,3,35221.5,15.29,31.333333333333332,16,51,873.3791666666666,19.7,6.3,0,0,0,0
2019-06-07,21.1,9.1,14.2,0.0,0.0,20.4,37.8,3,36000.0,15.57,29.333333333333332,17,54,876.0458333333332,17.0,3.5,0,0,0,0
2019-06-08,23.5,6.3,14.4,0.0,0.0,21.8,39.2,0,36000.0,15.7,43.25,12,94,878.9291666666667,19.3,3.4,0,0,0,0
2019-06-09,18.8,6.8,12.2,0.0,0.0,18.4,35.3,0,36000.0,15.42,51.125,28,75,881.3916666666668,14.9,3.1,0,0,0,0
2019-06-10,19.3,6.7,12.5,0.0,0.0,11.7,28.8,0,36000.0,15.34,59.833333333333336,32,86,878.7833333333333,16.7,4.1,0,0,0,0
2019-06-11,21.4,8.9,14.6,0.0,0.0,16.3,31.0,0,36278.11,15.58,40.166666666666664,17,67,877.7541666666666,18.2,5.1,0,0,0,0
2019-06-12,20.2,5.8,13.2,0.0,0.0,16.6,36.4,0,36000.0,15.51,40.166666666666664,23,69,876.2791666666667,15.9,2.8,0,0,0,0
2019-06-13,20.6,7.8,13.3,0.0,0.0,20.0,35.6,0,36275.21,15.62,35.416666666666664,16,74,877.5375,18.0,3.3,0,0,0,0
2019-06-14,17.0,5.0,10.7,0.0,0.0,12.3,35.3,1,36000.0,15.29,64.625,38,91,880.5833333333334,14.5,2.0,0,0,0,0
2019-06-15,19.6,4.2,11.6,0.0,0.0,10.9,21.2,2,36269.6,15.44,53.416666666666664,26,87,878.2083333333334,17.0,2.0,0,0,0,1
2019-06-16,20.9,5.2,12.6,0.0,0.0,14.1,24.5,0,36265.9,15.75,37.125,15,59,877.2166666666667,17.6,1.1,0,0,0,0
2019-06-17,19.9,5.7,12.0,0.0,0.0,11.6,23.0,3,36261.6,15.5,44.5,20,75,878.4125,17.1,2.7,0,0,0,0
2019-06-18,20.3,7.1,13.1,0.0,0.0,18.7,38.5,3,36256.75,15.4,32.041666666666664,16,47,878.5916666666667,16.2,2.4,0,0,0,0
2019-06-19,20.0,6.7,12.7,0.0,0.0,17.6,31.3,3,36251.37,15.65,33.625,14,55,880.8541666666666,16.0,2.0,0,0,0,0
2019-06-20,21.0,3.7,11.5,0.0,0.0,13.4,25.2,3,36245.49,15.81,34.25,12,56,879.1750000000001,16.8,-0.6,0,0,0,1
2019-06-21,18.5,4.1,11.7,0.0,0.0,9.9,25.6,3,36239.15,15.31,56.708333333333336,34,90,878.5416666666666,15.7,1.0,0,0,0,1
2019-06-22,19.1,5.8,12.4,0.0,0.0,13.5,31.7,0,36232.4,15.2,55.458333333333336,33,84,874.4875000000001,16.2,3.3,0,0,0,0
2019-06-23,18.8,7.6,12.4,0.0,0.0,17.4,37.1,0,36225.24,15.32,42.458333333333336,21,67,872.0708333333333,14.6,3.5,0,0,0,0
2019-06-24,18.4,4.9,10.7,0.0,0.0,18.8,33.1,0,36503.33,15.67,37.458333333333336,18,55,871.6374999999999,15.0,0.1,0,0,0,1
2019-06-25,18.6,4.6,11.8,0.0,0.0,13.8,32.0,1,36495.43,15.6,32.0,19,52,873.4916666666667,14.5,1.3,0,0,0,1
2019-06-26,17.5,7.3,11.7,0.5,0.5,17.6,37.4,51,30988.34,10.85,65.625,31,96,876.4791666666666,13.9,4.7,0,0,0,0
2019-06-27,18.4,4.9,11.4,0.0,0.0,12.0,29.5,3,36193.17,14.76,68.25,38,95,876.4458333333333,15.6,2.3,0,0,0,1
2019-06-28,20.6,6.8,13.4,0.0,0.0,13.6,32.0,1,36469.73,15.04,54.375,29,81,874.8125,17.2,4.3,0,0,0,0
2019-06-29,22.9,10.2,15.3,0.0,0.0,12.7,24.1,0,36460.15,15.32,42.041666666666664,19,61,875.275,20.1,6.9,0,0,0,0
2019-06-30,22.0,7.9,14.6,0.0,0.0,12.4,25.6,3,36000.0,15.46,35.708333333333336,18,64,874.3625000000001,18.5,5.0,0,0,0,0
2019-07-01,19.5,6.7,11.9,0.0,0.0,30.8,61.6,2,36439.23,15.25,43.708333333333336,24,62,871.3916666666668,13.9,1.9,0,0,0,0
2019-07-02,18.5,3.5,9.8,0.0,0.0,29.2,52.2,0,36712.72,15.96,40.583333333333336,15,63,874.7583333333333,14.2,-2.9,0,0,0,1
2019-07-03,19.8,3.7,10.6,0.0,0.0,18.4,32.8,0,36700.7,16.05,37.583333333333336,14,58,875.3583333333332,16.6,-1.3,0,0,0,1
2019-07-04,19.5,4.4,11.3,0.0,0.0,13.0,31.7,0,36688.17,15.88,33.875,16,54,875.4875000000001,15.4,0.6,0,0,0,1
2019-07-05,21.0,7.4,13.1,0.0,0.0,16.9,29.5,0,36675.17,15.9,25.833333333333332,12,39,872.9583333333334,17.0,2.1,0,0,0,0
2019-07-06,19.0,4.5,11.4,0.0,0.0,19.4,39.2,1,36945.79,15.74,49.291666666666664,21,95,872.9250000000001,14.9,2.0,0,0,0,1
2019-07-07,21.5,7.8,13.5,0.0,0.0,20.5,38.2,0,36931.75,15.88,23.791666666666668,11,35,872.2958333333332,17.0,1.8,0,0,0,0
2019-07-08,19.8,7.8,13.4,0.0,0.0,19.7,37.8,0,36917.38,15.67,41.916666666666664,26,64,875.5708333333333,16.6,3.7,0,0,0,0
2019-07-09,22.5,7.9,14.2,0.0,0.0,20.3,38.2,0,36902.69,15.91,36.583333333333336,18,55,877.1958333333333,19.6,2.9,0,0,0,0
2019-07-10,23.6,6.3,13.6,0.0,0.0,13.3,28.1,0,37170.62,15.95,37.083333333333336,15,56,876.4833333333332,20.7,2.8,0,0,0,0
2019-07-11,24.5,7.9,15.6,0.0,0.0,12.6,28.1,0,37155.11,16.2,25.708333333333332,12,39,876.7333333333332,20.4,4.1,0,0,0,0
2019-07-12,23.6,7.5,15.1,0.0,0.0,10.8,24.5,0,37421.68,16.27,27.583333333333332,12,47,876.5708333333333,20.0,3.8,0,0,0,0
2019-07-13,21.5,5.8,14.3,0.0,0.0,10.7,27.0,0,37405.43,16.22,26.5,15,39,877.3958333333334,18.0,1.2,0,0,0,0
2019-07-14,21.4,6.2,13.3,0.0,0.0,12.2,23.0,0,37389.11,16.19,43.875,20,82,877.2125,18.6,3.4,0,0,0,0
2019-07-15,21.1,6.2,13.8,0.0,0.0,10.2,21.2,0,37653.91,16.35,33.875,16,56,877.1374999999999,18.5,2.6,0,0,0,0
2019-07-16,20.8,6.5,13.2,0.0,0.0,11.7,31.7,0,37637.01,16.38,32.708333333333336,17,53,877.6291666666666,17.2,3.0,0,0,0,0
2019-07-17,20.1,5.8,13.0,0.0,0.0,13.1,31.3,0,37620.09,16.38,37.375,20,61,877.9375,16.7,2.7,0,0,0,0
2019-07-18,22.2,4.8,13.8,0.0,0.0,12.0,27.7,0,37603.11,16.48,34.625,16,66,875.4708333333333,18.7,1.2,0,0,0,1
2019-07-19,22.8,9.4,14.9,0.0,0.0,22.6,45.4,0,37863.77,16.93,21.041666666666668,10,33,872.6708333333332,16.8,3.9,0,0,0,0
2019-07-20,19.4,8.1,12.3,0.0,0.0,28.2,55.1,2,37847.46,16.86,35.583333333333336,17,58,872.3041666666667,14.0,2.2,0,0,0,0
2019-07-21,16.5,3.1,9.5,0.0,0.0,22.7,41.4,2,37829.14,16.84,42.666666666666664,25,55,877.2666666666668,12.8,-2.5,0,0,0,1
2019-07-22,16.8,2.8,9.1,0.0,0.0,13.7,32.8,0,37948.62,16.88,49.291666666666664,30,69,876.0666666666666,13.0,-1.1,0,0,0,1
2019-07-23,19.2,3.8,11.3,0.0,0.0,18.1,41.0,0,37977.54,17.09,45.25,23,71,871.2791666666667,14.8,0.4,0,0,0,1
2019-07-24,19.5,7.3,12.5,0.0,0.0,23.4,47.2,0,38006.68,17.43,28.291666666666668,13,50,871.6833333333334,14.9,2.8,0,0,0,0
2019-07-25,21.7,5.2,12.9,0.0,0.0,14.1,33.8,0,38036.02,17.36,23.791666666666668,10,39,875.8000000000001,17.1,1.0,0,0,0,0
2019-07-26,24.0,7.4,14.8,0.0,0.0,18.4,32.4,0,38065.5,17.64,18.5,6,33,877.3583333333332,20.0,2.2,0,0,0,0
2019-07-27,19.5,6.2,12.7,0.0,0.0,15.6,27.7,1,38095.08,17.08,49.75,25,88,878.1416666666668,16.9,3.5,0,0,0,0
2019-07-28,21.9,6.8,13.4,0.0,0.0,10.5,20.2,0,38124.72,17.18,43.916666666666664,19,71,875.4458333333333,19.4,4.5,0,0,0,0
2019-07-29,23.8,7.2,14.9,0.0,0.0,14.8,25.9,0,38154.37,17.65,29.291666666666668,12,48,873.4875000000001,21.2,2.5,0,0,0,0
2019-07-30,24.0,7.2,15.5,0.0,0.0,10.8,27.7,0,38183.99,17.73,26.208333333333332,12,42,872.625,20.4,3.7,0,0,0,0
2019-07-31,25.6,10.6,17.2,0.0,0.0,20.5,36.7,0,38213.54,17.94,18.583333333333332,8,31,872.0666666666666,21.9,4.9,0,0,0,0
2019-08-01,22.9,8.9,15.5,0.0,0.0,20.2,37.1,0,38242.96,17.55,30.375,17,62,875.0124999999999,18.9,4.7,0,0,0,0
2019-08-02,20.8,8.2,14.2,0.0,0.0,18.8,39.6,1,38272.23,16.46,59.833333333333336,31,94,875.8125,17.2,6.6,0,0,0,0
2019-08-03,23.1,7.8,15.2,0.0,0.0,18.5,39.2,0,38301.3,17.34,58.583333333333336,27,92,874.5541666666667,20.0,5.6,0,0,0,0
2019-08-04,25.2,10.7,18.1,0.0,0.0,16.6,37.4,0,38330.13,17.55,37.666666666666664,20,60,875.775,22.0,8.1,0,0,0,0
2019-08-05,25.9,11.6,18.5,0.0,0.0,17.9,38.9,2,38358.68,17.06,33.666666666666664,20,49,875.2541666666666,22.7,8.5,0,0,0,0
2019-08-06,26.7,12.2,19.8,0.0,0.0,18.4,40.3,1,38386.9,17.45,38.375,24,60,874.7416666666667,23.9,9.6,0,0,0,0
2019-08-07,26.1,11.9,19.6,0.0,0.0,18.2,39.2,2,37230.8,15.28,40.666666666666664,22,77,874.3375,22.6,9.7,0,0,0,0
2019-08-08,27.1,10.9,19.4,0.0,0.0,17.6,38.2,0,38442.62,17.85,35.791666666666664,19,60,873.7041666666668,23.4,8.2,0,0,0,0
2019-08-09,24.9,12.8,18.3,0.0,0.0,18.8,34.2,1,38470.31,16.88,35.041666666666664,14,83,877.8791666666666,22.8,7.4,0,0,0,0
2019-08-10,19.9,9.8,13.9,0.0,0.0,19.2,42.5,3,38214.76,15.05,72.08333333333333,43,94,880.3791666666666,17.0,7.9,0,0,0,0
2019-08-11,23.2,8.1,15.6,0.0,0.0,18.2,40.3,3,38525.3,17.86,61.583333333333336,30,97,876.525,20.1,6.4,0,0,0,0
2019-08-12,25.6,11.4,18.6,0.0,0.0,17.4,38.2,1,38552.6,18.32,39.875,22,63,874.3333333333334,22.7,8.6,0,0,0,0
2019-08-13,26.5,10.9,18.7,0.0,0.0,18.8,41.0,1,38579.76,18.46,36.583333333333336,16,63,876.475,22.5,7.8,0,0,0,0
2019-08-14,25.6,8.9,17.1,0.0,0.0,15.8,28.1,1,38606.77,18.51,48.833333333333336,21,86,879.3083333333334,23.6,7.1,0,0,0,0
2019-08-15,23.3,12.1,17.3,0.0,0.0,22.6,42.5,1,38633.64,18.4,53.583333333333336,20,90,883.3458333333333,22.0,9.2,0,0,0,0
2019-08-16,26.8,10.6,18.5,0.0,0.0,17.9,31.7,0,38817.37,19.05,36.291666666666664,16,65,880.6041666666666,24.4,8.3,0,0,0,0
2019-08-17,27.5,12.6,19.6,0.0,0.0,18.4,33.5,0,38816.54,19.58,25.666666666666668,10,54,877.6333333333333,25.1,8.6,0,0,0,0
2019-08-18,21.8,9.4,15.0,0.0,0.0,15.7,34.9,1,38815.24,18.75,57.958333333333336,31,97,878.8583333333332,19.3,7.7,0,0,0,0
2019-08-19,24.6,11.2,17.2,0.0,0.0,13.1,31.7,2,39077.28,19.23,37.541666666666664,18,59,877.5625,22.3,8.2,0,0,0,0
2019-08-20,23.5,11.4,16.7,0.0,0.0,21.1,39.6,0,39338.11,19.69,35.458333333333336,17,70,878.7875,22.2,5.9,0,0,0,0
2019-08-21,20.6,7.1,13.8,0.0,0.0,14.8,27.4,0,39071.5,19.45,57.75,30,91,881.8000000000001,19.3,5.2,0,0,0,0
2019-08-22,23.8,7.4,15.5,0.0,0.0,13.4,29.2,0,39330.73,19.9,39.541666666666664,16,72,880.1125000000001,21.4,4.6,0,0,0,0
2019-08-23,25.4,9.2,17.0,0.0,0.0,18.0,38.9,0,39588.86,20.38,24.666666666666668,9,48,879.1583333333333,21.3,5.2,0,0,0,0
2019-08-24,25.0,9.5,16.8,0.0,0.0,13.8,26.3,0,39845.93,20.77,20.5,8,41,879.3833333333333,22.1,5.7,0,0,0,0
2019-08-25,24.2,8.3,15.9,0.0,0.0,12.4,29.5,0,40102.03,20.61,30.583333333333332,16,55,876.9250000000001,22.0,4.3,0,0,0,0
2019-08-26,26.4,12.4,18.6,0.0,0.0,13.0,28.4,0,40095.91,20.83,24.041666666666668,12,38,875.5333333333333,23.6,8.4,0,0,0,0
2019-08-27,26.9,11.6,19.3,0.0,0.0,13.1,33.8,0,40350.53,20.9,21.541666666666668,12,34,874.2624999999999,23.8,7.7,0,0,0,0
2019-08-28,27.0,12.6,20.4,0.0,0.0,21.1,43.6,0,40603.88,20.74,20.791666666666668,13,33,873.3458333333333,23.3,9.1,0,0,0,0
2019-08-29,25.5,12.2,18.6,0.0,0.0,20.0,43.2,1,40335.3,19.49,32.958333333333336,14,58,873.625,21.8,8.1,0,0,0,0
2019-08-30,27.1,10.4,18.8,0.0,0.0,21.0,45.4,1,40586.7,20.69,46.041666666666664,20,85,870.6,23.6,8.8,0,0,0,0
2019-08-31,24.3,11.2,17.0,0.0,0.0,21.9,45.0,1,41096.62,21.63,18.166666666666668,4,49,868.4708333333333,19.6,4.6,0,0,0,0
2019-09-01,22.5,6.7,14.7,0.0,0.0,23.9,43.6,0,41249.75,22.3,16.041666666666668,8,28,873.4125,19.4,0.8,0,0,0,0
2019-09-02,24.4,6.2,15.0,0.0,0.0,10.4,22.7,0,41336.04,21.86,37.958333333333336,10,86,876.1166666666667,22.0,3.4,0,0,0,0
2019-09-03,24.6,8.1,16.3,0.0,0.0,12.1,30.2,0,41422.84,21.87,23.833333333333332,13,37,876.9583333333334,21.8,3.0,0,0,0,0
2019-09-04,26.2,12.5,18.9,0.0,0.0,12.6,31.0,3,41510.09,21.8,25.875,15,38,874.8958333333334,24.0,8.7,0,0,0,0
2019-09-05,26.7,12.8,19.7,0.2,0.2,25.1,51.1,51,38438.41,20.81,28.625,12,72,874.3916666666668,24.5,9.5,0,0,0,0
2019-09-06,18.9,11.4,14.4,1.5,1.5,28.1,56.9,51,24332.3,13.94,63.375,44,84,881.4250000000001,15.4,8.1,0,0,0,0
2019-09-07,20.4,6.8,12.2,0.0,0.0,15.0,30.6,1,38419.53,19.83,63.791666666666664,32,91,883.8874999999999,19.3,3.9,0,0,0,0
2019-09-08,20.3,4.7,12.4,0.0,0.0,10.5,24.5,0,41862.38,22.08,55.375,30,91,881.4499999999999,18.8,2.1,0,0,0,1
2019-09-09,26.2,9.0,17.9,0.0,0.0,18.1,41.4,0,41950.99,22.38,31.791666666666668,14,57,876.2166666666667,23.0,6.5,0,0,0,0
2019-09-10,27.8,12.6,19.5,0.0,0.0,19.2,34.2,0,42039.7,22.74,21.375,11,33,872.1875,26.1,8.5,0,0,0,0
2019-09-11,28.3,10.1,19.3,0.0,0.0,13.0,25.9,0,42128.47,23.11,22.791666666666668,9,49,870.9208333333332,26.2,7.2,0,0,0,0
2019-09-12,28.4,10.6,20.6,0.0,0.0,19.7,43.6,0,42217.23,23.5,12.75,6,25,871.4625,24.0,6.4,0,0,0,0
2019-09-13,29.5,15.8,22.7,0.0,0.0,23.9,49.0,3,42305.92,23.59,10.916666666666666,5,23,872.1666666666666,25.2,10.6,0,0,0,0
2019-09-14,28.7,12.8,20.3,0.0,0.0,22.9,47.2,0,42394.51,23.65,20.875,7,41,872.8333333333334,23.9,8.9,0,0,0,0
2019-09-15,27.1,11.6,19.4,0.0,0.0,15.3,36.0,2,42482.91,22.72,55.541666666666664,23,96,875.4666666666667,25.5,11.1,0,0,0,0
2019-09-16,29.8,12.9,21.2,0.0,0.0,11.5,28.1,0,42571.07,23.06,37.375,15,64,876.0208333333334,28.3,11.3,0,0,0,0
2019-09-17,30.7,13.4,22.1,0.0,0.0,10.8,26.3,1,42659.45,22.99,39.375,17,87,876.625,30.2,12.5,0,0,0,0
2019-09-18,31.1,14.5,23.5,0.0,0.0,16.2,31.3,3,40900.5,20.19,32.916666666666664,17,61,877.4499999999999,31.0,12.5,0,0,0,0
2019-09-19,30.6,15.7,23.2,0.0,0.0,14.2,33.8,2,42837.76,23.54,27.083333333333332,12,50,878.3416666666667,28.4,12.3,1,0,0,0
2019-09-20,29.6,13.6,21.9,0.0,0.0,12.1,27.7,0,42927.57,23.64,38.5,15,74,877.5833333333334,29.2,11.9,0,0,0,0
2019-09-21,30.8,13.0,22.7,0.0,0.0,19.3,42.8,0,43017.73,23.98,29.958333333333332,12,66,874.1958333333333,28.1,10.9,0,0,0,0
2019-09-22,30.1,13.1,22.4,0.0,0.0,17.4,40.0,0,43108.19,24.13,27.875,11,59,871.9375,27.5,10.5,0,0,0,0
2019-09-23,30.4,14.9,22.2,0.0,0.0,29.8,57.2,1,43182.96,22.63,30.25,12,71,872.8958333333334,26.6,12.1,1,0,0,0
2019-09-24,19.5,11.4,15.6,0.2,0.2,20.1,42.1,51,17208.37,9.74,63.583333333333336,49,79,876.7083333333334,17.9,8.5,0,0,0,0
2019-09-25,19.8,9.4,14.4,0.7,0.7,33.0,64.8,51,43200.0,25.1,42.916666666666664,12,85,881.3958333333334,14.9,4.9,0,0,0,0
2019-09-26,20.9,3.8,12.2,0.0,0.0,22.6,41.0,0,43200.0,25.21,34.25,14,63,882.0083333333333,17.6,0.1,0,0,0,1
2019-09-27,26.2,5.5,16.0,0.0,0.0,11.6,31.0,0,43200.0,25.48,27.666666666666668,9,65,876.5041666666666,23.8,2.6,0,0,0,0
2019-09-28,29.4,8.4,19.3,0.0,0.0,16.5,33.1,3,43200.0,25.58,18.458333333333332,7,44,871.5,26.5,4.7,0,0,0,0
2019-09-29,28.8,11.4,20.7,0.0,0.0,26.8,52.6,3,43200.0,25.43,13.916666666666666,7,26,868.3916666666668,24.4,6.9,0,0,0,0
2019-09-30,27.2,12.8,19.9,0.0,0.0,26.1,49.3,3,37585.85,19.83,16.041666666666668,8,26,866.0625,22.4,8.3,0,0,0,0
2019-10-01,23.0,9.4,15.4,0.1,0.1,24.6,48.6,51,43200.0,19.99,50.458333333333336,17,74,872.4,20.6,5.1,0,0,0,0
2019-10-02,21.5,8.6,14.9,0.0,0.0,18.4,35.3,3,36318.27,17.32,47.958333333333336,25,75,876.2833333333333,18.2,5.5,0,0,0,0
2019-10-03,23.8,9.1,16.8,0.0,0.0,18.8,43.6,0,43200.0,25.49,45.5,24,82,875.7583333333333,21.5,7.1,0,0,0,0
2019-10-04,29.1,10.6,21.4,0.0,0.0,22.8,49.0,3,42995.18,22.26,30.541666666666668,15,69,874.4833333333332,26.0,8.2,0,0,0,0
2019-10-05,31.9,17.1,24.1,0.0,0.0,18.1,38.5,3,43200.0,25.55,14.416666666666666,9,31,874.7958333333332,30.1,11.2,0,0,0,0
2019-10-06,30.7,16.4,23.6,0.0,0.0,18.6,40.3,1,43200.0,24.37,31.291666666666668,16,56,875.2083333333334,30.3,14.5,0,0,0,0
2019-10-07,30.9,15.4,23.4,0.0,0.0,18.6,40.7,3,36932.07,20.83,29.791666666666668,15,55,871.5875,27.9,13.3,1,0,0,0
2019-10-08,32.0,15.2,24.1,0.0,0.0,22.5,47.9,2,43200.0,26.55,15.25,7,29,869.775,28.1,10.1,1,0,0,0
2019-10-09,31.6,15.9,23.3,0.0,0.0,18.7,41.4,0,43200.0,26.02,26.458333333333332,11,54,869.375,29.4,11.4,1,0,0,0
2019-10-10,32.0,12.8,20.4,0.3,0.3,33.9,71.6,51,43200.0,23.26,51.625,20,81,873.0041666666666,31.2,8.4,1,0,0,0
2019-10-11,23.7,11.1,17.2,0.5,0.5,18.4,39.2,51,40986.84,22.01,54.416666666666664,37,73,877.5416666666666,22.8,7.8,0,0,0,0
2019-10-12,28.2,11.1,20.3,0.0,0.0,10.7,31.0,0,43200.0,26.32,46.25,20,86,874.725,28.1,9.6,0,0,0,0
2019-10-13,31.6,16.8,24.7,0.0,0.0,13.1,33.8,3,41208.87,21.64,27.583333333333332,16,43,873.1708333333332,30.3,14.3,0,0,0,0
2019-10-14,29.4,16.4,22.9,0.0,0.0,19.4,42.1,1,43200.0,25.89,39.375,23,66,875.475,28.2,14.8,0,0,0,0
2019-10-15,32.7,15.9,23.1,0.0,0.0,29.6,61.2,3,36158.04,23.68,45.291666666666664,12,71,876.5666666666666,32.6,15.2,0,0,0,0
2019-10-16,30.9,13.6,22.1,0.0,0.0,16.0,29.5,0,43244.18,26.54,49.208333333333336,16,87,878.275,30.4,12.4,0,0,0,0
2019-10-17,31.5,14.5,23.0,0.0,0.0,17.5,34.2,3,42214.66,25.98,41.458333333333336,19,74,877.0708333333333,31.7,13.4,1,0,0,0
2019-10-18,33.3,15.4,24.3,0.2,0.2,16.1,43.6,51,37026.71,24.51,26.416666666666668,13,44,873.5875,32.3,12.6,1,0,0,0
2019-10-19,32.8,17.4,25.7,0.0,0.0,17.3,35.3,3,41382.81,25.51,25.166666666666668,13,48,872.2666666666668,32.4,15.3,1,0,0,0
2019-10-20,33.9,16.8,26.4,0.0,0.0,15.7,37.8,2,43653.22,25.24,22.416666666666668,11,43,871.625,32.0,13.9,1,0,0,0
2019-10-21,35.8,19.8,27.6,0.0,0.0,29.5,56.9,3,43627.93,26.05,17.166666666666668,7,38,869.2833333333333,33.1,17.0,1,0,0,0
2019-10-22,29.5,15.2,22.6,0.2,0.2,27.7,56.9,51,43200.0,25.01,36.0,10,76,869.0625,27.1,12.9,0,0,0,0
2019-10-23,29.5,12.9,21.0,0.0,0.0,25.7,54.4,3,43319.23,23.79,55.125,25,88,868.5583333333334,28.2,11.5,0,0,0,0
2019-10-24,34.7,17.1,26.6,0.0,0.0,24.3,54.4,3,42905.59,25.33,29.25,8,53,870.1875,31.9,15.8,0,0,0,0
2019-10-25,31.4,19.7,25.1,2.1,2.1,30.6,60.8,53,38324.25,22.32,46.916666666666664,24,73,872.4791666666666,29.3,19.3,0,0,0,0
2019-10-26,32.1,19.8,24.6,1.9,1.9,22.1,50.8,53,40554.44,20.29,48.583333333333336,25,70,871.7833333333333,30.4,18.7,1,0,0,0
2019-10-27,33.3,17.1,25.8,0.0,0.0,24.6,49.0,2,44274.42,26.28,39.5,16,73,869.375,31.9,16.7,1,0,0,0
2019-10-28,35.3,18.4,26.6,0.0,0.0,28.5,66.6,2,44778.26,28.13,24.541666666666668,9,51,865.8083333333334,31.2,13.8,1,0,0,0
2019-10-29,27.4,12.2,19.8,0.0,0.0,23.1,44.3,1,45284.09,30.36,17.125,7,35,869.6666666666666,27.4,6.5,0,0,0,0
2019-10-30,28.9,12.9,20.7,0.0,0.0,19.5,39.2,3,43200.0,26.55,27.083333333333332,5,73,873.0583333333334,26.3,9.1,0,0,0,0
2019-10-31,27.3,14.9,20.9,0.5,0.5,22.0,41.4,51,38220.8,22.05,45.166666666666664,11,83,875.4166666666666,27.3,10.0,0,0,0,0
2019-11-01,28.1,15.6,21.2,0.0,0.0,23.4,44.6,3,41546.7,21.39,58.916666666666664,31,86,875.9916666666667,27.9,14.6,0,0,0,0
2019-11-02,25.3,14.6,19.2,15.9,15.9,18.4,39.6,63,30766.89,20.71,66.83333333333333,42,90,874.8458333333333,24.7,14.0,0,0,0,0
2019-11-03,30.4,17.1,23.5,0.0,0.0,12.4,23.4,3,45467.2,27.98,43.125,22,69,873.8249999999999,31.5,15.9,0,0,0,0
2019-11-04,31.8,18.0,24.7,0.0,0.0,19.2,37.4,3,45295.52,27.74,36.333333333333336,14,54,875.5749999999999,31.8,15.1,0,0,0,0
2019-11-05,29.6,16.6,22.7,0.0,0.0,17.9,38.2,3,44998.15,22.44,49.75,25,80,876.0958333333333,28.9,15.8,0,0,0,0
2019-11-06,31.5,16.2,23.7,0.0,0.0,17.2,38.2,2,45773.46,29.2,41.916666666666664,17,76,872.7958333333332,30.4,15.3,0,0,0,0
2019-11-07,33.3,16.8,25.0,0.0,0.0,17.4,40.3,3,45688.35,27.81,30.625,12,61,870.8125,31.4,14.5,0,0,0,0
2019-11-08,32.2,20.2,25.5,0.0,0.0,23.3,42.8,3,30957.94,18.49,33.375,16,67,872.8125,28.7,17.4,1,0,0,0
2019-11-09,28.4,16.6,22.2,0.0,0.0,22.5,50.8,3,41554.48,27.12,53.75,32,75,874.4958333333334,27.8,15.3,0,0,0,0
2019-11-10,29.8,14.1,20.8,0.0,0.0,25.4,53.6,3,43495.71,23.13,60.333333333333336,32,89,871.9833333333332,28.5,12.3,0,0,0,0
2019-11-11,28.1,15.9,22.5,0.5,0.5,17.5,40.0,51,44569.41,26.58,59.166666666666664,34,92,870.4708333333333,28.4,16.7,0,0,0,0
2019-11-12,26.8,16.1,20.9,0.3,0.3,21.3,40.3,51,35377.91,19.48,68.04166666666667,37,91,870.6416666666668,26.6,15.9,0,0,0,0
2019-11-13,27.0,15.1,21.1,2.6,2.6,17.6,39.2,53,40749.53,24.29,66.08333333333333,36,95,870.4166666666666,27.0,14.7,0,0,0,0
2019-11-14,26.6,14.5,19.6,7.8,7.8,23.4,62.6,63,42807.14,19.2,59.791666666666664,22,93,868.1833333333334,22.9,12.5,0,0,0,0
2019-11-15,27.1,11.4,19.9,0.0,0.0,21.9,41.0,0,46682.64,31.37,46.166666666666664,21,91,867.0541666666667,27.2,9.5,0,0,0,0
2019-11-16,28.5,13.6,21.5,0.0,0.0,20.4,36.4,3,46091.42,27.63,45.0,22,80,866.6166666666667,29.4,11.9,0,0,0,0
2019-11-17,31.1,15.4,23.5,0.0,0.0,21.3,49.7,2,46416.7,27.64,43.416666666666664,17,84,865.8874999999999,29.0,14.8,0,0,0,0
2019-11-18,30.3,17.5,22.4,5.5,5.5,31.9,66.2,61,41131.09,25.24,56.25,25,94,868.7291666666666,29.1,15.6,0,0,0,0
2019-11-19,27.8,14.9,21.8,0.3,0.3,21.2,51.1,51,38723.93,21.96,66.83333333333333,39,98,871.2291666666666,28.1,15.8,0,0,0,0
2019-11-20,28.7,16.2,20.8,11.5,11.5,26.5,53.3,63,34295.97,21.99,77.25,42,96,870.35,30.5,16.8,0,0,0,0
2019-11-21,25.8,16.6,20.5,9.0,9.0,16.3,45.7,63,43568.27,24.0,77.625,50,98,869.65,27.0,17.8,0,0,0,0
2019-11-22,28.8,14.4,22.0,0.0,0.0,15.3,35.3,3,47492.71,28.94,60.541666666666664,29,93,869.6958333333333,30.1,14.7,0,0,0,0
2019-11-23,30.2,15.0,23.0,0.4,0.4,19.4,44.3,51,46938.22,28.45,58.291666666666664,30,83,870.3666666666667,31.6,14.2,0,0,0,0
2019-11-24,30.2,14.7,22.4,0.0,0.0,20.4,44.3,1,48026.61,30.85,60.0,24,98,871.0583333333334,30.1,15.3,0,0,0,0
2019-11-25,31.2,14.2,23.3,0.0,0.0,19.5,40.7,1,48259.19,30.37,45.375,21,91,871.15,31.6,11.5,1,0,0,0
2019-11-26,29.0,16.5,23.3,0.0,0.0,14.7,31.3,2,48007.49,26.26,56.5,31,95,873.5500000000001,31.8,17.2,0,0,0,0
2019-11-27,31.4,17.1,24.3,0.0,0.0,16.3,33.5,2,47444.8,29.46,53.875,25,91,874.3458333333333,32.8,17.6,0,0,0,0
2019-11-28,32.4,17.2,25.4,0.0,0.0,13.5,28.1,2,47155.11,29.46,43.125,22,72,874.3333333333334,34.3,16.7,0,0,0,0
2019-11-29,33.3,17.3,25.6,0.0,0.0,17.5,40.7,3,47415.81,31.51,32.875,13,64,874.275,31.6,16.4,1,0,0,0
2019-11-30,32.8,17.0,25.3,0.0,0.0,18.2,39.6,3,48507.89,32.4,27.5,12,53,872.9958333333334,31.4,15.1,1,0,0,0
2019-12-01,32.8,16.2,25.6,0.0,0.0,17.4,40.0,0,48551.98,32.34,23.625,13,41,873.3833333333333,31.2,12.9,1,0,0,0
2019-12-02,32.2,17.0,25.1,0.0,0.0,17.8,39.6,3,48593.97,31.64,40.083333333333336,22,71,872.9791666666666,32.5,16.2,1,0,0,0
2019-12-03,33.4,19.4,26.9,0.0,0.0,26.8,51.8,3,46787.32,28.81,36.0,19,55,870.8666666666667,34.3,18.1,1,0,0,0
2019-12-04,23.4,12.9,16.2,21.8,21.8,27.5,50.4,63,5068.35,8.88,82.25,53,91,873.6333333333333,20.7,10.0,0,0,1,0
2019-12-05,15.9,11.1,13.0,25.2,25.2,16.5,34.9,61,0.0,6.21,89.83333333333333,74,99,875.6,14.4,8.5,0,0,1,0
2019-12-06,19.0,12.1,14.9,5.2,5.2,13.6,29.5,61,5183.89,10.78,87.625,68,98,872.3666666666667,18.2,11.2,0,0,0,0
2019-12-07,17.9,14.2,16.1,10.5,10.5,10.7,23.0,61,4280.05,6.94,89.375,79,97,868.6541666666667,18.8,14.0,0,0,0,0
2019-12-08,21.1,14.0,17.4,17.3,17.3,14.9,33.5,63,10424.94,10.81,93.04166666666667,81,100,867.0,22.8,14.2,0,0,0,0
2019-12-09,19.8,15.9,17.2,38.9,38.9,21.1,42.8,63,8406.27,9.73,92.79166666666667,80,99,867.5375,20.5,15.5,0,0,1,0
2019-12-10,19.3,13.9,16.0,25.4,25.4,15.5,32.4,63,4841.25,7.21,91.25,82,98,869.3416666666667,19.8,12.9,0,0,1,0
2019-12-11,24.4,13.4,18.8,0.4,0.4,14.5,33.1,51,45298.53,26.85,71.41666666666667,45,98,868.3666666666667,25.7,13.7,0,0,0,0
2019-12-12,25.5,14.1,19.9,0.0,0.0,19.9,35.6,1,48904.31,28.04,62.208333333333336,38,90,870.2416666666667,27.0,12.1,0,0,0,0
2019-12-13,24.0,15.2,18.9,2.6,2.6,16.3,34.2,53,30527.81,17.91,78.79166666666667,58,95,873.1166666666667,24.9,14.5,0,0,0,0
2019-12-14,26.2,13.9,19.8,0.0,0.0,16.6,36.0,3,48943.0,26.25,74.875,52,97,872.6833333333334,28.5,13.8,0,0,0,0
2019-12-15,29.1,16.8,22.8,0.0,0.0,25.8,65.5,1,48959.21,30.41,57.041666666666664,28,91,870.9875000000001,29.4,14.1,0,0,0,0
2019-12-16,27.3,14.1,20.5,0.0,0.0,22.6,39.6,3,45882.74,28.38,51.375,29,78,872.225,27.7,9.6,0,0,0,0
2019-12-17,25.2,12.8,18.9,0.0,0.0,15.1,31.7,3,48296.03,22.53,71.45833333333333,50,91,873.4666666666667,26.2,11.7,0,0,0,0
2019-12-18,27.5,14.6,21.7,0.7,0.7,15.9,34.6,51,48894.27,27.04,62.708333333333336,36,90,870.8833333333333,27.3,14.5,0,0,0,0
2019-12-19,28.7,18.0,23.5,0.0,0.0,13.4,33.1,3,47539.16,26.02,62.083333333333336,41,79,870.35,31.5,17.9,0,0,0,0
2019-12-20,31.4,18.8,24.9,1.2,1.2,16.3,31.3,55,49007.89,28.84,58.416666666666664,30,81,872.0041666666666,33.8,19.5,0,0,0,0
2019-12-21,29.0,18.8,23.7,0.1,0.1,15.3,33.5,51,46723.42,27.55,65.91666666666667,49,83,873.7875,32.7,19.7,0,0,0,0
2019-12-22,29.3,19.2,23.1,0.1,0.1,24.1,51.8,51,42773.05,25.16,61.5,32,80,875.8208333333333,30.8,18.1,0,0,0,0
2019-12-23,26.5,16.7,21.3,0.5,0.5,16.6,32.4,51,48558.7,27.77,72.33333333333333,49,89,875.3000000000001,29.2,16.5,0,0,0,0
2019-12-24,28.5,17.5,22.9,0.2,0.2,12.6,30.6,51,46634.53,28.43,62.458333333333336,39,87,872.5625,30.8,18.1,0,0,0,0
2019-12-25,31.2,18.9,25.0,0.0,0.0,14.4,32.4,3,48077.61,29.04,54.666666666666664,31,77,871.0833333333334,32.5,19.3,0,0,0,0
2019-12-26,31.8,20.4,25.7,0.1,0.1,15.4,29.9,51,48992.12,29.65,52.375,32,77,871.3583333333332,33.9,20.9,0,0,0,0
2019-12-27,31.5,20.0,25.2,0.5,0.5,19.6,37.8,51,47874.98,25.17,53.208333333333336,32,73,872.1541666666667,33.2,20.4,1,0,0,0
2019-12-28,26.9,17.0,20.8,0.2,0.2,19.8,39.2,51,42063.89,23.16,67.375,46,84,873.8125,28.3,15.1,0,0,0,0
2019-12-29,24.6,15.6,19.8,1.5,1.5,17.4,36.4,53,19816.09,14.61,68.54166666666667,49,88,872.0083333333333,23.1,15.0,0,0,0,0
2019-12-30,27.2,17.3,22.1,1.0,1.0,15.9,36.7,51,46682.13,24.84,66.04166666666667,47,88,870.775,28.3,17.6,0,0,0,0
2019-12-31,28.6,18.9,23.5,2.8,2.8,17.6,31.3,61,44810.86,25.66,62.5,45,86,871.0875,31.5,18.7,0,0,0,0
2020-01-01,27.6,18.6,22.8,3.0,3.0,18.8,39.6,61,44181.14,22.65,70.91666666666667,49,93,872.1999999999999,30.6,20.0,0,0,0,0
2020-01-02,29.2,17.5,23.6,0.0,0.0,9.2,28.1,3,46676.64,29.32,60.875,39,87,872.1333333333333,33.5,18.9,0,0,0,0
2020-01-03,30.4,18.6,24.0,0.9,0.9,17.9,37.8,53,47852.79,27.82,60.791666666666664,34,86,873.8291666666668,32.6,17.9,0,0,0,0
2020-01-04,29.4,17.2,22.9,0.9,0.9,14.3,33.8,53,46768.66,28.64,64.83333333333333,43,92,873.2916666666666,31.9,16.4,0,0,0,0
2020-01-05,28.0,17.4,22.8,0.0,0.0,16.9,37.1,3,40900.34,25.96,61.25,37,86,871.1208333333334,30.0,17.5,0,0,0,0
2020-01-06,31.0,18.2,24.2,0.7,0.7,16.9,34.2,53,48228.76,26.3,55.625,27,76,870.7041666666668,32.3,18.3,0,0,0,0
2020-01-07,29.0,19.2,23.5,1.0,1.0,23.7,46.8,51,43140.11,25.05,57.541666666666664,32,82,871.4833333333332,28.5,19.3,0,0,0,0
2020-01-08,28.4,19.2,22.9,0.0,0.0,18.8,42.1,3,38386.11,23.23,54.416666666666664,40,69,871.3291666666668,29.0,18.6,0,0,0,0
2020-01-09,26.1,19.5,22.2,12.5,12.5,16.2,38.9,63,37737.32,18.15,73.16666666666667,54,89,871.0749999999999,28.3,20.5,0,0,0,0
2020-01-10,26.6,17.9,20.9,21.4,21.4,20.3,38.9,63,27318.21,16.02,79.66666666666667,57,93,873.1083333333332,28.7,16.6,0,0,1,0
2020-01-11,25.0,17.0,20.6,1.7,1.7,18.9,35.6,55,45497.22,24.08,72.5,56,86,875.0958333333333,27.5,15.8,0,0,0,0
2020-01-12,27.8,15.6,21.3,0.9,0.9,11.0,27.7,51,47549.58,27.42,73.41666666666667,45,92,873.7166666666667,30.8,16.6,0,0,0,0
2020-01-13,25.3,16.9,20.7,5.8,5.8,11.6,34.2,63,46233.74,23.22,78.16666666666667,60,96,872.3583333333332,29.1,17.8,0,0,0,0
2020-01-14,24.5,15.0,20.3,0.4,0.4,16.4,29.2,51,47034.41,27.17,69.83333333333333,51,93,872.2458333333334,28.5,13.7,0,0,0,0
2020-01-15,26.8,15.3,21.0,0.0,0.0,13.0,28.8,2,47327.82,29.25,62.625,36,94,873.4375,28.5,15.4,0,0,0,0
2020-01-16,27.5,14.5,21.4,0.0,0.0,13.5,30.6,1,47343.41,32.35,54.041666666666664,29,88,873.3249999999999,28.8,14.5,0,0,0,0
2020-01-17,27.9,15.4,22.0,0.0,0.0,13.6,24.5,3,47357.69,29.22,59.583333333333336,36,93,870.8000000000001,29.8,15.5,0,0,0,0
2020-01-18,23.0,18.8,20.5,7.5,7.5,12.9,26.6,53,15409.3,11.35,78.16666666666667,58,89,867.6666666666666,24.2,19.3,0,0,0,0
2020-01-19,27.1,17.8,21.1,0.9,0.9,21.7,39.6,51,46731.09,26.28,73.41666666666667,52,90,867.5625,30.0,15.9,0,0,0,0
2020-01-20,25.0,14.6,20.0,0.1,0.1,22.7,42.5,51,43120.26,23.21,65.58333333333333,49,82,872.1333333333333,26.4,12.0,0,0,0,0
2020-01-21,26.4,14.1,19.6,0.7,0.7,9.7,25.9,51,32307.45,18.53,76.08333333333333,48,93,871.9375,28.0,14.2,0,0,0,0
2020-01-22,27.5,15.1,21.2,0.3,0.3,14.1,31.7,51,45596.0,23.8,67.25,36,98,870.1333333333333,29.1,16.1,0,0,0,0
2020-01-23,29.4,16.1,22.5,1.2,1.2,20.8,42.5,55,46679.37,29.41,64.29166666666667,24,96,869.8541666666666,30.6,16.8,0,0,0,0
2020-01-24,25.1,17.2,19.6,3.9,3.9,20.4,40.3,61,32328.33,17.48,75.75,59,92,873.8958333333334,26.4,16.7,0,0,0,0
2020-01-25,23.9,16.4,19.0,8.1,8.1,20.3,41.8,61,21445.27,15.17,79.29166666666667,48,97,873.1583333333333,23.6,16.8,0,0,0,0
2020-01-26,27.2,13.9,21.1,0.0,0.0,18.8,43.2,2,46626.21,28.75,67.95833333333333,42,95,871.2208333333333,28.5,13.7,0,0,0,0
2020-01-27,29.9,16.6,22.9,2.3,2.3,15.6,38.9,61,46605.85,30.62,64.33333333333333,26,92,872.4458333333333,31.2,17.2,0,0,0,0
2020-01-28,25.0,15.9,19.9,0.5,0.5,15.5,33.5,51,29471.83,20.37,67.875,40,89,874.0,25.5,15.2,0,0,0,0
2020-01-29,27.5,15.6,21.8,0.0,0.0,11.0,27.0,1,46561.22,29.37,60.833333333333336,40,88,873.6166666666667,30.3,15.7,0,0,0,0
2020-01-30,28.6,17.2,22.7,0.3,0.3,15.1,33.5,51,46537.0,25.95,58.541666666666664,34,77,875.7916666666666,30.0,17.2,0,0,0,0
2020-01-31,28.5,14.9,22.1,0.0,0.0,11.5,28.1,2,46511.5,30.7,54.25,29,89,876.0375,30.2,15.0,0,0,0,0
2020-02-01,31.6,15.7,23.9,0.0,0.0,15.2,32.4,2,46484.77,28.11,46.291666666666664,22,72,874.775,33.1,15.1,0,0,0,0
2020-02-02,30.0,16.3,23.3,0.0,0.0,14.1,31.7,1,46456.79,28.88,53.791666666666664,25,91,876.4375,31.1,16.8,0,0,0,0
2020-02-03,28.5,14.5,22.1,0.0,0.0,11.8,29.5,1,46427.46,29.53,53.041666666666664,29,88,876.1999999999999,30.6,14.5,0,0,0,0
2020-02-04,28.0,16.1,22.2,0.0,0.0,12.3,29.9,1,46396.45,27.13,50.5,31,68,873.9041666666667,29.9,14.7,0,0,0,0
2020-02-05,30.1,17.9,24.1,0.1,0.1,13.3,31.7,51,46363.82,26.11,50.0,28,79,872.6541666666667,30.4,17.5,0,0,0,0
2020-02-06,28.2,18.7,22.6,1.1,1.1,25.1,50.8,55,34718.41,20.84,61.041666666666664,43,74,872.1750000000001,30.2,19.1,0,0,0,0
2020-02-07,29.6,18.1,22.5,10.5,10.5,21.9,42.1,63,44564.55,26.18,66.79166666666667,35,93,872.8416666666667,30.8,18.7,0,0,0,0
2020-02-08,23.5,16.7,19.4,24.0,24.0,22.2,40.3,63,11889.93,12.37,88.125,56,97,872.4541666666668,25.8,17.5,0,0,1,0
2020-02-09,25.3,15.4,20.4,1.3,1.3,16.0,31.3,51,42618.55,21.75,79.29166666666667,53,98,871.4833333333332,27.1,16.0,0,0,0,0
2020-02-10,25.6,17.1,20.8,1.6,1.6,24.9,47.9,53,45698.09,20.57,76.0,55,96,871.65,26.4,15.1,0,0,0,0
2020-02-11,25.7,15.5,19.0,0.2,0.2,26.7,50.8,51,41090.78,24.72,68.08333333333333,46,82,873.5541666666667,25.9,13.1,0,0,0,0
2020-02-12,24.5,14.3,18.6,0.0,0.0,20.7,37.1,3,37758.53,22.91,71.625,52,94,873.6791666666667,26.8,11.8,0,0,0,0
2020-02-13,25.6,14.5,20.4,0.7,0.7,9.7,26.6,51,46053.18,24.1,72.33333333333333,46,98,872.4208333333332,27.7,15.0,0,0,0,0
2020-02-14,28.9,15.8,22.8,0.0,0.0,9.5,19.4,1,46009.23,26.19,61.708333333333336,36,91,871.8166666666666,32.6,16.1,0,0,0,0
2020-02-15,29.0,16.2,22.6,0.0,0.0,11.4,26.6,2,45964.38,27.48,61.916666666666664,32,90,873.7375000000001,30.4,16.5,0,0,0,0
2020-02-16,27.6,15.8,22.2,0.0,0.0,14.7,29.9,1,45918.68,28.02,58.833333333333336,36,91,874.1291666666666,29.4,15.3,0,0,0,0
2020-02-17,29.0,15.9,23.3,0.0,0.0,8.8,25.6,3,45872.21,24.55,58.333333333333336,36,92,872.9208333333332,32.1,16.5,0,0,0,0
2020-02-18,28.4,19.4,23.1,0.4,0.4,19.7,38.5,51,45281.98,20.98,60.541666666666664,39,84,874.5500000000001,28.6,19.5,0,0,0,0
2020-02-19,28.2,18.3,22.4,1.0,1.0,14.4,29.9,53,43990.55,23.18,63.833333333333336,38,84,874.9791666666666,29.6,18.9,0,0,0,0
2020-02-20,28.7,17.8,23.4,0.1,0.1,17.8,37.8,51,39600.0,23.39,59.541666666666664,35,90,873.0833333333334,28.8,18.9,0,0,0,0
2020-02-21,30.0,18.1,23.3,2.0,2.0,14.9,29.9,55,39845.92,22.54,65.54166666666667,39,86,872.4,33.0,19.2,0,0,0,0
2020-02-22,26.0,19.0,21.3,5.4,5.4,18.5,39.2,61,27798.75,14.12,81.83333333333333,57,97,871.3166666666666,27.0,20.1,0,0,0,0
2020-02-23,24.0,15.9,20.2,35.8,35.8,24.3,46.8,65,25056.7,13.79,74.45833333333333,58,92,871.7166666666667,25.6,12.7,0,0,1,0
2020-02-24,25.3,13.2,18.7,0.0,0.0,21.4,43.2,3,45088.62,27.89,60.125,36,77,875.3541666666666,26.4,9.9,0,0,0,0
2020-02-25,25.5,12.9,18.5,0.0,0.0,11.2,22.7,3,39586.78,22.35,68.20833333333333,37,97,874.2083333333334,27.2,13.0,0,0,0,0
2020-02-26,27.6,13.3,20.3,0.0,0.0,11.1,22.7,1,45261.84,28.25,60.333333333333336,33,89,872.275,29.8,12.6,0,0,0,0
2020-02-27,28.6,16.1,22.8,0.0,0.0,16.8,30.2,3,45172.6,27.28,51.25,31,78,871.4666666666667,30.2,16.4,0,0,0,0
2020-02-28,28.3,16.1,21.5,4.5,4.5,30.6,59.4,61,39857.38,18.09,64.16666666666667,39,80,873.4458333333333,28.9,13.3,0,0,0,0
2020-02-29,22.1,14.2,17.7,0.1,0.1,23.9,45.0,51,33398.58,16.01,67.125,51,79,876.1791666666667,21.4,11.6,0,0,0,0
2020-03-01,20.4,12.6,16.9,0.0,0.0,13.6,29.2,3,16578.29,11.58,71.0,55,90,874.7958333333332,19.9,11.7,0,0,0,0
2020-03-02,19.9,14.1,16.3,15.5,15.5,11.9,31.7,63,4972.34,9.05,86.625,70,96,873.0291666666667,19.7,14.6,0,0,0,0
2020-03-03,23.5,11.6,17.6,0.6,0.6,13.1,24.8,51,41550.35,21.45,73.91666666666667,44,96,874.3291666666668,24.3,11.1,0,0,0,0
2020-03-04,25.5,12.9,19.0,0.0,0.0,14.5,33.1,1,44200.36,26.51,64.0,31,93,876.8708333333334,26.2,12.6,0,0,0,0
2020-03-05,27.4,12.3,19.4,0.0,0.0,12.6,26.6,2,43941.06,25.88,60.041666666666664,32,89,876.0916666666667,27.6,11.4,0,0,0,0
2020-03-06,25.8,12.9,19.6,0.0,0.0,17.1,32.8,0,43938.38,27.89,51.541666666666664,27,87,876.225,25.9,11.8,0,0,0,0
2020-03-07,25.2,12.1,19.1,0.0,0.0,17.5,36.7,1,43425.18,27.23,57.5,33,91,876.4250000000001,26.0,10.3,0,0,0,0
2020-03-08,27.3,13.4,20.3,0.0,0.0,9.4,29.5,3,39784.3,20.79,53.708333333333336,29,87,874.8874999999999,27.6,12.9,0,0,0,0
2020-03-09,28.1,13.9,21.1,0.0,0.0,11.1,23.0,2,43167.57,23.98,50.458333333333336,26,83,873.1708333333332,28.2,13.4,0,0,0,0
2020-03-10,27.6,14.6,21.6,0.0,0.0,14.3,29.5,2,42620.3,23.77,51.166666666666664,29,82,872.0166666666668,28.6,14.1,0,0,0,0
2020-03-11,28.9,15.9,22.3,0.0,0.0,16.5,33.5,2,42656.67,22.81,53.333333333333336,31,75,871.9666666666667,30.1,15.4,0,0,0,0
2020-03-12,27.6,18.1,22.1,0.0,0.0,16.6,36.7,1,42560.01,21.97,57.041666666666664,37,78,873.7958333333332,29.4,17.6,0,0,0,0
2020-03-13,26.5,16.1,19.7,0.6,0.6,14.3,36.7,51,28805.75,18.23,66.91666666666667,41,91,873.8375,26.7,16.3,0,0,0,0
2020-03-14,27.5,14.5,21.2,0.0,0.0,16.5,34.9,1,42500.32,22.12,54.833333333333336,31,84,872.9125,27.6,13.1,0,0,0,0
2020-03-15,29.0,16.2,22.8,0.0,0.0,17.7,32.4,1,42470.82,25.93,43.583333333333336,25,69,872.3458333333333,28.5,14.6,0,0,0,0
2020-03-16,26.4,15.4,21.0,0.6,0.6,26.8,48.6,51,42441.68,18.48,61.166666666666664,38,95,873.5625,26.3,13.8,0,0,0,0
2020-03-17,24.2,14.5,18.4,1.1,1.1,25.8,48.6,51,24291.94,17.02,64.08333333333333,43,91,875.5791666666668,23.0,11.4,0,0,0,0
2020-03-18,23.5,15.6,18.9,2.3,2.3,14.1,33.5,53,38715.41,15.75,74.66666666666667,50,96,873.8083333333334,24.0,16.3,0,0,0,0
2020-03-19,28.5,13.9,20.9,0.1,0.1,12.6,21.2,51,42356.04,21.78,58.541666666666664,29,92,872.6875,28.6,13.3,0,0,0,0
2020-03-20,27.7,15.3,21.3,0.0,0.0,12.8,32.4,2,42328.0,23.56,60.708333333333336,34,90,873.7541666666666,27.7,15.6,0,0,0,0
2020-03-21,29.0,15.9,21.4,2.9,2.9,21.9,48.2,61,42300.16,20.98,62.958333333333336,29,92,874.1125000000001,28.3,15.8,0,0,0,0
2020-03-22,22.4,15.7,18.4,2.7,2.7,11.0,23.4,61,19164.29,12.28,78.70833333333333,54,96,875.5333333333333,23.0,15.2,0,0,0,0
2020-03-23,25.6,14.9,19.5,2.3,2.3,13.2,27.4,61,42244.98,18.13,66.54166666666667,41,87,875.625,25.5,14.6,0,0,0,0
2020-03-24,27.2,14.4,20.8,0.1,0.1,16.3,34.9,51,42217.6,20.97,58.625,30,88,873.7416666666667,26.0,14.0,0,0,0,0
2020-03-25,28.0,14.8,21.4,0.0,0.0,18.0,37.1,2,42190.3,20.58,56.291666666666664,31,88,870.5124999999999,27.6,14.6,0,0,0,0
2020-03-26,29.0,15.8,21.9,0.8,0.8,17.3,37.1,53,38784.14,17.48,52.5,27,71,867.9041666666667,27.9,14.9,0,0,0,0
2020-03-27,26.6,14.9,18.7,5.9,5.9,21.2,50.0,61,42135.89,18.94,67.54166666666667,29,90,872.3041666666667,26.3,12.9,0,0,0,0
2020-03-28,20.0,12.8,16.4,1.1,1.1,17.9,37.1,51,23451.8,11.39,79.83333333333333,61,97,875.4250000000001,19.9,12.6,0,0,0,0
2020-03-29,24.8,11.6,18.7,0.0,0.0,14.4,32.4,3,42081.52,21.31,66.875,44,93,873.7291666666666,25.8,10.6,0,0,0,0
2020-03-30,25.4,15.1,19.4,0.0,0.0,13.1,31.3,3,31065.81,17.81,66.41666666666667,46,85,872.5291666666667,25.9,14.7,0,0,0,0
2020-03-31,24.3,15.4,19.7,0.0,0.0,13.9,28.1,3,37077.53,16.78,63.958333333333336,46,85,873.2291666666666,24.6,15.2,0,0,0,0
2020-04-01,26.4,15.1,20.4,3.2,3.2,26.2,50.4,55,35795.5,18.36,61.75,39,87,874.8874999999999,26.4,12.4,0,0,0,0
2020-04-02,20.2,13.1,16.0,1.9,1.9,23.1,44.6,53,21652.75,10.71,70.08333333333333,54,86,876.8083333333334,18.6,10.2,0,0,0,0
2020-04-03,19.5,11.4,15.2,9.8,9.8,13.6,26.3,61,14559.02,9.62,73.625,49,92,876.0458333333332,17.7,8.9,0,0,0,0
2020-04-04,15.6,11.8,14.2,35.7,35.7,6.6,21.2,63,1081.98,3.25,92.83333333333333,85,98,873.1041666666666,16.1,11.5,0,0,1,0
2020-04-05,23.6,10.0,16.1,0.0,0.0,13.9,28.8,3,41720.84,20.01,70.04166666666667,36,97,870.6708333333332,21.8,9.2,0,0,0,0
2020-04-06,24.6,12.2,18.4,0.0,0.0,14.8,33.1,2,41632.5,22.56,58.708333333333336,35,83,869.3041666666667,23.8,10.7,0,0,0,0
2020-04-07,25.6,14.2,19.2,0.0,0.0,18.3,34.2,3,41544.17,22.44,48.0,31,69,869.3833333333333,24.0,11.7,0,0,0,0
2020-04-08,22.4,12.9,17.1,0.2,0.2,22.5,46.1,51,31607.12,14.01,63.958333333333336,48,85,873.9499999999999,20.0,8.9,0,0,0,0
2020-04-09,20.5,13.2,16.4,0.2,0.2,20.6,41.0,51,13329.12,10.05,76.70833333333333,58,90,878.3916666666668,19.8,11.8,0,0,0,0
2020-04-10,20.6,11.2,15.8,0.3,0.3,12.4,28.8,51,21399.15,11.97,80.125,57,98,877.9041666666667,19.4,10.6,0,0,0,0
2020-04-11,23.7,12.5,17.6,0.0,0.0,11.1,27.7,3,40601.55,20.59,72.29166666666667,46,94,875.0749999999999,24.1,12.1,0,0,0,0
2020-04-12,26.0,13.9,19.9,0.0,0.0,19.6,39.2,3,38939.28,20.58,57.791666666666664,35,83,872.5124999999999,24.6,12.5,0,0,0,0
2020-04-13,26.6,15.5,20.3,0.0,0.0,15.4,32.8,2,39997.25,18.13,57.083333333333336,30,73,872.15,26.4,13.8,0,0,0,0
2020-04-14,23.6,14.3,18.2,21.6,21.6,22.9,61.9,63,32421.91,15.48,78.5,54,95,871.4,22.6,14.7,0,0,1,0
2020-04-15,21.5,13.4,16.4,0.5,0.5,19.5,40.3,51,33028.36,16.7,74.20833333333333,43,99,871.3416666666667,19.6,10.4,0,0,0,0
2020-04-16,22.3,10.4,15.9,0.0,0.0,19.4,33.8,1,40760.27,20.23,59.25,38,77,871.4625,21.9,7.3,0,0,0,0
2020-04-17,23.6,10.5,16.5,0.0,0.0,20.4,36.0,2,40675.53,20.65,58.041666666666664,38,80,873.5291666666667,22.5,6.3,0,0,0,0
2020-04-18,22.4,12.1,16.8,0.0,0.0,15.9,33.5,3,33725.06,15.44,75.0,46,97,877.1625,22.7,11.5,0,0,0,0
2020-04-19,21.1,12.3,16.3,0.9,0.9,11.6,25.2,51,29479.42,14.02,77.79166666666667,54,96,878.4791666666666,22.1,12.0,0,0,0,0
2020-04-20,22.4,10.3,16.2,0.0,0.0,8.8,26.3,1,39986.46,18.63,76.08333333333333,48,95,875.9666666666667,23.4,9.3,0,0,0,0
2020-04-21,25.6,10.7,17.4,0.0,0.0,16.1,31.3,0,39952.09,20.08,52.416666666666664,23,80,873.8208333333333,24.7,9.4,0,0,0,0
2020-04-22,24.4,10.6,16.8,0.0,0.0,11.9,24.1,0,39655.49,19.59,55.75,34,88,875.4499999999999,23.5,8.7,0,0,0,0
2020-04-23,23.2,10.8,17.1,0.0,0.0,8.9,22.7,3,39464.65,19.16,58.666666666666664,39,87,876.3625000000001,23.3,9.5,0,0,0,0
2020-04-24,22.6,10.6,16.9,0.0,0.0,9.9,24.8,2,39513.09,18.89,61.25,40,87,874.4708333333333,22.2,9.0,0,0,0,0
2020-04-25,22.9,13.3,17.6,0.3,0.3,15.4,27.4,51,38766.25,16.94,57.291666666666664,37,77,872.4499999999999,21.5,12.4,0,0,0,0
2020-04-26,21.0,12.6,16.1,5.6,5.6,21.1,42.5,61,34467.53,13.9,74.58333333333333,51,88,874.7624999999999,20.1,10.9,0,0,0,0
2020-04-27,18.6,11.6,14.8,2.7,2.7,16.9,32.4,61,16737.8,9.32,83.58333333333333,65,95,875.8166666666666,17.4,11.1,0,0,0,0
2020-04-28,15.9,12.0,13.5,26.9,26.9,25.1,45.0,65,10936.42,6.7,84.58333333333333,70,94,874.2791666666667,14.8,9.0,0,0,1,0
2020-04-29,18.2,10.1,13.3,0.8,0.8,18.7,38.2,51,30151.9,12.83,73.70833333333333,48,95,873.6291666666666,15.7,7.9,0,0,0,0
2020-04-30,21.1,9.2,14.4,0.0,0.0,18.0,31.7,0,38884.02,18.98,61.083333333333336,37,77,874.7583333333333,20.1,5.4,0,0,0,0
2020-05-01,23.2,10.9,15.9,0.0,0.0,17.3,31.0,3,38857.13,19.09,55.5,31,75,876.6291666666666,22.0,7.3,0,0,0,0
2020-05-02,22.2,9.9,15.6,0.0,0.0,14.9,29.9,3,38556.07,18.87,54.125,33,73,875.8583333333332,20.5,7.0,0,0,0,0
2020-05-03,23.5,11.3,16.5,0.0,0.0,15.1,27.4,0,38537.63,19.04,50.333333333333336,27,74,874.0083333333333,21.8,8.1,0,0,0,0
2020-05-04,23.4,11.8,17.2,0.0,0.0,17.4,31.0,0,38375.38,18.64,47.208333333333336,28,73,875.7666666666668,22.3,8.2,0,0,0,0
2020-05-05,22.5,9.6,15.5,0.0,0.0,16.2,28.4,3,37609.44,17.33,67.125,37,96,877.8125,21.1,8.0,0,0,0,0
2020-05-06,23.6,10.9,16.6,0.0,0.0,17.5,31.7,0,38461.87,18.5,41.166666666666664,20,59,876.9541666666668,21.6,7.6,0,0,0,0
2020-05-07,20.9,9.1,14.5,0.0,0.0,15.4,27.7,3,37691.17,16.89,63.333333333333336,36,93,877.5416666666666,20.1,6.5,0,0,0,0
2020-05-08,22.5,9.3,15.7,0.0,0.0,9.3,24.1,3,36916.24,17.87,61.541666666666664,35,85,877.2291666666666,21.2,7.7,0,0,0,0
2020-05-09,22.5,9.9,15.8,0.0,0.0,12.4,24.1,3,36000.0,16.46,60.041666666666664,37,83,877.975,21.9,7.3,0,0,0,0
2020-05-10,22.3,9.2,15.3,0.0,0.0,12.7,22.7,0,37265.82,17.92,55.875,24,91,878.7333333333332,20.3,7.4,0,0,0,0
2020-05-11,22.8,8.1,15.5,0.0,0.0,11.2,23.0,0,37303.26,17.83,51.625,25,78,876.2624999999999,20.9,6.2,0,0,0,0
2020-05-12,23.0,11.8,16.5,0.0,0.0,19.8,35.3,0,37066.2,17.75,43.041666666666664,25,62,873.3291666666668,20.9,7.5,0,0,0,0
2020-05-13,23.2,11.1,16.7,0.0,0.0,17.5,38.5,2,36279.25,17.43,38.958333333333336,20,58,872.4625,19.5,7.3,0,0,0,0
2020-05-14,21.0,9.6,15.4,0.0,0.0,20.6,37.4,0,37136.56,17.4,47.625,29,74,875.4833333333332,18.6,5.6,0,0,0,0
2020-05-15,19.9,7.8,13.6,0.0,0.0,21.4,43.2,3,36625.02,16.46,62.5,39,90,874.5583333333334,16.7,5.5,0,0,0,0
2020-05-16,22.8,9.4,15.6,0.0,0.0,16.9,30.6,0,36930.23,17.71,29.583333333333332,14,45,875.8041666666667,19.8,4.5,0,0,0,0
2020-05-17,19.9,6.8,13.0,0.0,0.0,12.5,31.0,2,36657.22,16.82,67.45833333333333,38,96,878.7333333333332,17.7,4.5,0,0,0,0
2020-05-18,23.5,9.5,15.7,0.0,0.0,13.3,31.7,0,36719.25,17.17,44.875,20,73,877.7083333333334,20.7,6.9,0,0,0,0
2020-05-19,21.9,9.0,15.6,0.0,0.0,17.9,32.8,3,34673.77,16.25,44.625,28,66,878.0500000000001,20.5,5.6,0,0,0,0
2020-05-20,21.3,8.6,14.8,0.0,0.0,10.0,23.8,3,36423.79,16.7,57.125,34,86,878.9916666666667,19.6,6.6,0,0,0,0
2020-05-21,19.0,7.7,13.2,0.0,0.0,10.3,22.0,0,36436.78,16.52,62.25,39,89,879.8125,17.7,5.9,0,0,0,0
2020-05-22,22.0,7.4,14.3,0.0,0.0,14.8,25.2,0,36449.17,16.46,50.875,23,86,878.4625,19.7,5.1,0,0,0,0
2020-05-23,21.0,7.3,14.2,0.0,0.0,19.7,36.7,0,36460.96,16.46,48.583333333333336,28,76,877.6166666666667,19.1,4.5,0,0,0,0
2020-05-24,20.3,7.7,13.9,0.0,0.0,12.5,25.9,0,36193.08,16.34,49.458333333333336,30,70,875.2208333333333,18.1,4.4,0,0,0,0
2020-05-25,20.6,9.1,14.1,0.0,0.0,24.0,47.9,2,36203.25,15.1,46.458333333333336,27,70,870.275,15.6,6.4,0,0,0,0
2020-05-26,18.8,5.8,12.4,0.0,0.0,25.4,46.4,0,36212.78,15.77,37.958333333333336,27,52,867.4208333333332,14.8,-0.7,0,0,0,0
2020-05-27,15.5,2.8,8.2,0.0,0.0,26.3,48.2,3,36000.0,16.76,33.083333333333336,13,50,872.0375,10.9,-3.2,0,0,0,1
2020-05-28,17.3,2.9,9.5,0.0,0.0,17.4,31.3,0,36230.05,16.57,35.416666666666664,17,54,873.2833333333333,13.1,-2.0,0,0,0,1
2020-05-29,21.1,6.6,13.1,0.0,0.0,17.6,36.0,2,36237.74,16.06,33.625,19,47,873.0083333333333,17.2,1.8,0,0,0,0
2020-05-30,22.0,9.1,14.3,0.0,0.0,19.1,33.5,0,36244.85,15.97,41.291666666666664,25,62,875.5291666666667,19.4,4.3,0,0,0,0
2020-05-31,22.4,6.7,13.9,0.0,0.0,10.1,23.0,0,36251.3,16.0,49.708333333333336,26,70,877.9125,19.7,4.3,0,0,0,0
2020-06-01,24.2,7.6,14.8,0.0,0.0,14.1,24.8,0,36257.12,16.22,38.666666666666664,15,63,877.9458333333333,21.1,3.9,0,0,0,0
2020-06-02,23.0,6.5,14.8,0.0,0.0,10.9,22.7,0,36262.29,16.05,43.333333333333336,23,65,877.8791666666666,20.6,3.6,0,0,0,0
2020-06-03,22.3,7.2,14.6,0.0,0.0,10.9,21.2,0,36266.67,16.01,46.291666666666664,19,75,876.2791666666667,19.9,4.2,0,0,0,0
2020-06-04,21.1,8.1,13.7,0.0,0.0,11.8,27.7,0,36270.27,15.87,41.708333333333336,23,67,875.9250000000001,18.0,4.8,0,0,0,0
2020-06-05,19.4,5.5,12.1,0.0,0.0,9.2,18.7,0,36000.0,15.53,63.291666666666664,35,91,877.1791666666667,17.8,3.0,0,0,0,0
2020-06-06,20.4,5.7,12.6,0.0,0.0,10.8,22.3,0,36275.23,15.49,56.291666666666664,22,88,878.3708333333334,17.5,3.2,0,0,0,0
2020-06-07,20.3,5.3,12.5,0.0,0.0,11.1,20.5,0,36000.0,15.54,58.458333333333336,26,87,877.4,17.7,2.6,0,0,0,0
2020-06-08,20.8,5.2,12.3,0.0,0.0,11.7,18.7,0,36277.39,15.66,46.708333333333336,18,75,875.2125,18.3,2.0,0,0,0,0
2020-06-09,19.0,5.3,12.4,0.0,0.0,12.8,29.5,0,36277.46,15.61,47.333333333333336,28,71,874.5416666666666,15.6,2.0,0,0,0,0
2020-06-10,19.3,4.8,13.0,0.0,0.0,19.0,37.8,2,36000.0,15.44,49.416666666666664,30,76,872.3708333333334,15.3,1.6,0,0,0,1
2020-06-11,18.8,6.8,12.2,0.0,0.0,24.0,43.9,1,36000.0,13.76,48.0,27,80,869.6291666666666,13.9,0.4,0,0,0,0
2020-06-12,11.9,2.0,6.4,0.0,0.0,27.5,53.3,0,36274.04,15.97,38.458333333333336,15,66,875.5291666666667,5.8,-4.6,0,0,0,1
2020-06-13,13.9,1.1,7.0,0.0,0.0,21.1,37.8,0,36271.68,15.89,37.083333333333336,17,61,878.0583333333334,10.1,-3.8,0,0,0,1
2020-06-14,14.4,0.9,7.3,0.0,0.0,11.0,28.4,0,36268.86,15.67,36.458333333333336,22,53,877.8833333333333,10.7,-3.2,0,0,0,1
2020-06-15,16.5,3.2,9.1,0.0,0.0,15.1,26.3,1,36265.46,15.51,40.75,20,57,876.5541666666667,12.9,-1.6,0,0,0,1
2020-06-16,12.9,5.6,8.7,1.9,1.9,20.2,45.4,53,21394.33,6.45,58.708333333333336,36,89,879.7875,10.0,0.7,0,0,0,0
2020-06-17,14.4,5.1,8.5,1.7,1.7,23.1,42.8,51,36000.0,11.18,73.375,44,89,881.4458333333333,11.0,0.5,0,0,0,0
2020-06-18,14.4,3.0,8.6,0.1,0.1,18.6,35.3,51,30078.94,11.33,65.33333333333333,36,91,880.3791666666666,12.1,-1.0,0,0,0,1
2020-06-19,15.6,3.9,9.0,0.0,0.0,17.1,31.0,1,36247.37,15.08,60.875,33,88,878.7291666666666,12.8,-0.3,0,0,0,1
2020-06-20,17.2,3.1,9.6,0.0,0.0,12.8,22.0,0,36241.8,15.26,54.208333333333336,30,76,876.7666666666668,14.1,-0.7,0,0,0,1
2020-06-21,18.7,5.4,11.1,0.0,0.0,16.6,33.5,2,36235.86,15.42,47.916666666666664,23,73,875.0541666666667,14.4,1.7,0,0,0,0
2020-06-22,18.0,6.7,11.7,0.0,0.0,19.8,34.9,0,36229.48,15.34,41.125,24,58,875.8791666666666,14.6,2.1,0,0,0,0
2020-06-23,18.1,3.8,10.1,0.0,0.0,11.2,22.0,0,36222.41,15.27,55.208333333333336,28,89,876.6458333333334,15.5,0.7,0,0,0,1
2020-06-24,18.9,4.2,11.4,0.0,0.0,14.4,24.8,0,36500.29,15.62,39.833333333333336,20,59,877.0083333333333,15.8,0.3,0,0,0,1
2020-06-25,16.7,3.8,9.8,0.0,0.0,10.0,22.0,0,36206.28,15.31,62.333333333333336,34,91,875.3666666666667,14.1,0.6,0,0,0,1
2020-06-26,16.8,4.2,11.1,0.0,0.0,24.6,46.8,3,26463.0,13.14,53.0,35,82,871.8208333333333,13.0,1.7,0,0,0,1
2020-06-27,18.1,6.3,11.4,0.0,0.0,21.3,43.9,0,36473.11,15.47,45.041666666666664,25,71,870.1875,13.8,2.5,0,0,0,0
2020-06-28,19.1,6.5,11.3,0.0,0.0,26.2,50.4,0,36462.91,15.58,35.375,20,52,871.8458333333333,14.3,0.4,0,0,0,0
2020-06-29,18.5,4.4,10.6,0.0,0.0,19.0,36.4,0,36452.18,15.51,48.916666666666664,22,76,874.5791666666668,14.7,0.3,0,0,0,1
2020-06-30,18.6,5.4,11.0,0.0,0.0,19.3,38.5,0,36725.99,15.7,45.625,18,80,876.7333333333332,14.0,0.4,0,0,0,0
2020-07-01,17.2,4.3,10.4,0.0,0.0,10.7,23.8,0,36429.32,15.23,69.125,39,94,878.7583333333333,14.9,1.7,0,0,0,1
2020-07-02,20.9,6.7,12.8,0.0,0.0,19.2,33.8,0,36701.98,15.45,48.5,22,80,876.3708333333334,17.9,3.2,0,0,0,0
2020-07-03,22.1,8.2,13.8,0.0,0.0,25.2,44.6,0,36689.36,16.07,31.625,12,51,876.5291666666667,18.8,3.0,0,0,0,0
2020-07-04,19.2,4.9,11.5,0.0,0.0,12.3,29.5,0,36676.43,15.66,52.333333333333336,28,83,877.7708333333334,16.0,1.8,0,0,0,1
2020-07-05,23.2,7.4,14.2,0.0,0.0,22.5,40.0,0,36947.23,16.21,22.791666666666668,8,54,876.0958333333333,19.1,2.1,0,0,0,0
2020-07-06,22.5,7.2,13.9,0.0,0.0,17.7,31.7,0,36933.5,16.16,23.625,12,35,875.2208333333333,18.4,1.9,0,0,0,0
2020-07-07,22.8,7.8,15.2,0.0,0.0,24.2,38.9,0,36919.5,16.09,26.125,15,48,875.15,19.6,3.5,0,0,0,0
2020-07-08,17.4,8.1,12.2,0.0,0.0,32.8,58.7,1,36622.05,14.08,59.291666666666664,36,81,878.1541666666667,13.4,3.3,0,0,0,0
2020-07-09,19.0,7.8,12.1,0.0,0.0,22.4,44.6,3,33951.79,12.56,68.75,34,96,874.7541666666666,14.1,5.8,0,0,0,0
2020-07-10,19.7,7.9,14.0,0.0,0.0,25.3,50.8,1,36593.84,14.98,56.083333333333336,32,82,870.35,15.9,6.3,0,0,0,0
2020-07-11,14.1,4.7,10.5,0.0,0.0,32.1,63.4,1,37426.78,15.84,41.166666666666664,21,64,869.5833333333334,9.5,-0.6,0,0,0,1
2020-07-12,15.4,2.7,8.0,0.0,0.0,26.3,47.2,0,37411.46,16.5,37.666666666666664,17,60,876.2541666666666,10.8,-3.2,0,0,0,1
2020-07-13,16.8,1.5,9.2,0.0,0.0,15.5,34.9,0,37677.43,16.58,36.083333333333336,21,56,871.9041666666667,12.3,-2.9,0,0,0,1
2020-07-14,15.7,3.8,8.7,0.0,0.0,25.2,50.0,0,37660.91,16.73,34.166666666666664,22,46,871.4125,10.3,-1.4,0,0,0,1
2020-07-15,15.4,0.9,7.3,0.0,0.0,24.7,47.9,0,37643.97,16.77,33.583333333333336,13,54,881.0875,10.7,-5.1,0,0,0,1
2020-07-16,19.2,1.4,9.4,0.0,0.0,15.6,28.8,0,37797.83,17.0,26.333333333333332,9,44,883.9833333333332,15.0,-3.9,0,0,0,1
2020-07-17,21.4,2.2,11.2,0.0,0.0,13.0,26.6,0,37826.02,16.96,25.166666666666668,8,45,881.6958333333333,16.8,-2.6,0,0,0,1
2020-07-18,20.9,3.5,11.8,0.0,0.0,12.2,22.0,0,37854.58,16.93,26.375,14,37,879.8125,17.6,-0.6,0,0,0,1
2020-07-19,23.8,6.2,13.9,0.0,0.0,17.1,30.2,0,37883.48,17.23,18.875,7,31,877.9916666666667,19.5,0.7,0,0,0,0
2020-07-20,20.0,4.8,11.6,0.0,0.0,10.2,23.8,0,37912.65,16.91,37.666666666666664,21,54,877.3125,17.1,1.0,0,0,0,1
2020-07-21,21.3,4.2,12.5,0.0,0.0,12.0,22.0,0,37942.04,17.23,30.125,11,50,875.8041666666667,18.4,0.1,0,0,0,1
2020-07-22,19.5,4.0,11.2,0.0,0.0,14.8,26.6,0,37971.59,17.01,36.791666666666664,16,78,876.3041666666667,16.7,0.2,0,0,0,1
2020-07-23,18.5,4.2,10.9,0.0,0.0,12.3,27.7,0,38001.25,16.82,48.083333333333336,24,82,877.5416666666666,15.9,0.7,0,0,0,1
2020-07-24,16.5,3.5,9.4,0.0,0.0,10.0,25.2,0,38030.97,17.01,59.833333333333336,31,92,878.5124999999999,13.8,0.8,0,0,0,1
2020-07-25,16.4,3.4,9.5,0.0,0.0,9.8,22.7,1,38060.69,16.0,61.208333333333336,29,94,878.1333333333333,13.5,0.4,0,0,0,1
2020-07-26,20.0,4.7,11.7,0.0,0.0,19.1,33.5,0,38090.36,17.51,40.583333333333336,19,67,875.7624999999999,16.7,0.7,0,0,0,1
2020-07-27,17.2,5.8,11.1,0.0,0.0,23.2,41.4,0,38119.93,17.04,47.833333333333336,29,73,877.5749999999999,14.4,1.1,0,0,0,0
2020-07-28,16.0,6.5,10.5,0.2,0.2,12.3,27.0,51,33164.21,11.79,66.625,36,94,876.4041666666667,12.9,4.1,0,0,0,0
2020-07-29,19.2,4.6,11.8,0.0,0.0,12.8,26.3,1,38178.54,17.4,46.75,22,75,874.1125000000001,16.7,1.1,0,0,0,1
2020-07-30,21.8,7.7,13.9,0.0,0.0,19.9,42.5,0,38207.48,17.73,29.916666666666668,14,48,876.8125,17.0,3.0,0,0,0,0
2020-07-31,20.9,6.9,13.4,0.0,0.0,18.5,33.5,0,38236.11,17.58,33.916666666666664,21,53,880.2333333333335,18.2,2.9,0,0,0,0
2020-08-01,23.0,6.0,14.5,0.0,0.0,10.9,20.5,0,38264.47,17.94,31.208333333333332,10,55,879.7166666666667,19.7,2.5,0,0,0,0
2020-08-02,23.2,7.2,14.6,0.0,0.0,12.1,26.3,0,38292.82,17.94,33.375,13,68,879.875,19.8,3.7,0,0,0,0
2020-08-03,21.2,6.4,12.8,0.0,0.0,11.2,23.0,0,38321.16,18.17,46.708333333333336,18,81,879.2291666666666,18.8,3.5,0,0,0,0
2020-08-04,21.8,5.5,13.4,0.0,0.0,12.4,29.2,0,38349.47,18.59,31.791666666666668,13,54,874.8000000000001,18.2,1.6,0,0,0,0
2020-08-05,21.9,5.2,13.6,0.0,0.0,16.2,34.9,0,38377.74,18.61,27.333333333333332,12,47,873.5291666666667,17.6,1.5,0,0,0,0
2020-08-06,20.7,5.6,13.0,0.0,0.0,22.7,44.3,3,38405.96,18.12,53.916666666666664,28,92,872.875,16.8,3.0,0,0,0,0
2020-08-07,15.4,7.7,11.6,0.2,0.2,28.5,55.1,51,25336.24,10.52,55.916666666666664,36,85,878.6833333333334,11.3,2.6,0,0,0,0
2020-08-08,17.7,4.8,10.6,0.0,0.0,17.7,38.5,2,38462.16,18.04,65.5,38,93,878.6458333333334,14.3,2.2,0,0,0,1
2020-08-09,22.6,5.4,13.9,0.0,0.0,23.7,47.9,0,38490.11,18.44,51.625,26,85,872.9833333333332,18.6,2.4,0,0,0,0
2020-08-10,23.0,7.2,14.7,0.0,0.0,24.1,45.0,0,38541.99,19.73,19.541666666666668,6,39,872.3666666666667,19.4,0.8,0,0,0,0
2020-08-11,21.9,5.1,13.1,0.0,0.0,20.2,42.5,0,38545.65,18.99,38.583333333333336,18,86,873.4083333333333,17.1,2.0,0,0,0,0
2020-08-12,23.8,8.1,16.9,0.0,0.0,20.5,44.3,0,38573.21,18.82,31.25,21,55,873.3249999999999,19.5,4.3,0,0,0,0
2020-08-13,23.2,10.4,15.6,0.0,0.0,30.8,55.4,0,38815.75,20.11,16.916666666666668,6,26,874.1875,18.3,2.5,0,0,0,0
2020-08-14,21.2,5.7,13.1,0.0,0.0,20.9,39.6,0,38816.79,19.53,32.375,18,51,874.0291666666667,17.0,1.0,0,0,0,0
2020-08-15,23.5,7.3,15.3,0.0,0.0,23.3,48.2,0,38817.32,19.14,43.875,20,77,869.6333333333333,19.0,4.8,0,0,0,0
2020-08-16,23.2,8.9,15.5,0.0,0.0,20.3,42.8,0,38817.31,19.68,25.875,9,53,869.8708333333334,18.5,3.9,0,0,0,0
2020-08-17,22.9,6.1,13.1,0.1,0.1,24.6,51.8,51,39081.21,17.67,47.375,23,87,870.9541666666668,17.5,1.0,0,0,0,0
2020-08-18,18.5,5.7,12.1,0.0,0.0,30.9,56.9,3,38734.95,16.83,57.791666666666664,20,98,869.4125,15.6,-1.9,0,0,0,0
2020-08-19,16.8,2.2,9.2,0.0,0.0,30.3,54.4,0,39341.66,20.95,21.458333333333332,8,38,871.8916666666668,14.0,-5.4,0,0,0,1
2020-08-20,17.8,2.4,10.1,0.0,0.0,13.3,32.4,0,39339.02,19.99,43.291666666666664,30,61,873.525,15.3,-1.9,0,0,0,1
2020-08-21,20.6,4.8,12.9,0.0,0.0,14.9,30.2,3,39336.0,19.68,51.333333333333336,20,92,875.8625000000001,18.1,2.3,0,0,0,1
2020-08-22,18.6,6.2,12.1,0.0,0.0,10.6,26.3,2,38838.5,17.23,59.333333333333336,33,90,878.2583333333333,16.5,4.0,0,0,0,0
2020-08-23,22.0,6.0,14.6,0.0,0.0,12.2,24.8,0,39589.81,20.16,44.791666666666664,24,76,874.5041666666666,20.6,3.3,0,0,0,0
2020-08-24,24.1,9.6,16.5,0.0,0.0,15.3,34.9,0,39845.88,20.42,36.166666666666664,20,56,871.2375000000001,21.3,6.0,0,0,0,0
2020-08-25,25.9,11.4,18.5,0.0,0.0,16.6,37.8,0,40100.61,20.68,28.0,16,45,871.35,22.3,8.2,0,0,0,0
2020-08-26,27.9,12.2,20.1,0.0,0.0,24.2,48.2,2,40354.01,20.54,26.875,15,54,872.1958333333333,24.4,8.2,0,0,0,0
2020-08-27,23.4,10.8,16.7,0.0,0.0,22.4,46.8,2,40084.78,20.34,54.833333333333336,32,85,873.0458333333332,19.7,8.7,0,0,0,0
2020-08-28,25.1,9.6,17.3,0.0,0.0,23.6,58.7,3,33650.23,17.82,56.875,32,91,868.7916666666666,22.6,7.8,0,0,0,0
2020-08-29,25.0,13.5,18.2,0.0,0.0,18.5,39.6,3,25418.96,11.99,38.916666666666664,16,67,866.6083333333332,22.2,8.6,0,0,0,0
2020-08-30,21.2,9.4,14.6,0.0,0.0,21.4,41.4,3,37870.25,19.76,20.583333333333332,10,32,871.1,17.5,3.5,0,0,0,0
2020-08-31,21.2,7.2,12.7,1.2,1.2,22.9,49.3,51,29192.77,14.58,53.958333333333336,21,88,874.7041666666668,17.3,1.6,0,0,0,0
2020-09-01,16.2,9.4,11.8,6.1,6.1,27.3,53.6,55,6986.63,6.79,84.0,56,100,877.0833333333334,11.8,6.9,0,0,0,0
2020-09-02,17.1,9.1,12.4,0.0,0.0,25.6,51.8,3,15791.96,10.65,75.33333333333333,56,91,877.8000000000001,13.0,6.7,0,0,0,0
2020-09-03,24.0,8.5,15.3,0.0,0.0,10.1,25.2,3,38106.73,19.93,69.04166666666667,38,97,877.8000000000001,23.0,7.1,0,0,0,0
2020-09-04,26.4,10.0,17.9,0.0,0.0,13.5,25.9,1,41579.73,20.97,57.875,28,87,878.0833333333334,26.6,8.6,0,0,0,0
2020-09-05,23.8,9.6,16.3,0.0,0.0,12.7,28.4,0,41667.16,21.74,61.5,35,92,876.8249999999999,23.3,8.3,0,0,0,0
2020-09-06,23.2,9.1,15.7,0.0,0.0,16.6,35.3,2,41754.65,21.67,53.625,33,83,874.75,21.6,7.2,0,0,0,0
2020-09-07,24.5,7.8,15.7,0.0,0.0,12.6,25.9,2,41842.15,21.98,51.041666666666664,23,85,875.4875000000001,22.8,5.8,0,0,0,0
2020-09-08,26.5,9.8,18.3,0.0,0.0,12.7,27.0,0,41929.61,22.31,42.208333333333336,19,69,878.0708333333333,25.2,7.8,0,0,0,0
2020-09-09,27.0,9.1,17.7,0.0,0.0,10.3,25.9,2,42016.98,21.7,48.833333333333336,16,90,878.1583333333333,25.6,7.4,0,0,0,0
2020-09-10,27.9,9.6,18.7,0.0,0.0,21.7,45.4,0,42104.16,22.98,36.541666666666664,10,77,876.4,24.6,7.6,0,0,0,0
2020-09-11,26.5,9.1,17.0,0.0,0.0,21.6,42.1,0,42191.65,22.96,41.125,12,77,876.9625,23.8,6.8,0,0,0,0
2020-09-12,24.8,8.6,16.8,0.0,0.0,19.7,41.8,0,42279.74,23.03,44.041666666666664,20,79,878.2875,22.8,6.1,0,0,0,0
2020-09-13,24.0,8.6,16.7,0.0,0.0,17.3,40.0,0,42368.37,23.07,44.333333333333336,20,81,875.6666666666666,21.1,6.2,0,0,0,0
2020-09-14,27.2,9.3,19.2,0.0,0.0,18.1,36.7,2,42457.47,22.87,34.25,16,70,872.4125,24.6,6.7,0,0,0,0
2020-09-15,28.6,12.9,21.5,0.0,0.0,24.9,45.7,3,38228.16,21.32,25.125,12,45,870.9708333333333,25.3,10.0,0,0,0,0
2020-09-16,26.9,14.9,19.9,0.9,0.9,20.6,54.0,53,42406.37,19.85,51.958333333333336,22,82,871.0166666666668,24.8,13.3,0,0,0,0
2020-09-17,28.8,12.4,20.5,0.0,0.0,18.0,39.6,1,42727.07,21.78,47.041666666666664,21,76,873.5875,26.6,10.6,0,0,0,0
2020-09-18,28.3,12.9,20.2,0.4,0.4,20.8,55.1,51,42817.51,21.34,52.125,22,85,875.5541666666667,25.1,12.1,0,0,0,0
2020-09-19,29.6,13.2,21.9,0.0,0.0,17.0,33.5,2,42908.14,22.47,43.5,19,80,874.5708333333333,28.1,12.1,0,0,0,0
2020-09-20,30.6,14.8,22.8,0.0,0.0,20.8,45.0,2,42314.63,21.29,33.416666666666664,15,59,872.7624999999999,26.8,12.6,0,0,0,0
2020-09-21,29.6,14.6,22.4,1.6,1.6,23.3,45.4,53,43089.75,21.27,34.333333333333336,16,81,872.4708333333333,26.5,11.9,0,0,0,0
2020-09-22,22.9,10.0,15.7,0.0,0.0,28.4,51.1,3,43176.03,22.02,55.25,33,78,879.5458333333332,20.9,5.3,0,0,0,0
2020-09-23,23.9,8.2,16.1,0.0,0.0,11.0,26.3,1,43199.96,23.73,57.416666666666664,30,93,877.975,24.0,6.6,0,0,0,0
2020-09-24,27.0,10.2,19.6,0.0,0.0,10.5,28.8,0,43200.0,24.76,39.875,19,72,874.475,26.1,7.9,0,0,0,0
2020-09-25,30.1,12.4,21.6,0.0,0.0,21.6,47.5,3,41478.02,23.8,36.166666666666664,19,63,870.2916666666666,27.5,10.0,0,0,0,0
2020-09-26,30.2,15.2,21.6,0.0,0.0,20.4,49.0,1,43200.0,24.18,19.5,7,46,866.725,26.0,8.9,0,0,0,0
2020-09-27,26.4,11.8,18.8,0.0,0.0,22.3,47.9,0,43200.0,26.49,10.0,5,18,867.15,22.5,6.0,0,0,0,0
2020-09-28,26.4,9.0,17.9,0.0,0.0,17.3,40.7,0,43200.0,26.09,15.416666666666666,6,45,870.5,22.6,4.3,0,0,0,0
2020-09-29,25.8,10.9,18.1,0.0,0.0,18.9,36.7,0,43200.0,25.48,19.375,10,47,872.7208333333333,24.4,5.5,0,0,0,0
2020-09-30,23.9,12.6,17.3,3.4,3.4,25.7,48.6,53,32400.0,17.94,60.5,13,93,872.6458333333334,21.2,7.6,0,0,0,0
2020-10-01,25.2,12.6,17.5,2.7,2.7,22.5,48.6,61,20824.8,14.17,75.54166666666667,44,91,869.3958333333334,24.3,10.5,0,0,0,0
2020-10-02,21.3,13.3,16.6,7.6,7.6,28.6,60.5,63,21077.4,11.55,79.04166666666667,54,91,871.0458333333332,18.7,10.8,0,0,0,0
2020-10-03,21.0,12.9,16.4,0.3,0.3,16.4,34.2,51,22760.67,13.35,78.54166666666667,59,95,872.2375000000001,20.1,11.2,0,0,0,0
2020-10-04,27.1,12.9,19.8,0.0,0.0,13.7,31.3,2,43200.0,23.54,65.04166666666667,33,99,873.1750000000001,27.3,12.9,0,0,0,0
2020-10-05,24.6,15.9,18.7,15.5,15.5,18.2,37.1,63,21133.59,13.13,77.91666666666667,50,98,874.4166666666666,25.2,13.8,0,0,0,0
2020-10-06,19.5,14.4,16.4,10.5,10.5,10.2,25.2,61,7888.78,11.24,90.5,72,99,873.5,20.1,14.5,0,0,0,0
2020-10-07,20.5,13.1,16.4,1.5,1.5,22.6,44.3,51,34539.36,15.24,78.41666666666667,59,98,873.6083333333332,18.1,11.7,0,0,0,0
2020-10-08,23.4,11.6,16.6,0.0,0.0,15.5,35.6,3,37810.46,23.36,70.29166666666667,46,96,872.5166666666668,23.5,10.5,0,0,0,0
2020-10-09,24.9,13.4,18.7,1.5,1.5,13.6,32.0,53,40301.84,19.68,69.25,40,96,869.8666666666667,24.1,13.6,0,0,0,0
2020-10-10,28.2,15.3,21.2,0.0,0.0,21.3,45.0,1,43200.0,26.72,39.416666666666664,15,84,869.6708333333332,26.3,11.8,0,0,0,0
2020-10-11,16.6,11.2,13.6,31.3,31.3,23.9,45.4,63,382.39,5.23,84.29166666666667,19,99,871.6416666666668,13.9,9.1,0,0,1,0
2020-10-12,17.7,10.7,13.1,5.6,5.6,15.1,32.8,61,17788.96,12.08,85.29166666666667,59,99,874.1374999999999,15.9,9.2,0,0,0,0
2020-10-13,22.9,10.4,15.9,0.0,0.0,12.7,31.7,3,43200.0,24.57,72.91666666666667,44,98,874.5541666666667,22.3,9.6,0,0,0,0
2020-10-14,25.3,12.0,18.2,0.0,0.0,16.6,37.4,2,43277.23,25.65,63.833333333333336,40,87,876.875,26.1,10.4,0,0,0,0
2020-10-15,26.6,10.9,18.2,0.0,0.0,13.0,30.6,0,43249.15,26.84,65.29166666666667,36,94,877.6833333333334,26.7,9.9,0,0,0,0
2020-10-16,30.3,14.1,22.0,0.0,0.0,14.5,26.6,1,43479.54,25.84,50.0,23,74,875.7624999999999,32.0,13.1,0,0,0,0
2020-10-17,29.2,14.1,21.1,0.0,0.0,15.5,36.0,1,43200.0,26.74,59.0,28,96,875.7291666666666,29.0,14.0,0,0,0,0
2020-10-18,32.4,15.9,24.2,0.0,0.0,12.2,36.0,2,43426.75,25.11,38.458333333333336,13,67,873.375,32.3,14.5,0,0,0,0
2020-10-19,33.7,17.9,25.3,0.0,0.0,20.9,41.8,1,43660.24,25.93,32.666666666666664,12,59,872.3083333333334,31.0,16.1,0,0,0,0
2020-10-20,33.0,16.6,25.3,0.0,0.0,16.6,38.9,3,42809.23,25.3,35.416666666666664,15,66,871.4166666666666,32.0,15.4,1,0,0,0
2020-10-21,27.6,17.1,22.0,0.0,0.0,26.9,54.7,3,43179.68,25.65,46.916666666666664,29,80,876.1458333333334,25.6,15.2,0,0,0,0
2020-10-22,28.5,12.9,20.9,0.0,0.0,16.8,38.9,1,43588.26,27.69,53.541666666666664,27,92,878.0625,27.7,12.5,0,0,0,0
2020-10-23,32.8,15.2,24.2,0.0,0.0,17.7,37.1,2,43825.14,23.82,40.333333333333336,12,74,876.4,30.2,14.2,0,0,0,0
2020-10-24,32.0,16.8,24.0,0.0,0.0,17.2,34.9,2,43541.91,24.9,42.083333333333336,20,65,874.3375,33.6,15.7,0,0,0,0
2020-10-25,32.8,15.9,24.3,0.0,0.0,22.0,43.6,3,43731.2,25.74,39.583333333333336,17,66,873.0749999999999,33.8,14.8,1,0,0,0
2020-10-26,29.2,17.2,23.6,0.0,0.0,14.2,33.1,3,41432.5,21.21,38.583333333333336,25,61,873.8916666666668,27.0,16.3,0,0,0,0
2020-10-27,29.0,17.8,23.2,0.0,0.0,16.8,38.2,3,43737.02,26.69,43.291666666666664,27,60,874.3541666666666,29.1,16.3,0,0,0,0
2020-10-28,30.7,16.6,24.1,0.0,0.0,17.9,34.9,1,44502.46,26.68,41.25,20,68,874.2875,30.8,15.6,0,0,0,0
2020-10-29,30.1,17.4,23.8,0.0,0.0,22.4,48.2,0,45008.34,29.63,25.041666666666668,14,39,874.9708333333333,27.2,14.5,0,0,0,0
2020-10-30,31.3,15.8,24.0,0.0,0.0,16.4,36.0,0,45253.47,29.48,25.083333333333332,14,42,875.9625,30.1,12.5,1,0,0,0
2020-10-31,28.2,16.9,22.0,1.5,1.5,21.8,46.1,53,42147.77,26.03,51.458333333333336,27,81,876.5458333333332,26.5,15.7,0,0,0,0
2020-11-01,22.6,14.8,17.3,13.1,13.1,28.5,58.0,63,22838.45,14.57,74.29166666666667,44,94,874.1708333333332,19.6,13.4,0,0,0,0
2020-11-02,22.9,11.8,17.2,2.6,2.6,17.8,38.2,53,40294.98,19.34,76.75,48,96,872.75,22.2,11.3,0,0,0,0
2020-11-03,24.6,14.2,18.9,0.2,0.2,17.6,41.0,51,39927.76,20.85,71.04166666666667,49,91,873.4208333333332,24.8,13.7,0,0,0,0
2020-11-04,26.1,15.1,19.8,0.7,0.7,17.5,37.8,51,40978.9,22.27,68.70833333333333,40,88,872.4625,27.3,14.9,0,0,0,0
2020-11-05,25.1,14.8,18.2,14.8,14.8,21.7,58.7,63,24607.64,17.87,80.33333333333333,56,95,870.4166666666666,25.8,14.8,0,0,0,0
2020-11-06,27.4,12.6,20.2,4.9,4.9,17.9,51.8,63,45789.68,28.97,65.66666666666667,35,97,870.1999999999999,28.2,12.9,0,0,0,0
2020-11-07,30.0,15.6,23.4,0.0,0.0,15.5,32.4,2,45805.55,29.94,48.958333333333336,29,76,871.1708333333332,30.6,15.6,0,0,0,0
2020-11-08,32.6,17.1,25.1,0.0,0.0,23.9,43.9,3,40281.29,26.56,46.416666666666664,26,64,873.3791666666666,33.0,15.5,0,0,0,0
2020-11-09,30.0,17.7,24.2,0.3,0.3,20.5,55.4,51,45830.96,26.34,53.083333333333336,34,76,875.0875,31.3,16.9,0,0,0,0
2020-11-10,25.4,16.1,19.5,16.3,16.3,18.4,49.7,63,26302.58,14.22,80.66666666666667,56,99,874.3333333333334,27.2,17.0,0,0,0,0
2020-11-11,22.9,14.4,17.5,5.5,5.5,14.4,32.4,63,37518.11,18.27,82.70833333333333,57,99,874.1166666666667,24.1,14.8,0,0,0,0
2020-11-12,23.9,14.9,18.7,2.1,2.1,12.7,30.2,53,39860.93,22.21,69.79166666666667,39,94,876.0124999999999,23.6,15.1,0,0,0,0
2020-11-13,24.8,12.6,19.3,0.0,0.0,9.7,26.3,2,46401.4,27.81,58.375,33,95,875.7583333333333,25.6,12.1,0,0,0,0
2020-11-14,27.7,12.6,21.1,0.0,0.0,15.0,32.0,2,46676.49,30.36,39.583333333333336,26,60,872.7708333333334,27.7,10.1,0,0,0,0
2020-11-15,29.0,14.4,22.3,0.0,0.0,14.6,33.8,3,46409.45,30.68,33.083333333333336,19,49,871.4416666666666,29.0,11.6,0,0,0,0
2020-11-16,29.6,16.4,23.7,0.0,0.0,17.0,37.8,3,46682.45,26.18,37.583333333333336,25,61,871.8375,29.0,14.6,0,0,0,0
2020-11-17,27.5,17.8,21.6,0.8,0.8,22.0,43.2,53,28169.82,17.36,54.208333333333336,31,79,871.3416666666667,26.1,16.9,0,0,0,0
2020-11-18,30.9,15.9,23.9,0.0,0.0,18.3,46.4,3,45486.09,27.64,49.666666666666664,28,83,869.8083333333334,31.1,16.0,0,0,0,0
2020-11-19,31.9,17.0,25.1,0.0,0.0,14.8,45.0,3,46805.48,28.97,43.458333333333336,22,75,870.0541666666667,32.4,16.6,0,0,0,0
2020-11-20,29.4,17.5,21.3,12.3,12.3,22.2,49.3,63,37569.95,24.26,68.75,37,94,873.1708333333332,29.6,15.8,0,0,0,0
2020-11-21,19.4,14.8,16.6,12.3,12.3,20.2,37.8,61,0.0,6.78,91.25,70,98,872.7916666666666,18.8,13.8,0,0,0,0
2020-11-22,24.1,15.8,18.5,4.2,4.2,16.4,42.5,55,25660.29,17.91,87.41666666666667,66,98,871.1125000000001,26.0,16.6,0,0,0,0
2020-11-23,25.8,15.4,20.9,1.9,1.9,24.1,52.9,53,47205.9,25.1,77.45833333333333,56,98,870.5124999999999,27.4,15.7,0,0,0,0
2020-11-24,29.0,16.9,22.6,2.1,2.1,22.9,54.7,55,47746.78,25.43,69.25,38,93,869.2416666666667,30.2,17.4,0,0,0,0
2020-11-25,29.9,15.0,21.9,1.5,1.5,18.4,36.4,55,47737.65,29.99,59.75,25,95,870.2208333333333,30.2,12.6,0,0,0,0
2020-11-26,24.0,16.4,19.5,23.5,23.5,16.3,46.4,63,36033.49,17.51,83.91666666666667,62,100,872.1416666666668,25.6,16.8,0,0,1,0
2020-11-27,28.0,16.0,22.3,0.2,0.2,18.9,34.9,51,46336.14,25.07,65.75,40,93,874.1,29.4,17.1,0,0,0,0
2020-11-28,26.0,15.4,19.7,0.9,0.9,19.8,42.1,51,37300.67,22.02,72.79166666666667,49,90,874.525,27.0,14.8,0,0,0,0
2020-11-29,25.8,15.9,20.9,5.8,5.8,15.8,36.4,63,45050.49,24.75,74.54166666666667,48,96,871.5833333333334,27.3,16.4,0,0,0,0
2020-11-30,25.9,16.5,19.5,15.7,15.7,20.7,43.2,63,31306.33,20.98,82.33333333333333,53,100,871.4208333333332,27.0,16.7,0,0,0,0
2020-12-01,28.5,14.2,22.1,0.8,0.8,23.8,51.5,53,48579.95,29.12,57.083333333333336,25,94,868.5333333333333,29.0,14.4,0,0,0,0
2020-12-02,28.0,13.5,21.1,0.4,0.4,24.4,44.6,51,47907.06,29.72,57.291666666666664,28,95,869.1583333333333,29.0,13.0,0,0,0,0
2020-12-03,22.7,14.6,17.5,1.7,1.7,20.3,41.0,51,31046.02,17.11,77.0,51,93,872.7583333333333,22.4,12.9,0,0,0,0
2020-12-04,26.5,13.7,19.8,0.6,0.6,17.4,34.6,53,43172.3,27.59,67.70833333333333,36,96,873.0708333333333,29.0,13.7,0,0,0,0
2020-12-05,20.8,14.1,16.9,20.1,20.1,15.0,42.1,63,15059.71,11.65,80.70833333333333,62,92,874.0749999999999,21.0,13.3,0,0,1,0
2020-12-06,24.5,13.6,19.2,0.1,0.1,15.1,31.7,51,45881.23,26.5,66.66666666666667,44,96,873.5458333333332,26.5,13.6,0,0,0,0
2020-12-07,25.9,14.1,20.5,0.0,0.0,18.4,34.2,2,48795.38,27.54,67.70833333333333,42,97,874.8000000000001,28.1,14.6,0,0,0,0
2020-12-08,25.4,15.9,19.9,0.4,0.4,19.6,39.2,51,40155.09,20.06,67.625,41,92,875.5708333333333,25.2,16.2,0,0,0,0
2020-12-09,25.5,15.9,20.7,1.0,1.0,17.2,37.8,51,46037.09,26.67,60.666666666666664,44,75,871.85,25.4,15.0,0,0,0,0
2020-12-10,30.2,16.6,23.4,0.0,0.0,18.5,38.5,3,46173.16,26.49,56.291666666666664,31,85,870.475,30.0,17.2,0,0,0,0
2020-12-11,31.0,19.4,24.2,0.2,0.2,22.7,49.0,51,43200.0,26.6,54.416666666666664,29,77,870.9333333333334,31.2,19.4,0,0,0,0
2020-12-12,28.5,19.0,22.9,7.5,7.5,23.5,50.8,63,41415.9,22.85,63.625,38,90,871.525,27.9,19.5,0,0,0,0
2020-12-13,27.9,17.0,21.8,7.6,7.6,22.8,45.0,63,35353.71,25.57,67.54166666666667,39,91,872.3791666666666,29.3,15.4,0,0,0,0
2020-12-14,25.9,18.4,20.5,5.4,5.4,11.6,29.9,53,22005.07,16.06,77.625,51,97,872.0666666666666,27.8,18.8,0,0,0,0
2020-12-15,23.9,17.0,19.6,11.5,11.5,12.2,31.3,61,16803.15,11.92,81.58333333333333,55,97,870.8041666666667,25.7,17.7,0,0,0,0
2020-12-16,23.2,15.4,19.1,14.3,14.3,19.2,37.8,65,42338.0,19.96,80.20833333333333,66,90,871.8083333333334,26.2,15.6,0,0,0,0
2020-12-17,22.5,16.6,18.7,3.1,3.1,9.0,19.4,53,1951.02,10.2,78.20833333333333,54,91,872.3874999999999,22.4,16.8,0,0,0,0
2020-12-18,22.2,16.5,18.5,3.6,3.6,14.3,33.1,53,6942.24,11.93,83.875,65,96,872.0291666666667,22.7,16.1,0,0,0,0
2020-12-19,25.4,15.1,20.0,0.0,0.0,14.4,27.0,3,44998.17,26.9,72.70833333333333,52,93,872.5375,28.5,14.7,0,0,0,0
2020-12-20,27.8,14.8,21.3,0.0,0.0,13.2,29.9,2,49010.97,29.75,68.20833333333333,40,98,873.0500000000001,29.9,15.4,0,0,0,0
2020-12-21,26.4,16.5,21.2,0.7,0.7,14.7,31.0,51,49011.92,27.23,70.75,42,92,872.75,29.3,17.1,0,0,0,0
2020-12-22,24.5,18.1,21.2,11.9,11.9,18.4,44.3,61,40920.2,17.13,83.0,68,99,870.4083333333333,26.1,19.6,0,0,0,0
2020-12-23,26.5,18.5,21.2,14.4,14.4,20.9,50.0,63,22487.87,18.31,84.91666666666667,64,97,868.725,28.4,20.7,0,0,0,0
2020-12-24,29.0,17.8,22.8,0.0,0.0,25.6,47.5,3,46356.67,27.38,65.91666666666667,37,94,869.5708333333333,32.0,17.1,0,0,0,0
2020-12-25,25.6,17.2,21.1,0.4,0.4,14.6,32.0,51,36570.61,20.62,75.625,53,96,871.2666666666668,29.0,17.9,0,0,0,0
2020-12-26,27.9,17.5,22.1,0.5,0.5,11.0,27.0,51,39107.79,22.38,70.0,40,92,871.6,31.0,19.0,0,0,0,0
2020-12-27,28.5,17.2,23.3,0.1,0.1,12.2,31.7,51,48747.88,26.59,68.54166666666667,48,94,871.0916666666667,32.4,18.3,0,0,0,0
2020-12-28,30.0,19.4,24.5,0.0,0.0,19.7,42.8,2,48227.07,27.06,61.958333333333336,40,78,871.4208333333332,32.5,20.0,0,0,0,0
2020-12-29,28.9,18.5,23.8,0.5,0.5,14.3,28.4,51,48266.32,25.88,67.95833333333333,44,95,872.0375,31.8,19.9,0,0,0,0
2020-12-30,30.0,19.3,25.0,0.0,0.0,14.9,29.5,3,48919.61,27.9,60.958333333333336,41,87,870.8583333333332,33.3,20.3,0,0,0,0
2020-12-31,29.4,17.6,24.1,0.0,0.0,17.4,41.4,2,48898.62,29.54,55.0,41,73,871.2416666666667,31.2,17.0,0,0,0,0
2021-01-01,29.6,17.2,23.3,7.9,7.9,29.3,52.2,63,48377.55,25.73,64.5,38,89,871.775,30.6,14.2,0,0,0,0
2021-01-02,24.4,15.4,17.9,0.9,0.9,30.9,56.5,51,8629.17,10.67,63.208333333333336,43,76,875.8208333333333,22.1,11.3,0,0,0,0
2021-01-03,26.7,14.4,20.4,0.6,0.6,15.9,35.3,51,48165.45,27.9,61.041666666666664,40,78,875.0708333333333,27.9,12.4,0,0,0,0
2021-01-04,26.4,16.9,21.8,1.7,1.7,13.1,32.0,53,47917.66,26.45,61.875,44,83,871.9666666666667,28.0,17.0,0,0,0,0
2021-01-05,29.3,18.2,22.9,1.3,1.3,23.4,48.6,53,44152.48,25.82,62.125,33,85,869.6458333333334,27.8,18.7,0,0,0,0
2021-01-06,28.0,19.0,22.2,16.4,16.4,13.3,35.3,65,32519.99,22.44,78.58333333333333,55,96,869.3625000000001,31.1,20.4,0,0,0,0
2021-01-07,24.1,17.7,20.1,8.5,8.5,17.3,32.4,61,25209.37,14.84,81.29166666666667,63,95,871.5375,26.9,17.0,0,0,0,0
2021-01-08,26.1,17.5,20.9,2.0,2.0,10.0,26.3,53,37734.04,20.86,78.91666666666667,56,95,870.775,28.1,17.7,0,0,0,0
2021-01-09,27.2,17.6,21.8,0.4,0.4,12.8,28.4,51,36735.64,25.38,78.95833333333333,49,95,869.4916666666667,30.4,18.7,0,0,0,0
2021-01-10,26.8,18.6,22.4,4.1,4.1,18.3,35.3,55,35826.41,19.74,74.08333333333333,54,92,868.8125,31.0,19.7,0,0,0,0
2021-01-11,25.5,18.0,21.8,0.9,0.9,17.4,31.3,51,29849.17,17.47,67.83333333333333,48,89,871.1041666666666,26.8,17.7,0,0,0,0
2021-01-12,27.6,17.5,22.1,0.5,0.5,17.8,32.0,51,47003.18,26.88,66.83333333333333,44,82,872.4125,31.1,17.8,0,0,0,0
2021-01-13,26.6,18.8,22.2,5.9,5.9,15.8,31.0,61,45823.76,24.41,73.08333333333333,52,88,872.7125,30.4,18.6,0,0,0,0
2021-01-14,27.0,17.8,21.6,5.0,5.0,15.0,32.4,55,42747.81,24.26,78.45833333333333,52,95,871.3208333333333,28.8,19.0,0,0,0,0
2021-01-15,26.4,18.3,22.3,7.8,7.8,13.5,30.2,63,46752.71,25.34,71.625,50,94,868.8166666666666,30.4,19.4,0,0,0,0
2021-01-16,29.1,18.8,22.4,7.8,7.8,15.6,34.9,63,43147.09,24.69,79.04166666666667,53,95,866.4375,31.8,20.5,0,0,0,0
2021-01-17,29.2,18.0,23.2,0.2,0.2,15.8,31.0,51,46815.28,28.2,67.125,38,98,867.3958333333334,32.4,18.2,0,0,0,0
2021-01-18,27.2,17.2,22.2,0.1,0.1,16.3,33.5,51,46829.34,23.58,63.625,40,91,870.4083333333333,27.6,17.0,0,0,0,0
2021-01-19,28.2,14.8,21.9,0.0,0.0,11.5,28.1,3,46842.02,29.03,55.875,30,87,871.1833333333334,29.8,14.4,0,0,0,0
2021-01-20,31.6,15.6,23.9,0.0,0.0,23.3,46.8,3,46853.31,28.29,52.916666666666664,24,88,872.2666666666668,31.9,15.6,0,0,0,0
2021-01-21,29.1,15.9,23.0,0.0,0.0,17.2,34.6,1,46698.15,29.29,54.625,32,85,873.9791666666666,31.8,14.5,0,0,0,0
2021-01-22,31.5,16.2,24.0,0.0,0.0,15.6,28.1,0,46684.17,32.09,46.583333333333336,16,94,873.0708333333333,32.0,16.5,0,0,0,0
2021-01-23,32.2,15.6,24.7,0.0,0.0,18.4,34.2,3,45260.01,31.77,38.833333333333336,15,73,870.4375,32.0,15.0,0,0,0,0
2021-01-24,25.1,18.5,21.3,7.5,7.5,36.7,68.8,63,333.44,7.53,69.5,48,88,867.0041666666666,22.6,15.9,0,0,0,0
2021-01-25,24.1,16.6,19.3,14.4,14.4,36.7,69.5,63,30114.26,18.09,76.66666666666667,56,88,869.4791666666666,22.8,12.8,0,0,0,0
2021-01-26,24.1,17.1,19.4,7.2,7.2,15.5,37.8,63,14550.19,12.05,85.25,66,93,871.0208333333334,24.6,17.2,0,0,0,0
2021-01-27,25.2,17.6,20.6,14.9,14.9,24.5,52.9,63,42211.57,19.29,84.04166666666667,59,98,869.3166666666666,25.6,17.8,0,0,0,0
2021-01-28,21.5,18.2,19.5,24.4,24.4,19.8,38.9,63,2888.75,8.55,93.83333333333333,83,98,869.6791666666667,23.5,18.1,0,0,1,0
2021-01-29,23.8,17.2,19.5,5.9,5.9,17.8,32.8,53,17746.26,12.02,88.54166666666667,67,99,872.5041666666666,26.5,17.3,0,0,0,0
2021-01-30,24.2,17.5,19.9,9.7,9.7,12.1,28.4,63,27018.89,17.79,87.125,63,98,871.6833333333334,27.6,18.8,0,0,0,0
2021-01-31,22.9,17.4,19.2,19.6,19.6,13.5,36.7,63,10082.52,11.57,92.33333333333333,73,100,869.15,25.8,18.9,0,0,0,0
2021-02-01,21.8,17.4,18.7,40.4,40.4,12.3,27.0,63,2097.63,6.53,93.0,80,99,870.0375,23.0,19.0,0,0,1,0
2021-02-02,20.7,13.7,16.8,26.1,26.1,29.7,54.4,63,5402.26,9.87,83.0,69,93,873.9416666666666,19.9,9.9,0,0,1,0
2021-02-03,22.0,14.8,18.4,1.7,1.7,18.2,37.1,51,27088.23,15.63,80.91666666666667,67,90,873.5166666666668,23.6,14.0,0,0,0,0
2021-02-04,21.8,15.9,19.0,6.6,6.6,8.7,24.8,61,6421.78,9.55,88.04166666666667,75,95,872.6625,24.4,16.8,0,0,0,0
2021-02-05,23.0,17.5,19.5,25.7,25.7,9.5,26.6,63,10403.14,7.45,87.95833333333333,70,98,873.525,24.6,19.1,0,0,1,0
2021-02-06,22.5,17.6,19.2,16.8,16.8,7.6,21.2,61,3600.0,9.09,89.29166666666667,70,97,872.9083333333333,24.0,19.3,0,0,0,0
2021-02-07,23.5,16.5,19.2,1.7,1.7,8.5,23.8,53,19833.75,15.63,81.125,57,95,870.0375,27.1,17.3,0,0,0,0
2021-02-08,24.5,15.1,19.6,3.2,3.2,9.1,24.5,53,46223.5,23.78,81.79166666666667,61,98,870.4166666666666,27.8,16.1,0,0,0,0
2021-02-09,25.1,16.8,20.7,0.6,0.6,12.4,26.6,51,43200.0,25.32,78.33333333333333,55,96,872.5041666666666,28.8,17.4,0,0,0,0
2021-02-10,26.0,16.0,21.0,0.9,0.9,13.8,25.9,51,42214.33,23.41,75.83333333333333,54,95,872.3874999999999,28.7,17.0,0,0,0,0
2021-02-11,25.5,16.4,21.2,0.7,0.7,16.4,29.5,51,46103.78,23.06,69.91666666666667,50,94,871.6166666666667,26.3,17.0,0,0,0,0
2021-02-12,26.4,15.4,20.6,0.6,0.6,19.0,37.8,53,46062.07,25.92,69.58333333333333,46,91,869.5749999999999,27.9,14.4,0,0,0,0
2021-02-13,26.2,16.4,21.4,2.3,2.3,14.3,29.5,53,45979.73,24.85,70.45833333333333,48,88,867.4958333333334,28.3,16.1,0,0,0,0
2021-02-14,27.1,17.8,22.0,1.0,1.0,18.6,38.2,53,45733.72,25.85,72.70833333333333,52,91,865.9499999999999,30.5,17.6,0,0,0,0
2021-02-15,27.4,17.8,22.1,6.3,6.3,26.6,47.9,63,44705.75,23.68,73.83333333333333,52,91,864.9583333333334,29.8,17.1,0,0,0,0
2021-02-16,24.9,15.3,19.3,0.0,0.0,34.7,64.1,3,45887.64,26.09,62.708333333333336,47,80,867.8958333333334,25.4,10.4,0,0,0,0
2021-02-17,27.5,11.7,19.7,0.0,0.0,24.7,44.6,3,45842.16,29.78,54.583333333333336,29,79,869.2333333333332,29.0,7.9,0,0,0,0
2021-02-18,29.0,14.7,22.2,0.0,0.0,16.0,34.2,2,45795.24,27.55,51.25,33,69,869.2166666666667,30.2,13.0,0,0,0,0
2021-02-19,29.8,16.5,23.2,0.0,0.0,14.4,27.4,3,45746.93,28.11,43.75,28,61,870.1208333333334,31.9,14.6,0,0,0,0
2021-02-20,31.0,17.0,23.6,0.0,0.0,13.8,29.2,3,45697.3,29.14,40.583333333333336,17,65,869.0458333333332,31.0,15.9,0,0,0,0
2021-02-21,31.1,16.1,24.0,0.0,0.0,17.0,30.6,3,44816.33,26.37,36.208333333333336,21,60,869.7125,31.1,13.8,0,0,0,0
2021-02-22,26.2,18.3,20.7,2.7,2.7,23.3,51.8,61,21541.49,13.87,69.04166666666667,51,87,874.4083333333333,26.4,18.3,0,0,0,0
2021-02-23,25.8,16.7,20.6,0.3,0.3,17.8,42.1,51,38346.92,23.01,74.625,49,97,875.1666666666666,27.6,17.1,0,0,0,0
2021-02-24,24.5,17.9,20.5,1.7,1.7,10.1,23.8,51,21199.29,14.46,78.04166666666667,54,96,872.3333333333334,25.1,18.9,0,0,0,0
2021-02-25,23.2,16.6,19.3,12.8,12.8,16.3,37.8,63,32494.16,16.49,83.375,60,95,870.1208333333334,23.9,17.9,0,0,0,0
2021-02-26,24.0,14.6,18.3,6.2,6.2,11.8,33.5,63,40799.11,19.17,82.41666666666667,56,97,870.0583333333334,25.3,15.2,0,0,0,0
2021-02-27,22.5,14.9,18.0,1.1,1.1,13.3,28.4,51,40003.22,21.06,78.91666666666667,51,96,872.5708333333333,24.0,14.4,0,0,0,0
2021-02-28,23.3,13.6,18.0,0.4,0.4,18.4,37.8,51,44741.47,26.78,65.95833333333333,30,96,874.0708333333333,22.9,12.7,0,0,0,0
2021-03-01,22.3,11.1,16.7,0.0,0.0,15.1,33.1,3,41428.13,24.15,59.708333333333336,37,84,874.9041666666667,23.1,8.8,0,0,0,0
2021-03-02,25.0,13.2,18.7,0.0,0.0,11.4,25.9,3,39128.07,21.21,61.208333333333336,34,85,874.1416666666668,24.3,12.0,0,0,0,0
2021-03-03,26.6,12.6,20.1,0.0,0.0,16.3,29.5,1,43952.66,24.5,57.916666666666664,28,94,871.775,27.5,12.6,0,0,0,0
2021-03-04,27.4,14.6,21.1,0.5,0.5,16.4,29.2,51,42923.5,22.34,54.625,33,80,870.2458333333334,27.8,13.8,0,0,0,0
2021-03-05,28.4,15.2,21.9,0.1,0.1,14.2,31.3,51,43687.64,23.76,51.666666666666664,29,77,870.725,30.1,14.7,0,0,0,0
2021-03-06,27.2,15.9,21.1,0.2,0.2,17.1,36.0,51,43172.47,23.25,65.875,39,89,873.3249999999999,28.2,15.8,0,0,0,0
2021-03-07,30.1,15.2,22.6,0.0,0.0,17.2,36.7,0,43680.54,26.58,46.333333333333336,16,84,871.9541666666668,28.8,14.7,0,0,0,0
2021-03-08,28.7,13.9,21.8,0.0,0.0,13.0,25.9,1,43422.06,24.19,42.083333333333336,23,70,869.7125,27.9,11.4,0,0,0,0
2021-03-09,28.1,14.6,22.3,0.0,0.0,15.5,33.5,1,42908.98,22.46,47.291666666666664,30,70,869.975,27.9,13.6,0,0,0,0
2021-03-10,29.5,17.1,23.4,0.0,0.0,16.0,34.9,1,43162.73,22.38,48.083333333333336,26,73,870.1083333333332,28.0,16.9,0,0,0,0
2021-03-11,31.1,18.0,24.2,0.0,0.0,16.0,31.7,1,43162.11,27.17,27.041666666666668,15,42,870.1791666666667,30.1,14.2,0,0,0,0
2021-03-12,28.1,17.1,22.5,0.0,0.0,20.1,35.6,1,42652.48,23.21,55.166666666666664,32,88,873.9333333333334,29.1,15.8,0,0,0,0
2021-03-13,27.1,15.8,20.9,0.5,0.5,9.3,31.0,51,42653.65,21.82,63.791666666666664,35,90,875.2666666666668,27.7,16.4,0,0,0,0
2021-03-14,26.4,13.2,20.1,0.0,0.0,11.1,28.1,1,42655.5,26.17,52.166666666666664,29,84,874.0458333333332,27.2,12.4,0,0,0,0
2021-03-15,25.6,13.4,19.8,0.0,0.0,12.1,27.7,3,42478.35,22.35,56.916666666666664,33,89,871.4,25.9,12.6,0,0,0,0
2021-03-16,27.0,13.8,21.1,0.0,0.0,10.6,26.3,3,42449.64,22.19,49.291666666666664,29,75,870.525,27.3,12.9,0,0,0,0
2021-03-17,25.7,16.9,19.5,3.2,3.2,14.0,33.1,53,30760.22,16.38,72.375,46,90,872.5333333333333,26.0,16.0,0,0,0,0
2021-03-18,25.0,15.6,19.7,0.7,0.7,12.9,31.7,51,42392.92,21.33,71.95833333333333,46,96,872.1791666666667,26.0,15.0,0,0,0,0
2021-03-19,26.4,14.5,20.5,0.5,0.5,14.9,25.9,53,42364.86,20.06,57.375,34,79,872.2916666666666,27.1,13.8,0,0,0,0
2021-03-20,25.5,15.8,20.2,1.3,1.3,18.3,33.8,55,42336.95,20.88,65.625,43,80,872.8333333333334,26.0,14.6,0,0,0,0
2021-03-21,26.0,14.9,19.9,0.4,0.4,16.0,34.6,51,35376.14,19.94,66.45833333333333,38,94,871.1666666666666,25.9,15.3,0,0,0,0
2021-03-22,24.5,14.8,19.0,2.0,2.0,15.0,32.8,53,42281.48,19.58,74.20833333333333,47,95,872.8249999999999,26.2,13.8,0,0,0,0
2021-03-23,22.5,14.4,18.1,1.1,1.1,14.7,29.2,51,25565.52,15.02,76.33333333333333,51,98,875.8041666666667,22.7,14.6,0,0,0,0
2021-03-24,22.2,14.1,16.8,2.5,2.5,14.9,33.1,55,26516.1,13.74,81.04166666666667,52,97,873.7791666666667,21.5,14.0,0,0,0,0
2021-03-25,18.8,13.8,15.6,5.4,5.4,18.5,39.6,55,11772.41,6.78,87.875,66,96,869.5333333333333,17.7,13.8,0,0,0,0
2021-03-26,24.3,11.4,17.6,0.1,0.1,20.7,40.0,51,42171.2,22.1,63.416666666666664,30,96,868.5791666666668,22.4,10.7,0,0,0,0
2021-03-27,25.8,13.1,19.0,0.0,0.0,18.4,38.9,1,42143.6,21.89,51.708333333333336,30,73,869.7458333333334,24.5,10.6,0,0,0,0
2021-03-28,22.8,13.9,18.1,1.3,1.3,21.6,40.3,51,41926.78,19.2,65.58333333333333,49,88,873.6833333333334,24.2,11.8,0,0,0,0
2021-03-29,22.7,11.8,17.3,0.6,0.6,13.4,32.4,51,42088.16,20.06,71.20833333333333,44,97,875.6666666666666,22.5,11.3,0,0,0,0
2021-03-30,23.0,12.6,17.9,0.3,0.3,10.4,27.4,51,40677.06,18.6,67.08333333333333,45,93,874.6666666666666,23.3,12.7,0,0,0,0
2021-03-31,24.2,13.1,18.6,0.2,0.2,11.9,29.2,51,42032.9,20.06,64.16666666666667,39,90,874.3083333333334,23.7,12.7,0,0,0,0
2021-04-01,26.8,14.2,20.0,0.0,0.0,11.9,25.6,2,42005.44,20.68,54.5,29,79,874.6875,27.1,12.9,0,0,0,0
2021-04-02,26.0,14.1,20.1,0.0,0.0,14.0,27.4,1,41978.05,21.34,55.791666666666664,37,75,875.025,27.4,12.6,0,0,0,0
2021-04-03,28.0,16.5,21.6,0.0,0.0,16.7,31.0,3,41921.06,19.45,50.166666666666664,27,74,873.975,26.9,14.8,0,0,0,0
2021-04-04,23.8,13.9,18.3,0.2,0.2,16.7,36.0,51,30750.43,13.65,72.04166666666667,43,96,875.1458333333334,21.8,13.6,0,0,0,0
2021-04-05,27.4,14.1,20.9,0.0,0.0,14.2,29.5,3,40974.86,21.62,52.625,28,82,873.625,28.2,12.4,0,0,0,0
2021-04-06,24.8,13.7,18.6,5.8,5.8,13.0,29.9,63,39946.19,19.05,74.91666666666667,46,97,875.3833333333333,25.2,13.8,0,0,0,0
2021-04-07,22.2,12.6,17.1,0.0,0.0,11.2,28.4,3,39491.56,16.68,76.70833333333333,51,96,877.6666666666666,22.8,12.4,0,0,0,0
2021-04-08,25.1,11.5,18.5,0.1,0.1,12.9,28.4,51,41474.27,19.85,62.666666666666664,35,94,876.5625,26.0,10.4,0,0,0,0
2021-04-09,26.9,13.8,20.2,0.0,0.0,15.7,27.7,2,41385.75,19.97,51.333333333333336,28,72,875.125,27.2,12.1,0,0,0,0
2021-04-10,27.0,13.6,20.2,0.0,0.0,14.1,25.9,0,41297.65,21.85,57.458333333333336,37,76,875.0708333333333,28.5,12.1,0,0,0,0
2021-04-11,29.3,13.8,21.2,0.0,0.0,13.6,22.3,0,41210.04,21.87,54.291666666666664,23,85,876.5083333333333,29.6,13.0,0,0,0,0
2021-04-12,28.8,14.9,21.5,0.0,0.0,16.2,33.1,0,41122.98,22.33,31.458333333333332,14,57,878.9499999999999,26.3,12.4,0,0,0,0
2021-04-13,27.6,12.4,20.0,0.0,0.0,11.4,25.6,0,41036.52,21.73,39.416666666666664,19,69,879.25,26.7,10.6,0,0,0,0
2021-04-14,28.8,14.6,21.3,0.0,0.0,14.3,31.3,3,37421.48,16.78,38.458333333333336,21,53,877.2666666666668,28.8,11.7,0,0,0,0
2021-04-15,26.7,17.2,21.9,0.0,0.0,20.4,36.0,1,40865.71,18.72,37.166666666666664,26,49,875.4791666666666,26.3,14.3,0,0,0,0
2021-04-16,27.7,16.4,21.0,0.0,0.0,20.1,37.8,3,40781.49,20.15,38.5,16,72,875.4333333333334,26.3,12.7,0,0,0,0
2021-04-17,20.8,11.9,15.1,0.0,0.0,19.4,36.4,3,30276.85,14.33,59.791666666666664,38,70,878.7875,20.4,8.6,0,0,0,0
2021-04-18,22.0,10.9,15.9,0.0,0.0,10.2,24.5,1,40594.08,20.97,57.458333333333336,37,78,877.9,22.0,9.8,0,0,0,0
2021-04-19,25.2,9.6,17.5,0.0,0.0,12.4,22.7,2,40297.04,20.88,50.25,21,88,876.0916666666667,24.9,8.2,0,0,0,0
2021-04-20,22.7,11.4,16.7,0.0,0.0,22.4,43.2,3,40262.41,20.16,49.458333333333336,30,79,877.8458333333333,21.3,7.5,0,0,0,0
2021-04-21,22.1,9.4,16.0,0.0,0.0,12.5,24.5,2,39965.29,19.05,57.25,35,90,877.0583333333334,22.3,8.2,0,0,0,0
2021-04-22,23.6,10.0,17.0,0.0,0.0,12.3,22.0,3,39404.49,17.95,51.5,29,80,875.6291666666666,23.1,8.7,0,0,0,0
2021-04-23,23.5,12.7,17.3,0.0,0.0,19.5,40.0,3,39370.44,16.86,42.5,26,61,873.4125,21.5,9.4,0,0,0,0
2021-04-24,25.2,10.4,17.3,0.0,0.0,27.3,54.0,2,39601.45,18.08,38.5,19,68,870.5583333333334,20.6,8.6,0,0,0,0
2021-04-25,24.7,9.8,16.9,0.0,0.0,13.8,26.6,0,39834.01,20.47,32.375,16,54,871.3083333333334,22.8,6.0,0,0,0,0
2021-04-26,25.2,10.6,17.5,0.0,0.0,15.5,30.2,1,39537.86,20.19,31.583333333333332,18,43,871.9666666666667,22.4,6.9,0,0,0,0
2021-04-27,26.8,12.1,19.2,0.0,0.0,12.7,29.5,3,39507.36,19.98,29.541666666666668,17,43,871.2541666666666,24.1,8.7,0,0,0,0
2021-04-28,26.8,12.9,20.0,0.0,0.0,12.4,30.6,0,39211.62,19.57,30.875,16,50,872.6916666666666,24.1,9.9,0,0,0,0
2021-04-29,26.2,11.8,18.6,0.0,0.0,15.6,32.8,1,38915.92,18.09,51.25,23,86,872.7166666666667,23.7,10.6,0,0,0,0
2021-04-30,20.0,12.2,15.6,9.1,9.1,16.7,47.2,61,16678.85,10.13,74.75,41,96,871.2875,19.0,11.8,0,0,0,0
2021-05-01,19.3,10.2,14.1,0.0,0.0,20.2,37.1,2,37428.7,15.69,68.20833333333333,38,97,874.0708333333333,18.1,7.1,0,0,0,0
2021-05-02,20.0,7.6,13.4,0.0,0.0,18.1,34.6,3,36581.75,18.3,60.291666666666664,32,91,877.8249999999999,17.5,4.0,0,0,0,0
2021-05-03,21.2,6.8,14.1,0.0,0.0,9.5,25.2,1,38539.49,18.57,60.625,32,92,876.3625000000001,19.8,5.1,0,0,0,0
2021-05-04,21.5,7.4,14.6,0.0,0.0,12.3,27.7,0,38096.33,18.4,58.416666666666664,35,87,873.6458333333334,19.7,5.1,0,0,0,0
2021-05-05,22.5,10.1,15.9,0.0,0.0,14.1,25.6,3,38409.12,18.56,50.708333333333336,27,73,872.3000000000001,21.0,7.1,0,0,0,0
2021-05-06,22.2,10.8,16.2,0.0,0.0,11.1,27.7,3,37910.89,16.52,47.458333333333336,30,67,874.2458333333334,20.0,7.8,0,0,0,0
2021-05-07,20.8,11.1,15.7,0.3,0.3,14.9,30.2,51,36737.97,14.76,65.66666666666667,41,91,876.1,19.3,10.2,0,0,0,0
2021-05-08,20.9,10.4,15.1,0.7,0.7,16.5,38.5,51,36634.31,15.48,69.75,43,92,873.6958333333333,18.9,8.5,0,0,0,0
2021-05-09,21.0,9.2,14.8,0.0,0.0,21.2,38.2,0,37759.32,18.15,46.416666666666664,28,67,873.6333333333333,18.6,4.6,0,0,0,0
2021-05-10,23.5,10.7,16.3,0.0,0.0,20.9,36.7,0,37253.84,17.96,42.75,24,61,876.0166666666668,21.3,6.5,0,0,0,0
2021-05-11,23.5,9.9,16.3,0.0,0.0,16.2,28.4,0,37291.43,18.03,43.75,25,63,877.2041666666668,21.7,7.3,0,0,0,0
2021-05-12,24.8,9.8,17.0,0.0,0.0,14.1,24.8,0,37328.66,18.08,40.833333333333336,19,63,875.9083333333333,23.2,6.6,0,0,0,0
2021-05-13,24.8,11.6,17.7,0.0,0.0,17.2,30.2,0,37365.4,18.04,31.875,17,49,874.9875000000001,22.2,7.5,0,0,0,0
2021-05-14,23.4,8.7,15.8,0.0,0.0,13.5,23.4,0,37127.17,17.88,38.708333333333336,20,60,873.2875,21.3,5.4,0,0,0,0
2021-05-15,23.6,10.3,16.6,0.0,0.0,15.6,35.3,0,37162.46,17.66,34.75,19,53,871.275,20.1,6.4,0,0,0,0
2021-05-16,24.1,11.4,17.2,0.0,0.0,21.6,45.0,0,36647.11,17.34,34.5,20,48,870.2833333333333,19.8,7.4,0,0,0,0
2021-05-17,22.1,9.5,15.4,0.0,0.0,16.6,31.0,2,36680.32,17.59,34.208333333333336,18,55,872.6333333333333,19.3,5.1,0,0,0,0
2021-05-18,21.1,7.5,13.9,0.0,0.0,16.0,33.1,0,36712.83,17.15,42.875,25,61,876.1708333333332,18.3,3.1,0,0,0,0
2021-05-19,22.0,7.8,14.4,0.0,0.0,11.2,28.1,3,36060.79,16.93,55.958333333333336,29,92,876.3083333333334,20.0,6.0,0,0,0,0
2021-05-20,22.7,11.1,16.6,0.0,0.0,19.1,39.2,3,36000.0,16.32,43.458333333333336,23,61,874.3708333333334,19.1,8.7,0,0,0,0
2021-05-21,21.9,11.1,15.3,0.0,0.0,25.6,49.3,3,36000.0,17.0,35.25,13,60,874.0083333333333,17.7,6.0,0,0,0,0
2021-05-22,20.0,7.6,13.3,0.0,0.0,22.2,39.2,3,36447.36,16.36,45.083333333333336,28,83,877.525,17.0,2.2,0,0,0,0
2021-05-23,18.0,9.2,12.7,0.0,0.0,14.0,30.6,3,29015.41,11.21,68.125,40,96,880.1416666666668,15.6,7.3,0,0,0,0
2021-05-24,20.5,6.3,13.6,0.0,0.0,9.7,21.2,0,36192.07,16.42,56.458333333333336,35,84,878.7875,18.9,4.2,0,0,0,0
2021-05-25,20.4,8.7,14.0,0.0,0.0,11.8,25.2,3,36202.53,15.95,51.958333333333336,31,73,876.6083333333332,18.3,6.3,0,0,0,0
2021-05-26,21.9,8.8,15.0,0.0,0.0,15.5,32.4,3,36212.31,16.47,41.125,20,63,875.2875,19.1,4.8,0,0,0,0
2021-05-27,22.5,9.8,15.4,0.0,0.0,18.2,31.7,2,36221.44,16.48,37.166666666666664,19,57,874.5124999999999,19.3,5.8,0,0,0,0
2021-05-28,23.1,10.6,15.8,0.0,0.0,17.4,36.7,1,36229.88,16.45,31.541666666666668,15,45,872.6,18.5,6.2,0,0,0,0
2021-05-29,22.5,10.5,15.3,0.0,0.0,21.6,38.9,2,36237.54,16.53,26.416666666666668,13,40,871.6125000000001,18.3,4.9,0,0,0,0
2021-05-30,21.5,8.4,15.0,0.0,0.0,21.6,40.3,3,36244.46,16.52,23.0,12,37,872.5500000000001,18.0,2.6,0,0,0,0
2021-05-31,18.0,7.8,12.2,0.3,0.3,23.5,48.2,51,36000.0,12.67,62.041666666666664,33,97,872.5958333333333,13.8,3.9,0,0,0,0
2021-06-01,14.7,6.2,10.2,6.2,6.2,14.7,38.9,55,14656.13,8.03,65.91666666666667,24,96,870.4333333333334,10.7,1.4,0,0,0,0
2021-06-02,16.5,4.6,9.7,0.0,0.0,19.5,35.6,1,36000.0,15.18,46.625,27,63,871.3499999999999,13.1,0.2,0,0,0,1
2021-06-03,17.1,6.3,11.2,0.0,0.0,28.8,55.4,3,33725.88,12.09,54.25,34,72,875.4833333333332,11.7,1.9,0,0,0,0
2021-06-04,15.2,5.3,9.2,0.2,0.2,24.4,47.2,51,36268.45,14.98,51.625,22,76,878.0708333333333,10.8,-0.1,0,0,0,0
2021-06-05,16.0,3.2,8.8,0.0,0.0,19.1,40.0,0,36271.26,16.15,47.083333333333336,18,79,879.0541666666667,11.1,-1.8,0,0,0,1
2021-06-06,16.0,3.8,9.5,0.0,0.0,18.6,36.7,2,36000.0,14.49,61.25,35,82,880.0916666666667,12.3,0.1,0,0,0,1
2021-06-07,15.6,5.6,10.2,0.0,0.0,16.0,36.4,3,36000.0,15.01,66.875,36,98,879.1875,11.9,3.0,0,0,0,0
2021-06-08,15.8,5.9,10.3,0.0,0.0,14.5,31.7,3,31816.11,11.72,67.33333333333333,37,92,877.8333333333334,12.3,3.7,0,0,0,0
2021-06-09,15.6,6.8,10.8,0.1,0.1,12.3,25.9,51,24768.93,8.95,70.625,42,90,876.2041666666668,12.8,4.6,0,0,0,0
2021-06-10,16.8,6.3,11.2,0.1,0.1,12.1,22.3,51,32411.75,11.2,65.41666666666667,42,89,875.4083333333333,14.6,3.7,0,0,0,0
2021-06-11,19.7,4.7,11.9,0.0,0.0,14.4,29.5,3,35242.22,12.51,59.625,27,88,874.4666666666667,16.2,2.0,0,0,0,1
2021-06-12,22.3,8.3,14.1,0.0,0.0,17.6,37.1,2,36000.0,14.98,49.916666666666664,22,80,875.3625000000001,18.1,6.2,0,0,0,0
2021-06-13,22.8,10.1,15.5,0.0,0.0,21.6,39.6,0,36272.56,15.4,38.416666666666664,17,65,875.9916666666667,19.3,5.8,0,0,0,0
2021-06-14,22.5,7.6,14.5,0.0,0.0,14.8,29.9,0,36270.35,15.31,37.5,21,58,875.0124999999999,19.4,3.9,0,0,0,0
2021-06-15,20.8,7.3,14.0,0.0,0.0,13.1,31.3,2,36000.0,15.15,38.25,21,60,874.0958333333333,17.3,4.1,0,0,0,0
2021-06-16,20.2,5.5,12.4,0.0,0.0,14.7,33.8,1,36264.52,15.29,40.125,24,60,872.6541666666667,16.4,2.0,0,0,0,0
2021-06-17,22.0,7.4,15.1,0.0,0.0,12.5,26.3,0,36260.91,15.18,34.833333333333336,19,53,874.4208333333332,18.6,4.1,0,0,0,0
2021-06-18,22.5,9.4,15.3,0.0,0.0,18.2,37.8,2,36000.0,14.86,38.25,20,74,878.4791666666666,18.9,5.1,0,0,0,0
2021-06-19,18.2,8.2,12.6,0.1,0.1,14.4,28.4,51,36000.0,12.22,66.91666666666667,36,94,882.6374999999999,15.9,5.4,0,0,0,0
2021-06-20,19.6,6.6,12.7,0.0,0.0,8.1,22.0,3,36245.59,14.36,59.75,24,94,880.8958333333334,17.2,4.9,0,0,0,0
2021-06-21,17.9,4.8,10.9,0.0,0.0,9.4,24.5,0,36239.1,15.19,56.75,31,87,878.0416666666666,15.3,2.5,0,0,0,1
2021-06-22,18.4,4.8,11.3,0.0,0.0,15.3,35.3,0,36232.0,15.12,53.833333333333336,29,84,875.5708333333333,14.6,2.2,0,0,0,1
2021-06-23,18.9,7.7,12.6,0.0,0.0,13.4,31.0,0,36224.28,15.19,45.083333333333336,27,64,873.9375,15.4,4.1,0,0,0,0
2021-06-24,20.9,6.8,13.8,0.0,0.0,14.0,27.7,1,36216.06,15.13,40.041666666666664,23,61,873.65,17.6,3.0,0,0,0,0
2021-06-25,21.5,9.0,14.7,0.0,0.0,18.2,38.5,0,36207.25,15.11,38.916666666666664,24,55,872.4041666666667,17.1,5.6,0,0,0,0
2021-06-26,22.2,10.0,15.0,0.0,0.0,23.9,48.6,0,36483.49,15.38,30.458333333333332,15,49,870.1625,16.5,5.0,0,0,0,0
2021-06-27,21.0,4.8,12.6,0.0,0.0,16.1,29.2,0,36473.64,15.86,27.708333333333332,12,48,871.5958333333333,16.5,0.4,0,0,0,1
2021-06-28,22.4,8.3,15.3,0.0,0.0,21.1,45.0,0,36463.42,15.4,26.958333333333332,19,42,872.9291666666667,17.2,4.3,0,0,0,0
2021-06-29,23.9,7.8,17.1,0.0,0.0,16.8,36.7,2,36452.77,15.27,31.083333333333332,18,58,874.0833333333334,19.3,3.9,0,0,0,0
2021-06-30,23.9,7.8,16.3,0.0,0.0,21.6,44.6,2,36441.79,15.42,32.416666666666664,18,50,874.0458333333332,18.8,3.7,0,0,0,0
2021-07-01,23.0,9.1,15.2,0.0,0.0,20.1,41.0,2,36715.32,15.42,31.041666666666668,11,53,875.2875,17.7,4.3,0,0,0,0
2021-07-02,22.3,6.1,12.9,0.0,0.0,17.0,30.2,0,36703.57,16.02,29.375,9,58,876.6041666666666,18.1,1.4,0,0,0,0
2021-07-03,22.4,7.8,14.7,0.0,0.0,16.9,37.1,0,36691.53,15.96,24.083333333333332,14,34,875.8583333333332,17.5,3.5,0,0,0,0
2021-07-04,24.0,8.1,15.6,0.0,0.0,12.7,26.3,0,36679.26,15.92,26.5,11,44,874.4375,20.2,3.6,0,0,0,0
2021-07-05,21.9,8.5,14.5,0.0,0.0,19.1,33.5,0,36666.8,15.8,33.291666666666664,13,79,876.25,18.6,3.2,0,0,0,0
2021-07-06,15.6,8.1,11.5,0.3,0.3,20.2,40.0,51,23050.38,8.15,73.58333333333333,48,95,878.6166666666667,12.1,5.5,0,0,0,0
2021-07-07,18.5,4.8,11.5,0.0,0.0,8.8,25.2,2,36925.01,14.95,60.291666666666664,30,92,877.3000000000001,16.0,2.5,0,0,0,1
2021-07-08,18.1,4.5,12.6,0.0,0.0,13.7,31.0,0,36911.45,15.74,45.791666666666664,27,81,877.4125,14.9,1.1,0,0,0,1
2021-07-09,20.5,6.1,12.5,0.0,0.0,12.4,29.9,0,36897.36,15.8,44.208333333333336,23,65,876.1625,17.3,2.5,0,0,0,0
2021-07-10,20.2,5.5,12.6,0.0,0.0,12.4,29.9,0,37165.64,15.86,43.333333333333336,23,73,876.9125,17.2,2.2,0,0,0,0
2021-07-11,20.9,7.3,13.7,0.0,0.0,9.4,22.7,0,37150.35,16.02,36.958333333333336,20,57,877.2458333333334,18.0,4.4,0,0,0,0
2021-07-12,19.8,5.6,13.3,0.0,0.0,22.7,45.4,0,37416.86,16.1,35.875,21,58,874.2583333333333,14.8,1.4,0,0,0,0
2021-07-13,14.4,3.5,9.2,0.0,0.0,27.8,53.3,0,37682.23,16.58,35.083333333333336,16,50,872.2541666666666,9.7,-2.2,0,0,0,1
2021-07-14,14.1,0.2,6.8,0.0,0.0,21.6,38.5,0,37665.18,16.74,35.708333333333336,15,60,877.1833333333334,9.3,-5.7,0,0,0,1
2021-07-15,14.1,3.6,8.9,0.0,0.0,12.1,28.4,2,36242.47,11.8,67.66666666666667,47,89,879.7291666666666,11.1,0.9,0,0,0,1
2021-07-16,15.1,4.4,9.4,0.0,0.0,9.7,22.7,3,26968.52,10.7,65.875,36,92,879.4875000000001,12.1,1.7,0,0,0,1
2021-07-17,17.7,3.8,10.5,0.0,0.0,16.6,30.6,1,37612.27,15.84,45.875,19,78,878.2333333333332,13.8,1.0,0,0,0,1
2021-07-18,17.7,4.0,9.9,0.0,0.0,21.3,43.2,0,37849.95,17.18,26.291666666666668,9,55,878.8458333333333,12.5,-1.2,0,0,0,1
2021-07-19,16.9,0.9,8.9,0.0,0.0,11.2,23.0,0,37855.4,17.16,28.541666666666668,11,50,876.4625,13.7,-3.2,0,0,0,1
2021-07-20,16.9,3.2,10.3,0.0,0.0,13.3,31.7,0,37908.4,16.84,32.666666666666664,19,45,874.3291666666668,12.8,-1.1,0,0,0,1
2021-07-21,18.5,3.6,11.1,0.0,0.0,23.5,43.6,0,37817.72,16.53,37.125,21,63,874.6625,13.2,-0.4,0,0,0,1
2021-07-22,12.2,2.2,6.5,0.0,0.0,26.9,53.6,0,37967.0,17.6,25.875,14,39,877.0500000000001,7.2,-4.9,0,0,0,1
2021-07-23,14.3,-0.1,6.1,0.0,0.0,20.7,40.0,0,37996.21,17.59,28.75,9,47,879.1916666666666,10.0,-6.3,0,0,0,1
2021-07-24,14.1,1.0,6.9,0.0,0.0,17.1,36.0,0,38025.27,16.88,37.75,10,68,882.3874999999999,9.9,-4.2,0,0,0,1
2021-07-25,14.4,1.6,7.7,0.0,0.0,15.3,27.7,0,38054.13,17.26,47.958333333333336,22,89,882.5749999999999,11.3,-2.7,0,0,0,1
2021-07-26,15.3,1.4,7.9,0.0,0.0,11.1,26.6,0,38082.72,17.26,51.166666666666664,27,87,880.4041666666667,12.0,-2.0,0,0,0,1
2021-07-27,16.6,3.4,9.5,0.0,0.0,10.9,27.7,0,38111.11,17.46,45.166666666666664,21,73,877.5708333333333,12.9,0.7,0,0,0,1
2021-07-28,17.9,2.3,10.3,0.0,0.0,11.9,29.9,0,38139.63,17.56,39.458333333333336,19,70,874.6875,14.4,-1.5,0,0,0,1
2021-07-29,21.0,6.5,13.1,0.0,0.0,18.0,39.6,0,38168.28,17.6,31.75,13,52,876.6999999999999,16.5,2.0,0,0,0,0
2021-07-30,20.7,7.2,13.5,0.0,0.0,20.0,35.6,0,38197.03,17.61,29.541666666666668,16,48,881.7666666666668,17.4,2.2,0,0,0,0
2021-07-31,20.5,4.6,12.5,0.0,0.0,10.9,21.6,0,38225.86,17.52,51.541666666666664,23,89,882.75,18.7,2.1,0,0,0,1
2021-08-01,22.0,5.9,14.5,0.0,0.0,17.7,31.3,0,38254.73,17.93,26.958333333333332,13,46,879.725,18.4,2.4,0,0,0,0
2021-08-02,24.4,9.4,15.5,0.0,0.0,25.9,47.2,0,38283.62,18.33,20.583333333333332,7,32,876.9916666666667,20.3,3.6,0,0,0,0
2021-08-03,19.5,6.2,12.9,0.0,0.0,14.3,33.1,1,38312.51,17.65,50.833333333333336,28,85,878.9541666666668,16.6,3.5,0,0,0,0
2021-08-04,21.5,7.7,13.7,0.0,0.0,10.0,25.6,2,38341.36,17.84,49.958333333333336,24,80,878.0583333333334,19.3,4.9,0,0,0,0
2021-08-05,22.2,6.5,14.5,0.0,0.0,10.0,25.2,0,38370.16,18.04,38.416666666666664,20,65,875.8208333333333,19.6,3.3,0,0,0,0
2021-08-06,24.0,8.9,16.1,0.0,0.0,19.5,40.3,0,38398.87,18.07,32.625,18,50,874.9041666666667,20.2,5.4,0,0,0,0
2021-08-07,24.2,10.0,16.6,0.0,0.0,19.6,34.9,0,38427.48,18.71,16.75,9,29,875.8541666666666,21.5,4.3,0,0,0,0
2021-08-08,23.4,7.3,14.9,0.0,0.0,14.3,34.2,0,38455.95,18.49,33.666666666666664,16,65,875.9,20.0,3.0,0,0,0,0
2021-08-09,25.3,11.4,17.6,0.0,0.0,24.0,49.3,0,38484.27,18.52,31.541666666666668,14,51,874.5,20.5,8.3,0,0,0,0
2021-08-10,20.0,9.1,14.1,0.0,0.0,23.9,43.6,3,38512.41,14.44,45.208333333333336,26,78,876.9625,16.9,2.9,0,0,0,0
2021-08-11,19.0,7.1,12.9,0.0,0.0,18.4,40.0,3,38222.86,17.71,62.416666666666664,36,93,875.1166666666667,15.9,4.8,0,0,0,0
2021-08-12,23.6,7.8,15.2,0.0,0.0,24.2,50.0,0,38568.08,18.58,49.375,21,83,870.9250000000001,19.0,5.3,0,0,0,0
2021-08-13,20.0,7.3,12.6,0.6,0.6,33.1,63.0,51,35628.53,13.32,54.333333333333336,36,72,875.35,15.3,1.8,0,0,0,0
2021-08-14,16.5,6.7,10.9,0.0,0.0,32.1,63.7,3,28216.07,13.73,63.041666666666664,43,77,879.6625,10.5,1.9,0,0,0,0
2021-08-15,17.6,7.9,11.6,0.4,0.4,18.4,38.5,51,19160.8,8.55,73.29166666666667,46,93,877.975,15.4,5.0,0,0,0,0
2021-08-16,21.1,6.6,13.5,0.0,0.0,10.8,29.9,1,38676.36,18.09,65.75,33,98,877.9,19.0,4.6,0,0,0,0
2021-08-17,21.8,6.5,14.1,0.0,0.0,14.9,37.4,1,38820.38,19.05,59.791666666666664,30,94,875.7166666666667,19.2,4.0,0,0,0,0
2021-08-18,24.0,11.0,17.1,0.0,0.0,21.0,43.9,0,39083.38,19.2,35.625,21,53,870.9666666666667,19.6,7.7,0,0,0,0
2021-08-19,24.4,8.1,15.9,0.0,0.0,22.7,46.4,0,39344.77,20.2,21.666666666666668,8,45,868.4166666666666,19.2,3.5,0,0,0,0
2021-08-20,25.0,7.3,16.1,0.0,0.0,19.1,41.4,1,39341.38,20.26,33.583333333333336,11,76,870.5208333333334,20.5,2.4,0,0,0,0
2021-08-21,23.1,9.4,15.6,0.0,0.0,24.1,50.0,2,38811.44,16.24,64.54166666666667,35,97,872.8333333333334,19.5,7.7,0,0,0,0
2021-08-22,25.5,10.9,18.1,0.2,0.2,21.4,45.4,51,39070.02,18.01,55.375,24,89,873.9708333333333,22.4,9.6,0,0,0,0
2021-08-23,23.5,9.6,16.1,0.0,0.0,17.9,40.3,3,38728.86,18.56,61.416666666666664,34,91,874.0833333333334,20.5,7.6,0,0,0,0
2021-08-24,25.5,11.7,17.8,0.4,0.4,22.3,50.8,51,37351.15,16.35,52.208333333333336,23,87,872.7166666666667,22.2,10.2,0,0,0,0
2021-08-25,27.1,13.5,20.0,0.0,0.0,16.2,36.4,3,33598.87,17.28,33.916666666666664,21,68,874.2666666666668,25.3,9.0,0,0,0,0
2021-08-26,25.0,13.4,18.5,0.8,0.8,18.8,43.2,51,37794.01,18.95,59.291666666666664,30,90,873.4499999999999,22.5,12.3,0,0,0,0
2021-08-27,26.9,11.6,19.2,0.0,0.0,20.0,43.6,3,38395.12,17.39,45.416666666666664,21,85,870.4499999999999,23.8,10.3,0,0,0,0
2021-08-28,18.6,5.6,13.3,0.5,0.5,27.8,59.4,51,40075.29,19.56,32.291666666666664,15,54,871.5749999999999,16.1,-1.1,0,0,0,0
2021-08-29,18.1,1.8,10.0,0.0,0.0,25.9,48.6,0,41042.58,21.69,35.458333333333336,19,73,874.6999999999999,14.8,-4.5,0,0,0,1
2021-08-30,20.5,4.9,12.6,0.0,0.0,13.9,34.6,0,40837.38,21.35,48.75,25,76,872.6458333333334,17.8,1.6,0,0,0,1
2021-08-31,26.5,9.6,17.4,0.0,0.0,20.9,36.4,0,41213.73,21.94,25.958333333333332,9,50,871.8041666666667,23.0,5.4,0,0,0,0
2021-09-01,26.9,11.6,18.6,0.0,0.0,20.4,36.0,0,41299.56,22.54,20.458333333333332,5,68,873.4,23.3,5.9,0,0,0,0
2021-09-02,25.0,9.9,16.9,0.0,0.0,18.4,40.7,0,41325.82,21.42,58.541666666666664,28,94,874.5416666666666,22.2,8.3,0,0,0,0
2021-09-03,28.5,10.4,19.7,0.0,0.0,17.3,38.5,0,41471.43,21.64,41.791666666666664,15,81,873.3625000000001,25.2,8.4,0,0,0,0
2021-09-04,28.6,11.3,19.8,0.0,0.0,18.1,32.4,1,41557.35,21.7,28.916666666666668,13,49,873.5083333333333,26.2,7.9,0,0,0,0
2021-09-05,27.0,15.4,20.1,0.0,0.0,17.0,38.2,3,37869.0,19.05,40.833333333333336,25,65,874.7375000000001,25.7,12.6,0,0,0,0
2021-09-06,28.1,13.4,21.0,0.1,0.1,21.0,45.0,51,41729.39,19.21,35.0,18,59,873.15,24.2,10.7,0,0,0,0
2021-09-07,26.0,13.4,18.2,3.2,3.2,19.8,45.7,53,35962.85,17.66,50.083333333333336,27,90,873.8583333333332,23.6,11.2,0,0,0,0
2021-09-08,18.4,10.1,13.9,5.2,5.2,19.8,43.2,55,20706.4,10.79,74.41666666666667,54,87,875.8791666666666,16.4,6.9,0,0,0,0
2021-09-09,23.5,9.1,16.1,0.0,0.0,14.9,35.6,1,41991.78,20.64,61.375,29,95,878.4583333333334,21.5,7.4,0,0,0,0
2021-09-10,23.2,9.8,16.1,0.0,0.0,13.5,31.3,3,36352.91,21.24,59.458333333333336,30,97,881.8874999999999,21.8,8.6,0,0,0,0
2021-09-11,24.1,7.0,16.0,0.0,0.0,10.6,26.3,0,42169.24,23.21,43.291666666666664,18,86,880.3333333333334,23.3,4.4,0,0,0,0
2021-09-12,25.2,6.8,16.2,0.0,0.0,11.7,29.2,0,42258.55,23.9,32.333333333333336,11,74,876.3249999999999,23.1,3.9,0,0,0,0
2021-09-13,26.8,9.8,18.7,0.0,0.0,11.7,27.7,0,42348.17,24.24,17.541666666666668,8,34,872.65,24.7,5.9,0,0,0,0
2021-09-14,28.3,9.9,19.6,0.0,0.0,17.9,40.3,0,42438.06,24.02,20.958333333333332,9,42,871.6208333333334,24.5,6.3,0,0,0,0
2021-09-15,30.9,16.2,23.2,0.0,0.0,21.8,46.4,0,42528.14,23.34,21.666666666666668,13,37,870.8375,27.2,12.1,0,0,0,0
2021-09-16,28.9,14.4,21.0,0.0,0.0,33.3,64.1,1,42618.38,21.62,32.791666666666664,11,74,870.1666666666666,26.4,8.6,0,0,0,0
2021-09-17,24.2,9.6,16.9,0.0,0.0,22.6,43.9,3,42708.7,24.33,32.0,13,80,872.8666666666667,22.5,4.5,0,0,0,0
2021-09-18,21.5,10.5,15.7,0.0,0.0,20.6,38.9,3,42799.05,21.45,48.291666666666664,30,67,876.7833333333333,19.1,6.8,0,0,0,0
2021-09-19,23.8,8.3,16.0,0.0,0.0,16.6,38.5,0,42889.38,23.62,49.291666666666664,26,79,874.6916666666666,21.0,5.7,0,0,0,0
2021-09-20,28.8,12.1,20.2,0.1,0.1,29.1,60.8,51,42979.64,22.06,40.583333333333336,19,68,871.5500000000001,26.0,10.1,0,0,0,0
2021-09-21,28.5,13.2,20.3,0.0,0.0,24.4,49.7,1,43069.76,24.89,24.666666666666668,9,69,874.25,27.1,7.1,0,0,0,0
2021-09-22,23.2,11.7,17.0,0.0,0.0,19.2,37.8,3,43159.7,21.81,52.875,31,77,878.5041666666666,22.2,9.1,0,0,0,0
2021-09-23,23.7,8.4,16.6,0.0,0.0,17.3,39.6,3,43194.25,24.77,40.291666666666664,22,66,876.1166666666667,21.6,5.4,0,0,0,0
2021-09-24,30.0,12.2,21.0,0.0,0.0,10.2,27.4,1,43200.0,24.26,29.375,15,44,875.1625,28.6,8.6,0,0,0,0
2021-09-25,30.7,12.4,22.6,0.0,0.0,13.7,28.8,3,43200.0,24.45,26.166666666666668,13,52,876.2541666666666,30.1,9.2,0,0,0,0
2021-09-26,33.0,13.7,23.7,0.0,0.0,18.2,33.8,3,43200.0,24.43,32.041666666666664,12,63,874.4458333333333,32.4,11.9,0,0,0,0
2021-09-27,28.2,15.5,21.9,0.0,0.0,19.9,42.5,2,43200.0,23.5,27.666666666666668,17,45,872.6708333333332,26.1,12.7,0,0,0,0
2021-09-28,31.0,16.4,23.8,0.0,0.0,11.6,32.0,2,43200.0,22.79,25.25,14,42,870.7708333333334,30.3,13.0,0,0,0,0
2021-09-29,31.2,16.7,22.8,1.1,1.1,29.8,60.8,53,39600.0,22.51,37.625,16,81,872.3333333333334,28.2,14.6,0,0,0,0
2021-09-30,25.4,14.6,18.8,1.5,1.5,26.6,56.2,53,42944.36,19.54,66.29166666666667,36,92,874.6291666666666,22.9,13.9,0,0,0,0
2021-10-01,22.3,14.2,16.8,5.8,5.8,25.3,62.3,61,21524.25,13.24,77.25,50,94,871.6166666666667,20.2,13.3,0,0,0,0
2021-10-02,23.2,12.4,17.5,3.4,3.4,21.6,59.4,55,39600.0,17.53,71.08333333333333,45,94,866.6041666666666,21.2,11.9,0,0,0,0
2021-10-03,25.9,11.1,17.6,0.0,0.0,25.1,51.8,2,43200.0,26.58,38.083333333333336,12,96,868.1541666666667,22.7,6.3,0,0,0,0
2021-10-04,20.9,11.6,16.0,0.8,0.8,18.9,41.0,51,33782.36,16.79,74.16666666666667,46,97,873.4125,18.5,11.1,0,0,0,0
2021-10-05,24.9,10.9,17.3,0.0,0.0,16.6,38.5,3,39600.0,25.16,60.416666666666664,29,99,874.1083333333332,23.9,9.3,0,0,0,0
2021-10-06,26.4,12.1,18.8,1.3,1.3,16.2,31.3,53,43200.0,21.84,64.25,33,90,873.5791666666668,26.8,11.2,0,0,0,0
2021-10-07,26.9,13.8,19.2,9.0,9.0,25.7,49.3,63,43200.0,21.86,68.625,36,94,874.275,26.3,12.9,0,0,0,0
2021-10-08,22.4,13.9,17.4,5.7,5.7,17.7,43.9,61,25200.0,13.52,79.16666666666667,54,99,870.7208333333333,21.2,13.0,0,0,0,0
2021-10-09,28.2,12.2,20.6,0.0,0.0,18.4,40.0,1,43200.0,25.46,48.125,26,83,869.3541666666666,26.4,10.7,0,0,0,0
2021-10-10,24.5,12.7,18.4,0.1,0.1,28.4,54.7,51,42967.88,24.43,48.208333333333336,24,85,875.4333333333334,23.5,8.2,0,0,0,0
2021-10-11,22.9,8.7,15.3,0.0,0.0,15.1,34.2,0,43200.0,27.47,54.166666666666664,27,92,878.8208333333333,21.9,5.9,0,0,0,0
2021-10-12,27.8,8.9,18.6,0.0,0.0,13.2,28.8,3,43200.0,27.51,38.083333333333336,15,72,875.9625,26.9,7.0,0,0,0,0
2021-10-13,30.0,14.0,21.6,0.0,0.0,14.6,26.3,1,43200.0,28.08,21.25,9,38,872.8249999999999,28.4,10.0,0,0,0,0
2021-10-14,31.9,14.8,23.7,0.0,0.0,15.6,35.6,0,43284.78,28.3,16.916666666666668,9,29,870.8041666666667,29.4,11.2,0,0,0,0
2021-10-15,32.5,13.9,24.4,0.0,0.0,16.8,36.0,0,43515.27,28.0,19.416666666666668,9,41,869.6458333333334,29.9,10.6,0,0,0,0
2021-10-16,32.6,14.9,23.9,0.0,0.0,27.9,54.7,2,43488.77,25.34,29.25,10,58,867.4708333333333,28.6,12.4,1,0,0,0
2021-10-17,29.0,13.6,20.9,0.0,0.0,23.5,44.6,3,43204.24,28.0,16.166666666666668,9,30,869.4250000000001,26.6,7.6,0,0,0,0
2021-10-18,25.4,11.9,17.3,0.0,0.0,24.7,50.0,3,43436.3,27.09,51.458333333333336,19,82,874.4333333333334,25.2,8.9,0,0,0,0
2021-10-19,21.9,10.9,15.2,1.9,1.9,17.4,32.4,55,32248.56,18.85,63.333333333333336,38,87,877.3541666666666,20.9,8.6,0,0,0,0
2021-10-20,23.1,8.5,16.4,0.0,0.0,15.0,32.4,3,43643.98,27.64,53.25,29,87,876.875,22.9,6.6,0,0,0,0
2021-10-21,26.0,9.8,19.2,0.0,0.0,13.8,33.1,3,35172.56,25.04,40.291666666666664,18,82,873.8166666666666,24.7,7.6,0,0,0,0
2021-10-22,26.2,14.3,20.3,1.1,1.1,27.1,52.9,51,36871.74,21.79,43.958333333333336,29,70,870.4,24.8,12.7,0,0,0,0
2021-10-23,31.5,14.4,23.2,0.0,0.0,27.0,52.9,0,44090.66,28.52,28.416666666666668,13,51,869.0083333333333,28.1,11.0,0,0,0,0
2021-10-24,31.8,14.1,21.8,0.2,0.2,28.8,49.7,51,44328.2,28.37,32.375,8,68,872.3166666666666,29.3,7.8,0,0,0,0
2021-10-25,24.1,11.8,17.6,0.9,0.9,28.7,56.2,51,37552.41,22.22,64.95833333333333,42,86,875.1833333333334,22.2,9.1,0,0,0,0
2021-10-26,22.6,13.1,18.0,0.1,0.1,18.2,36.4,51,24188.66,16.08,71.29166666666667,49,92,876.0500000000001,22.1,11.8,0,0,0,0
2021-10-27,23.8,14.1,18.3,0.4,0.4,20.9,40.3,51,14641.77,13.12,72.625,49,96,878.6374999999999,22.1,13.4,0,0,0,0
2021-10-28,20.2,13.3,16.9,0.5,0.5,17.7,34.9,51,3134.5,9.03,73.20833333333333,54,90,876.9291666666667,18.7,12.6,0,0,0,0
2021-10-29,25.6,13.0,18.7,1.7,1.7,16.5,47.2,61,40191.45,22.35,65.5,38,90,871.8208333333333,24.8,12.1,0,0,0,0
2021-10-30,27.6,12.9,20.0,1.2,1.2,21.6,41.4,55,44992.81,29.45,50.916666666666664,18,94,868.8166666666666,26.1,11.9,0,0,0,0
2021-10-31,27.7,11.3,19.7,0.0,0.0,20.7,37.1,1,45440.62,28.97,49.833333333333336,25,92,870.0666666666666,28.0,8.9,0,0,0,0
2021-11-01,30.0,12.9,21.9,0.0,0.0,18.4,42.1,1,45482.59,29.01,47.666666666666664,22,91,868.4958333333334,28.8,12.4,0,0,0,0
2021-11-02,31.6,16.4,24.1,0.0,0.0,24.0,44.3,0,45523.06,30.23,25.291666666666668,9,48,868.5791666666668,28.8,12.1,0,0,0,0
2021-11-03,32.0,12.6,23.3,0.0,0.0,19.9,44.6,3,45561.97,30.23,24.0,9,51,871.1666666666666,29.1,9.2,0,0,0,0
2021-11-04,32.2,16.1,23.9,0.2,0.2,28.5,50.4,51,42051.07,27.36,39.916666666666664,12,74,873.2708333333334,30.3,14.7,1,0,0,0
2021-11-05,32.7,16.0,24.6,0.4,0.4,38.0,69.5,51,45766.84,26.52,41.875,11,81,872.9041666666667,31.1,15.8,1,0,0,0
2021-11-06,32.8,17.0,24.7,0.3,0.3,23.2,48.2,51,45670.21,29.0,42.791666666666664,15,80,871.8541666666666,32.0,17.1,1,0,0,0
2021-11-07,31.9,16.0,23.0,1.4,1.4,23.6,49.7,53,45675.71,27.11,49.125,23,70,870.8083333333334,30.1,15.1,1,0,0,0
2021-11-08,24.4,16.0,18.4,12.1,12.1,25.3,58.3,63,19306.69,13.45,81.25,53,97,869.475,23.3,15.4,0,0,0,0
2021-11-09,26.1,13.6,19.3,0.0,0.0,24.1,41.4,3,43522.64,30.58,52.0,28,94,871.6416666666668,27.0,9.7,0,0,0,0
2021-11-10,24.9,14.0,19.3,0.9,0.9,16.4,34.2,51,44611.52,25.41,68.41666666666667,49,89,874.6750000000001,25.7,12.3,0,0,0,0
2021-11-11,29.0,14.2,21.9,0.0,0.0,16.2,28.8,3,45828.45,29.06,57.041666666666664,25,91,872.5500000000001,29.6,14.3,0,0,0,0
2021-11-12,30.1,16.3,22.9,0.1,0.1,21.4,45.4,51,45856.54,27.08,51.208333333333336,18,91,870.6666666666666,28.6,15.3,0,0,0,0
2021-11-13,32.9,14.9,24.0,0.0,0.0,19.7,40.7,3,46127.61,29.61,36.291666666666664,16,61,870.4083333333333,31.0,12.7,0,0,0,0
2021-11-14,31.4,17.6,24.8,0.0,0.0,25.1,50.4,2,46403.41,27.26,38.833333333333336,20,59,873.6333333333333,31.0,16.4,1,0,0,0
2021-11-15,31.2,16.2,23.6,0.0,0.0,21.3,42.5,2,46678.75,28.2,48.916666666666664,20,73,874.1708333333332,30.6,15.7,1,0,0,0
2021-11-16,33.3,18.1,25.7,0.0,0.0,18.4,40.0,3,46682.38,29.52,43.25,17,77,870.0916666666667,32.8,18.5,1,0,0,0
2021-11-17,32.2,19.2,25.1,0.6,0.6,32.8,61.6,53,44737.91,26.81,41.916666666666664,22,60,868.6666666666666,30.4,18.7,1,0,0,0
2021-11-18,31.8,15.7,23.5,1.4,1.4,24.5,47.5,55,41925.61,27.38,49.458333333333336,26,88,868.8791666666666,31.2,15.8,1,0,0,0
2021-11-19,29.3,15.9,20.9,2.2,2.2,24.8,52.2,61,43629.46,27.07,63.375,30,87,870.0625,28.7,14.6,0,0,0,0
2021-11-20,24.5,14.5,18.3,4.1,4.1,23.9,45.0,63,18205.78,16.53,74.08333333333333,45,91,870.5916666666667,25.1,13.6,0,0,0,0
2021-11-21,18.8,14.6,16.0,8.9,8.9,27.1,49.3,63,903.47,7.39,90.75,78,99,870.3874999999999,16.7,13.5,0,0,0,0
2021-11-22,24.3,14.3,18.3,8.8,8.8,20.3,40.7,63,24018.75,17.97,80.0,56,99,869.8874999999999,25.0,13.9,0,0,0,0
2021-11-23,26.0,15.0,19.6,4.7,4.7,23.0,45.7,61,45306.26,28.71,52.291666666666664,20,97,868.5583333333334,23.2,12.4,0,0,0,0
2021-11-24,26.5,13.4,20.2,0.0,0.0,20.5,42.1,3,48030.09,28.14,45.5,24,75,869.1958333333333,25.2,10.4,0,0,0,0
2021-11-25,21.4,13.5,16.1,15.2,15.2,22.7,44.6,63,11538.01,12.78,80.95833333333333,55,96,872.5791666666668,19.8,12.0,0,0,0,0
2021-11-26,21.4,11.9,15.5,16.4,16.4,26.9,51.8,63,25642.22,17.32,80.41666666666667,46,95,876.1750000000001,18.4,10.2,0,0,0,0
2021-11-27,20.0,12.7,15.6,2.8,2.8,24.0,45.4,61,12727.97,14.71,79.41666666666667,62,96,875.15,18.7,10.2,0,0,0,0
2021-11-28,24.8,12.9,18.6,1.7,1.7,23.4,47.5,53,45823.43,26.02,71.33333333333333,47,94,872.7541666666666,24.2,11.7,0,0,0,0
2021-11-29,29.0,15.6,22.3,0.2,0.2,19.6,38.9,51,47413.9,28.71,56.958333333333336,29,84,872.125,28.9,15.4,0,0,0,0
2021-11-30,29.2,15.6,21.6,1.3,1.3,15.2,35.3,51,41713.6,29.18,63.208333333333336,33,94,872.1125000000001,29.6,15.8,0,0,0,0
2021-12-01,30.4,17.0,22.8,0.9,0.9,29.7,55.8,53,48568.95,29.21,56.666666666666664,33,74,872.4625,31.1,15.6,0,0,0,0
2021-12-02,27.8,17.4,21.6,0.7,0.7,12.5,30.6,53,38351.4,24.04,63.625,41,79,873.0458333333332,29.8,17.2,0,0,0,0
2021-12-03,31.1,16.6,22.6,10.3,10.3,22.0,45.0,63,43360.45,28.18,64.20833333333333,29,90,873.2791666666667,31.7,16.9,0,0,0,0
2021-12-04,29.0,17.8,21.5,15.1,15.1,29.4,66.6,63,37040.02,23.63,73.33333333333333,43,89,872.475,29.1,17.6,0,0,0,0
2021-12-05,20.7,15.8,18.1,25.2,25.2,18.9,37.4,63,10633.58,10.18,86.83333333333333,72,97,872.6958333333333,20.8,14.2,0,0,1,0
2021-12-06,25.4,15.6,19.6,4.2,4.2,18.6,37.8,55,33804.76,18.22,79.5,54,99,872.7333333333332,25.3,16.5,0,0,0,0
2021-12-07,26.3,15.5,21.1,3.4,3.4,17.4,51.1,63,48682.83,27.0,71.5,43,91,874.3083333333334,30.4,16.0,0,0,0,0
2021-12-08,22.5,15.5,18.7,3.3,3.3,15.6,36.0,53,24329.97,17.09,83.83333333333333,62,97,875.525,23.4,16.3,0,0,0,0
2021-12-09,25.6,13.6,19.2,1.3,1.3,14.5,32.4,55,43240.85,26.22,79.79166666666667,52,98,874.1625,27.8,13.5,0,0,0,0
2021-12-10,28.0,15.8,21.4,0.4,0.4,9.8,25.9,51,43736.14,28.82,74.0,42,97,872.8541666666666,31.1,17.0,0,0,0,0
2021-12-11,28.4,15.7,20.8,6.7,6.7,20.6,40.0,63,29309.18,22.28,72.83333333333333,41,92,872.6916666666666,30.2,16.6,0,0,0,0
2021-12-12,26.1,16.8,19.9,8.4,8.4,13.9,33.5,55,27611.71,21.73,77.875,52,94,873.6625,27.7,17.5,0,0,0,0
2021-12-13,19.8,15.3,17.9,24.3,24.3,9.2,18.7,63,0.0,7.17,89.625,77,99,872.5333333333333,21.5,16.5,0,0,1,0
2021-12-14,26.6,13.1,20.3,0.5,0.5,20.5,40.0,51,48954.23,31.45,65.41666666666667,40,99,870.6541666666667,30.4,12.1,0,0,0,0
2021-12-15,27.6,15.6,21.2,0.5,0.5,18.4,38.2,53,45368.78,27.15,71.16666666666667,47,92,870.0791666666668,29.2,15.7,0,0,0,0
2021-12-16,23.6,14.9,18.4,21.1,21.1,31.5,65.2,65,26472.4,19.79,76.66666666666667,60,93,870.0333333333333,26.1,12.1,0,0,1,0
2021-12-17,23.4,13.7,18.2,0.9,0.9,24.6,44.6,51,42010.76,26.25,66.29166666666667,53,88,874.4083333333333,23.7,10.4,0,0,0,0
2021-12-18,20.0,12.2,15.7,0.8,0.8,21.3,40.7,51,23101.64,17.92,71.08333333333333,57,84,875.3458333333333,19.4,9.9,0,0,0,0
2021-12-19,19.0,11.6,14.6,2.2,2.2,15.1,29.2,53,12013.16,13.27,82.16666666666667,64,95,873.4875000000001,18.6,10.1,0,0,0,0
2021-12-20,21.6,11.4,17.4,1.0,1.0,10.7,27.4,53,48287.54,23.93,73.45833333333333,57,96,873.5375,22.3,10.4,0,0,0,0
2021-12-21,24.4,13.4,18.8,1.0,1.0,11.3,27.4,51,36799.79,22.43,70.95833333333333,50,97,873.8083333333334,25.8,13.2,0,0,0,0
2021-12-22,25.5,14.9,19.6,5.9,5.9,14.3,42.8,63,48529.02,28.17,73.29166666666667,51,94,870.025,26.8,14.8,0,0,0,0
2021-12-23,23.3,15.4,18.8,28.3,28.3,18.7,43.9,65,30071.41,20.79,75.33333333333333,55,92,867.25,26.5,14.1,0,0,1,0
2021-12-24,27.3,14.1,21.3,0.0,0.0,19.2,41.8,1,49001.31,31.91,58.0,31,92,869.0583333333334,27.3,14.4,0,0,0,0
2021-12-25,27.0,15.4,19.6,4.2,4.2,31.4,55.8,63,27966.35,23.62,76.20833333333333,44,100,872.3416666666667,28.6,14.3,0,0,0,0
2021-12-26,26.9,15.0,20.0,0.4,0.4,21.5,45.0,51,37796.29,24.08,70.25,42,98,873.2291666666666,27.2,15.2,0,0,0,0
2021-12-27,18.5,16.1,17.2,50.8,50.8,31.8,77.4,65,1388.93,5.7,93.66666666666667,78,98,869.1333333333333,19.3,16.5,0,0,1,0
2021-12-28,26.0,12.4,19.5,1.7,1.7,17.0,33.8,55,48959.43,32.18,68.54166666666667,41,98,869.1374999999999,26.8,11.8,0,0,0,0
2021-12-29,28.7,13.9,21.2,0.1,0.1,17.8,42.8,51,48943.63,28.23,59.208333333333336,34,91,869.6916666666666,28.3,12.9,0,0,0,0
2021-12-30,28.0,16.5,21.3,0.8,0.8,22.9,46.4,51,43327.9,27.7,75.33333333333333,40,98,870.6208333333334,29.5,17.8,0,0,0,0
2021-12-31,27.0,16.8,21.3,0.8,0.8,23.1,51.5,51,48896.38,27.12,74.29166666666667,51,91,871.1083333333332,28.6,17.3,0,0,0,0
2022-01-01,26.4,14.9,20.6,0.1,0.1,17.7,37.1,51,46466.15,26.97,73.95833333333333,51,97,871.7541666666666,29.5,15.6,0,0,0,0
2022-01-02,29.2,16.5,22.0,0.3,0.3,17.5,35.6,51,48401.95,28.27,66.875,31,92,871.0208333333334,30.5,17.1,0,0,0,0
2022-01-03,27.5,15.1,21.2,0.0,0.0,14.2,31.3,3,43337.98,28.85,67.54166666666667,38,96,871.2666666666668,29.3,15.5,0,0,0,0
2022-01-04,26.8,15.8,20.8,0.5,0.5,15.7,32.8,51,47902.34,28.08,74.91666666666667,47,95,871.625,29.4,16.6,0,0,0,0
2022-01-05,28.7,15.5,21.8,11.4,11.4,19.3,42.1,65,48210.11,29.63,71.20833333333333,40,94,872.2041666666668,32.4,14.1,0,0,0,0
2022-01-06,22.4,17.4,19.6,4.4,4.4,16.1,31.3,55,15924.41,14.73,79.375,67,92,872.9291666666667,23.2,16.8,0,0,0,0
2022-01-07,25.9,17.2,20.3,14.6,14.6,12.4,29.5,63,41276.59,22.31,79.04166666666667,54,95,873.4416666666666,28.6,18.2,0,0,0,0
2022-01-08,24.1,16.6,19.6,7.7,7.7,12.8,28.8,61,34481.97,21.78,77.16666666666667,59,91,874.5666666666666,26.4,17.1,0,0,0,0
2022-01-09,25.0,15.2,20.2,0.8,0.8,13.4,24.8,51,46924.44,26.31,66.29166666666667,47,88,873.0625,28.0,15.3,0,0,0,0
2022-01-10,26.4,14.2,20.4,0.7,0.7,14.5,31.7,51,47147.75,27.92,65.04166666666667,40,95,870.2083333333334,26.8,14.4,0,0,0,0
2022-01-11,27.7,17.0,21.0,8.0,8.0,17.7,45.4,63,43500.46,25.64,71.91666666666667,43,93,869.9916666666667,30.7,17.2,0,0,0,0
2022-01-12,25.1,17.0,20.5,12.6,12.6,12.9,26.6,63,38079.78,20.71,78.875,55,95,872.3625000000001,27.0,18.3,0,0,0,0
2022-01-13,26.8,16.4,21.0,1.9,1.9,14.9,31.7,53,44338.82,25.03,75.95833333333333,51,91,873.6374999999999,29.8,16.0,0,0,0,0
2022-01-14,26.2,16.8,21.1,1.0,1.0,18.4,34.6,51,44654.95,27.82,72.83333333333333,53,94,873.5666666666666,29.0,17.9,0,0,0,0
2022-01-15,25.3,16.9,20.5,6.3,6.3,15.8,28.4,61,43153.88,24.9,75.16666666666667,49,97,872.3041666666667,26.7,17.2,0,0,0,0
2022-01-16,25.0,16.6,20.1,5.7,5.7,15.5,32.0,55,34889.98,20.01,75.91666666666667,55,98,871.3791666666666,26.9,17.2,0,0,0,0
2022-01-17,24.4,16.5,18.7,9.2,9.2,13.0,27.7,61,13032.77,10.74,86.95833333333333,60,99,871.8083333333334,26.2,17.0,0,0,0,0
2022-01-18,24.2,17.0,19.6,2.7,2.7,10.6,23.0,53,29095.78,19.43,79.45833333333333,58,93,872.8416666666667,26.0,17.7,0,0,0,0
2022-01-19,27.0,15.8,20.8,11.0,11.0,25.8,46.8,63,46077.25,24.41,74.54166666666667,49,94,873.1708333333332,30.8,15.8,0,0,0,0
2022-01-20,26.6,15.4,20.7,1.0,1.0,15.3,29.9,53,46715.85,29.32,64.45833333333333,40,88,874.4125,28.8,14.7,0,0,0,0
2022-01-21,28.0,13.5,21.0,0.0,0.0,22.4,41.4,1,46863.46,32.21,52.958333333333336,23,89,874.8833333333333,27.5,12.9,0,0,0,0
2022-01-22,23.9,13.2,18.4,0.5,0.5,21.3,42.5,51,44442.77,27.72,58.083333333333336,36,89,877.725,22.9,11.1,0,0,0,0
2022-01-23,25.0,12.2,18.5,0.0,0.0,22.4,43.6,3,46562.21,28.92,55.166666666666664,28,84,877.7125,24.0,9.8,0,0,0,0
2022-01-24,28.4,13.2,21.3,0.0,0.0,16.4,30.2,2,46657.27,29.44,53.041666666666664,34,84,874.8874999999999,30.0,11.1,0,0,0,0
2022-01-25,29.9,17.4,23.7,0.0,0.0,17.7,34.6,3,46638.52,28.24,47.291666666666664,28,66,872.3916666666668,31.2,15.9,0,0,0,0
2022-01-26,28.8,15.2,22.6,0.0,0.0,19.3,34.6,3,39600.0,26.4,57.083333333333336,33,87,872.3458333333333,29.9,13.4,0,0,0,0
2022-01-27,25.9,18.6,21.4,5.1,5.1,15.6,27.7,61,16419.9,11.27,70.45833333333333,45,90,871.6625,25.3,18.9,0,0,0,0
2022-01-28,25.2,17.6,21.1,9.2,9.2,14.1,33.8,63,30073.75,16.55,77.20833333333333,54,96,870.2833333333333,26.7,19.3,0,0,0,0
2022-01-29,24.2,16.8,19.5,9.7,9.7,16.3,37.8,63,16145.25,13.15,82.83333333333333,60,95,871.725,24.3,17.2,0,0,0,0
2022-01-30,21.9,16.5,18.6,6.6,6.6,15.7,33.5,61,9931.79,10.9,84.54166666666667,71,92,872.5666666666666,22.4,16.4,0,0,0,0
2022-01-31,25.0,15.9,20.0,0.8,0.8,16.9,35.3,51,32660.9,23.79,72.04166666666667,48,96,871.9833333333332,26.5,15.5,0,0,0,0
2022-02-01,26.2,14.4,19.9,0.0,0.0,14.0,32.0,3,46465.81,28.71,68.08333333333333,47,94,871.3958333333334,28.2,14.1,0,0,0,0
2022-02-02,28.5,14.8,22.1,0.0,0.0,11.5,27.4,2,46435.8,29.29,63.125,42,94,871.1041666666666,30.7,15.0,0,0,0,0
2022-02-03,30.8,17.0,23.8,0.5,0.5,22.3,45.4,51,46404.58,28.03,60.291666666666664,35,90,870.7416666666667,33.3,17.9,0,0,0,0
2022-02-04,27.7,18.0,21.9,20.1,20.1,24.5,52.6,63,34908.22,22.09,71.875,52,88,871.8666666666667,31.4,17.7,0,0,1,0
2022-02-05,25.2,17.2,20.3,1.3,1.3,25.4,45.0,53,33029.2,20.67,69.25,44,89,873.4875000000001,25.5,15.4,0,0,0,0
2022-02-06,25.0,16.2,20.4,1.3,1.3,24.7,43.2,51,46304.19,25.59,62.083333333333336,42,81,874.1999999999999,24.4,14.2,0,0,0,0
2022-02-07,27.2,13.7,20.3,0.1,0.1,21.4,37.1,51,46268.62,27.37,64.20833333333333,35,92,873.0291666666667,28.1,12.8,0,0,0,0
2022-02-08,27.3,15.4,20.7,6.2,6.2,16.3,47.9,63,40459.95,26.55,70.70833333333333,42,90,871.0958333333333,29.4,15.5,0,0,0,0
2022-02-09,27.5,16.3,21.5,5.9,5.9,21.1,39.6,63,46194.59,26.27,67.91666666666667,37,97,870.0875,31.0,16.7,0,0,0,0
2022-02-10,28.7,15.8,22.0,0.7,0.7,13.9,29.9,51,42569.38,26.56,58.583333333333336,38,76,871.1666666666666,31.2,15.3,0,0,0,0
2022-02-11,29.1,16.2,22.9,0.0,0.0,12.0,28.4,3,46116.95,28.71,50.583333333333336,23,88,872.6583333333333,30.3,16.7,0,0,0,0
2022-02-12,28.5,14.4,21.9,0.0,0.0,8.8,23.8,3,46076.68,29.38,40.333333333333336,22,62,873.7833333333333,29.1,12.7,0,0,0,0
2022-02-13,28.6,14.9,22.5,0.0,0.0,13.0,21.6,3,46034.86,27.36,44.833333333333336,29,70,872.4208333333332,30.9,13.9,0,0,0,0
2022-02-14,30.0,16.6,23.4,0.0,0.0,22.1,39.6,3,45638.11,25.02,47.833333333333336,29,72,872.4875000000001,31.2,15.2,0,0,0,0
2022-02-15,28.1,15.9,22.3,0.0,0.0,19.9,38.5,2,45946.81,28.25,56.958333333333336,37,83,875.4875000000001,30.2,13.9,0,0,0,0
2022-02-16,28.4,16.2,22.4,0.2,0.2,16.6,31.0,51,43438.95,25.3,62.958333333333336,41,90,874.2208333333333,31.7,17.0,0,0,0,0
2022-02-17,28.9,17.2,22.0,6.2,6.2,14.9,33.8,63,35258.29,23.67,65.75,38,92,872.1625,32.5,17.8,0,0,0,0
2022-02-18,26.5,16.3,20.6,3.8,3.8,10.9,24.1,55,40378.23,23.28,75.08333333333333,44,95,872.85,28.9,17.2,0,0,0,0
2022-02-19,25.5,16.7,20.3,3.0,3.0,15.9,31.7,53,36349.17,21.72,77.16666666666667,51,98,872.5749999999999,28.5,17.5,0,0,0,0
2022-02-20,28.6,16.1,22.5,0.3,0.3,16.9,29.9,51,45347.37,23.91,59.666666666666664,33,92,870.8791666666666,29.2,16.1,0,0,0,0
2022-02-21,29.6,17.0,23.8,0.4,0.4,16.6,29.2,51,45653.65,25.56,45.375,29,68,870.8000000000001,30.7,16.1,0,0,0,0
2022-02-22,28.7,17.4,22.0,0.1,0.1,13.7,35.3,51,42345.95,24.17,60.333333333333336,37,86,871.9291666666667,31.7,17.9,0,0,0,0
2022-02-23,27.8,16.6,20.4,15.5,15.5,12.3,25.2,65,35854.5,18.39,71.95833333333333,43,92,873.3416666666667,29.7,16.5,0,0,0,0
2022-02-24,27.1,15.9,21.1,3.2,3.2,12.8,31.3,63,44786.07,23.68,66.0,43,82,872.4208333333332,29.4,15.7,0,0,0,0
2022-02-25,28.8,16.8,21.3,0.4,0.4,13.6,30.6,51,40514.35,24.33,63.416666666666664,38,83,872.4166666666666,30.4,16.2,0,0,0,0
2022-02-26,28.3,15.6,21.9,0.1,0.1,19.5,34.9,51,45210.03,26.64,60.958333333333336,36,87,873.6125000000001,30.4,15.7,0,0,0,0
2022-02-27,27.6,16.2,20.8,3.9,3.9,16.8,33.1,55,35993.05,19.76,70.70833333333333,41,90,873.3291666666665,29.5,16.4,0,0,0,0
2022-02-28,28.2,14.8,21.0,2.6,2.6,13.2,28.1,61,42371.31,25.28,70.625,40,94,872.4666666666667,30.3,14.9,0,0,0,0
2022-03-01,27.5,15.1,20.8,1.2,1.2,16.7,31.0,53,44222.91,24.99,72.08333333333333,44,95,870.9291666666667,29.8,15.6,0,0,0,0
2022-03-02,26.1,16.1,20.2,0.3,0.3,17.6,31.7,51,36559.05,20.53,76.125,53,97,871.0916666666667,29.0,17.2,0,0,0,0
2022-03-03,28.0,15.4,21.7,0.1,0.1,10.4,25.6,51,44208.3,25.28,68.875,41,95,870.8958333333334,30.3,15.6,0,0,0,0
2022-03-04,28.6,17.2,22.4,6.7,6.7,20.9,40.3,63,42921.12,24.02,63.75,37,90,870.5625,29.2,16.5,0,0,0,0
2022-03-05,23.9,18.0,20.0,11.8,11.8,20.3,35.6,65,17770.2,12.7,80.33333333333333,60,92,872.7166666666667,25.4,16.6,0,0,0,0
2022-03-06,25.9,14.3,20.0,0.1,0.1,17.2,34.6,51,43424.85,24.3,63.833333333333336,41,91,873.2666666666668,26.0,13.1,0,0,0,0
2022-03-07,27.2,13.9,20.3,0.0,0.0,12.6,27.0,3,43422.07,24.4,65.75,36,94,872.025,28.5,13.7,0,0,0,0
2022-03-08,27.9,16.3,21.4,0.2,0.2,21.0,36.7,51,38330.89,20.32,62.041666666666664,36,83,871.475,28.3,15.7,0,0,0,0
2022-03-09,24.6,16.6,19.6,11.4,11.4,19.6,34.9,63,18597.16,15.15,78.70833333333333,57,91,872.5416666666666,27.4,16.3,0,0,0,0
2022-03-10,26.0,15.7,20.0,7.3,7.3,24.0,44.6,63,32400.0,21.03,77.83333333333333,47,95,873.1,28.8,16.2,0,0,0,0
2022-03-11,26.4,17.5,21.7,0.7,0.7,17.7,35.3,51,42654.19,23.19,65.625,44,89,874.5708333333333,28.3,17.2,0,0,0,0
2022-03-12,26.7,15.8,21.1,0.4,0.4,14.2,26.3,51,42655.54,22.3,65.08333333333333,41,91,872.5708333333333,28.5,16.2,0,0,0,0
2022-03-13,27.2,14.6,21.2,0.3,0.3,13.8,25.2,51,42657.43,23.93,58.958333333333336,35,85,869.4416666666666,28.0,14.0,0,0,0,0
2022-03-14,28.4,15.4,20.5,3.9,3.9,21.5,43.9,61,37239.01,21.17,68.33333333333333,36,92,868.6916666666666,28.2,15.3,0,0,0,0
2022-03-15,23.9,16.4,19.1,8.3,8.3,10.5,27.0,61,20223.21,14.61,81.04166666666667,59,94,869.6916666666666,25.9,17.5,0,0,0,0
2022-03-16,20.0,14.2,16.8,10.0,10.0,16.7,31.3,63,11335.18,9.95,84.83333333333333,73,96,870.8625000000001,20.4,12.5,0,0,0,0
2022-03-17,21.4,14.4,17.3,1.8,1.8,22.7,43.6,53,14400.0,11.57,76.79166666666667,52,96,874.0500000000001,19.7,12.7,0,0,0,0
2022-03-18,23.8,14.3,18.0,0.3,0.3,16.2,32.4,51,41546.91,20.06,69.91666666666667,43,88,876.1541666666667,24.8,13.3,0,0,0,0
2022-03-19,24.8,12.6,17.8,0.0,0.0,10.3,23.8,3,41787.12,24.13,62.875,26,93,875.4583333333334,24.2,12.1,0,0,0,0
2022-03-20,24.9,12.4,18.5,0.0,0.0,10.6,24.1,3,38745.4,22.3,56.083333333333336,35,74,874.7624999999999,26.1,10.8,0,0,0,0
2022-03-21,20.3,13.0,16.1,2.3,2.3,13.5,24.1,53,25015.01,12.9,68.0,47,78,874.8041666666667,19.1,11.8,0,0,0,0
2022-03-22,23.1,11.0,17.1,0.1,0.1,13.0,22.7,51,42289.08,23.51,68.75,46,94,874.5791666666668,24.1,9.8,0,0,0,0
2022-03-23,24.2,12.1,18.1,0.0,0.0,13.0,29.5,3,39289.66,22.48,60.958333333333336,38,82,873.8583333333332,24.3,10.8,0,0,0,0
2022-03-24,24.5,13.0,19.0,0.4,0.4,20.5,41.8,51,42232.74,21.45,62.375,40,82,870.6,23.3,11.7,0,0,0,0
2022-03-25,25.5,15.4,18.8,10.4,10.4,16.5,34.6,63,19401.81,14.07,77.70833333333333,46,98,869.6374999999999,25.9,15.5,0,0,0,0
2022-03-26,22.6,14.9,18.2,2.5,2.5,14.2,25.9,53,29830.49,16.86,84.0,60,100,871.2875,24.0,15.5,0,0,0,0
2022-03-27,25.0,12.9,18.8,0.0,0.0,10.7,17.3,1,42149.21,22.3,68.95833333333333,41,96,873.6583333333333,26.4,12.9,0,0,0,0
2022-03-28,23.5,13.8,18.1,0.2,0.2,10.4,22.3,51,34835.98,18.98,73.16666666666667,46,96,876.1458333333334,24.7,13.9,0,0,0,0
2022-03-29,23.4,13.2,17.7,0.2,0.2,12.6,29.9,51,35425.36,18.9,71.0,42,99,874.2541666666666,23.2,12.9,0,0,0,0
2022-03-30,25.2,13.6,18.6,0.0,0.0,9.4,24.1,3,42067.07,23.4,59.625,35,86,872.7541666666666,25.6,12.4,0,0,0,0
2022-03-31,26.0,10.6,19.5,0.0,0.0,8.1,21.2,0,42039.88,24.15,46.5,25,85,872.8874999999999,25.9,9.5,0,0,0,0
2022-04-01,26.0,12.6,19.1,0.0,0.0,12.0,28.1,3,31826.59,19.95,56.458333333333336,35,82,872.6125000000001,26.1,11.5,0,0,0,0
2022-04-02,25.5,13.4,18.6,6.4,6.4,18.6,40.7,63,41985.66,20.02,67.83333333333333,39,89,871.0083333333333,24.8,12.4,0,0,0,0
2022-04-03,25.0,14.9,18.3,4.5,4.5,18.3,38.5,63,26697.15,16.71,74.54166666666667,43,90,870.5458333333332,24.0,15.1,0,0,0,0
2022-04-04,19.0,13.0,16.2,19.2,19.2,15.0,35.3,61,3667.77,5.55,93.45833333333333,84,100,869.5875,19.0,13.7,0,0,0,0
2022-04-05,23.2,12.2,17.5,0.0,0.0,12.4,25.9,3,37978.41,20.49,79.08333333333333,50,100,870.5583333333334,24.2,12.7,0,0,0,0
2022-04-06,25.9,14.2,19.3,0.1,0.1,21.9,42.5,51,41670.42,21.04,60.208333333333336,33,87,870.9499999999999,24.4,11.3,0,0,0,0
2022-04-07,24.0,12.1,17.3,0.0,0.0,20.9,35.6,3,41581.51,22.6,42.916666666666664,27,54,872.4666666666667,23.4,7.5,0,0,0,0
2022-04-08,22.2,11.4,15.7,4.5,4.5,19.1,37.4,61,34394.01,16.11,74.66666666666667,51,95,875.6999999999999,20.8,8.8,0,0,0,0
2022-04-09,14.4,12.6,13.4,33.7,33.7,16.8,30.6,63,0.0,4.79,90.20833333333333,81,94,876.2458333333334,13.4,10.7,0,0,1,0
2022-04-10,15.3,11.9,13.1,29.6,29.6,25.3,47.9,63,660.38,5.95,87.20833333333333,73,93,874.8125,12.1,9.6,0,0,1,0
2022-04-11,19.4,11.4,15.0,2.9,2.9,15.3,32.8,53,35220.19,15.76,82.33333333333333,62,93,874.1583333333333,18.9,10.3,0,0,0,0
2022-04-12,21.2,10.6,15.5,0.6,0.6,16.1,33.1,51,39796.45,19.14,78.33333333333333,51,95,871.5541666666667,20.4,9.6,0,0,0,0
2022-04-13,22.7,11.6,16.5,0.2,0.2,15.9,32.8,51,40795.87,20.13,72.25,45,93,868.3416666666667,21.6,11.2,0,0,0,0
2022-04-14,23.5,11.6,16.9,0.0,0.0,15.8,31.0,3,40976.16,21.17,63.125,40,80,868.2333333333332,22.5,9.4,0,0,0,0
2022-04-15,24.6,11.6,17.8,0.0,0.0,11.8,26.6,1,40891.27,20.24,62.0,34,85,871.3208333333333,24.4,10.4,0,0,0,0
2022-04-16,17.4,12.8,14.3,17.9,17.9,25.4,43.9,63,8289.15,6.53,81.08333333333333,58,96,875.2375000000001,15.6,9.8,0,0,0,0
2022-04-17,16.1,11.4,13.5,26.2,26.2,20.7,38.2,63,4216.43,6.78,86.58333333333333,72,97,875.6291666666666,14.9,8.7,0,0,1,0
2022-04-18,19.9,11.2,14.7,1.1,1.1,18.4,32.8,53,39821.4,18.31,73.79166666666667,39,98,874.2416666666667,18.2,8.2,0,0,0,0
2022-04-19,19.6,10.0,13.8,0.0,0.0,26.8,51.8,3,40046.05,19.63,67.08333333333333,39,89,876.0958333333333,17.0,6.3,0,0,0,0
2022-04-20,20.0,9.1,13.9,0.0,0.0,21.4,37.8,2,40272.12,20.51,64.91666666666667,39,86,876.1666666666666,18.7,5.3,0,0,0,0
2022-04-21,21.4,9.1,15.1,0.0,0.0,10.1,22.0,1,39710.88,19.02,70.66666666666667,51,86,874.6833333333334,22.1,7.2,0,0,0,0
2022-04-22,22.6,11.1,16.3,0.3,0.3,14.7,29.5,51,39675.44,18.99,76.41666666666667,51,93,872.725,23.5,10.4,0,0,0,0
2022-04-23,21.5,11.5,16.2,0.1,0.1,15.6,32.8,51,39377.02,17.16,78.33333333333333,53,92,871.2083333333334,21.1,10.7,0,0,0,0
2022-04-24,21.9,12.3,16.5,0.7,0.7,15.9,29.2,51,38259.73,16.82,81.0,56,98,870.8000000000001,21.9,11.9,0,0,0,0
2022-04-25,21.6,12.8,16.3,0.5,0.5,18.4,40.7,51,32855.79,15.98,71.5,50,87,871.4541666666668,22.3,10.2,0,0,0,0
2022-04-26,20.8,9.2,14.2,0.0,0.0,18.9,32.8,0,39542.41,20.19,51.75,35,71,872.7583333333333,19.7,4.6,0,0,0,0
2022-04-27,18.8,6.8,13.2,0.0,0.0,16.6,28.8,0,39511.63,19.65,54.458333333333336,40,74,875.1583333333333,17.9,2.5,0,0,0,0
2022-04-28,19.3,9.3,13.3,0.5,0.5,9.7,23.4,51,30976.5,13.45,71.16666666666667,40,92,875.3041666666667,17.0,7.7,0,0,0,0
2022-04-29,20.8,9.5,14.7,0.0,0.0,18.6,36.4,1,39186.98,18.59,67.04166666666667,43,84,872.9041666666667,19.3,7.2,0,0,0,0
2022-04-30,22.5,10.9,15.6,0.6,0.6,18.5,41.8,51,38892.32,17.71,62.375,32,88,872.4333333333334,19.3,8.8,0,0,0,0
2022-05-01,21.1,8.3,14.4,0.0,0.0,20.9,36.0,3,34992.16,18.78,62.083333333333336,38,100,876.9958333333334,20.7,5.4,0,0,0,0
2022-05-02,20.6,8.2,14.1,0.0,0.0,10.2,21.6,1,37998.22,18.49,69.20833333333333,45,91,878.1708333333332,20.3,6.5,0,0,0,0
2022-05-03,21.4,8.6,14.7,0.0,0.0,9.2,21.6,2,37771.84,16.94,67.5,39,88,877.1333333333333,20.3,6.9,0,0,0,0
2022-05-04,22.9,9.6,16.0,0.0,0.0,13.4,26.3,3,38353.25,16.96,53.0,28,80,876.8041666666667,21.5,7.8,0,0,0,0
2022-05-05,22.9,9.1,15.5,0.0,0.0,11.9,21.2,3,37855.82,18.0,56.125,29,86,876.0708333333333,21.4,6.9,0,0,0,0
2022-05-06,22.4,8.2,15.3,0.0,0.0,12.2,24.1,1,37898.27,17.93,52.041666666666664,31,79,872.9875000000001,21.1,6.2,0,0,0,0
2022-05-07,22.2,11.2,16.2,0.0,0.0,14.0,30.6,3,37397.56,16.77,47.083333333333336,28,64,871.3958333333334,19.9,8.4,0,0,0,0
2022-05-08,19.6,10.0,14.2,4.6,4.6,19.0,37.4,61,36895.38,14.51,61.333333333333336,41,87,871.5333333333333,17.6,7.2,0,0,0,0
2022-05-09,19.8,7.9,13.2,0.0,0.0,15.2,26.3,2,37477.32,17.18,65.875,39,90,872.1875,18.5,5.1,0,0,0,0
2022-05-10,20.6,8.4,13.7,0.0,0.0,14.7,24.8,0,37516.57,18.02,59.041666666666664,39,75,872.3000000000001,19.2,5.1,0,0,0,0
2022-05-11,23.2,9.1,15.1,0.0,0.0,13.4,29.9,3,37283.2,17.69,61.625,32,81,872.2125,21.2,7.0,0,0,0,0
2022-05-12,23.0,9.2,15.8,0.0,0.0,13.2,29.5,3,36774.15,16.72,57.208333333333336,35,84,873.3833333333333,20.9,7.1,0,0,0,0
2022-05-13,22.6,10.1,16.2,0.0,0.0,10.5,25.9,2,36810.45,16.51,59.875,34,87,874.1875,21.3,9.0,0,0,0,0
2022-05-14,22.6,10.6,16.9,0.0,0.0,14.5,31.3,2,36324.12,15.31,53.375,33,74,874.5916666666667,20.5,9.1,0,0,0,0
2022-05-15,21.3,11.1,15.0,0.6,0.6,21.7,41.8,51,36066.57,15.59,62.375,42,84,878.0458333333332,20.0,8.4,0,0,0,0
2022-05-16,18.6,9.1,13.3,0.0,0.0,15.5,31.7,2,36365.92,15.53,73.125,46,95,880.775,17.3,6.3,0,0,0,0
2022-05-17,18.9,8.9,13.9,0.0,0.0,12.7,22.0,2,36098.47,15.34,68.04166666666667,41,95,878.6125000000001,17.7,6.9,0,0,0,0
2022-05-18,18.2,7.9,12.9,0.1,0.1,9.8,24.8,51,36154.54,15.78,69.25,44,93,874.6875,16.3,6.1,0,0,0,0
2022-05-19,18.9,7.4,13.4,0.1,0.1,11.4,27.7,51,36462.08,15.59,65.45833333333333,43,89,872.1958333333333,16.6,5.9,0,0,0,0
2022-05-20,19.5,7.9,14.1,2.5,2.5,22.4,42.5,53,34302.93,14.17,63.541666666666664,39,94,869.0875,15.6,5.6,0,0,0,0
2022-05-21,13.2,6.8,10.4,9.6,9.6,21.4,38.2,63,18405.8,8.47,87.20833333333333,73,99,868.3458333333333,11.2,3.8,0,0,0,0
2022-05-22,15.9,3.9,9.7,0.5,0.5,14.1,26.3,53,36000.0,15.81,72.125,37,95,870.8833333333333,13.3,1.4,0,0,0,1
2022-05-23,19.5,6.2,12.1,0.0,0.0,20.5,40.0,3,36178.67,15.34,70.08333333333333,41,94,871.3916666666668,16.6,3.7,0,0,0,0
2022-05-24,21.6,9.9,14.4,0.0,0.0,20.2,34.9,0,36468.48,16.49,59.708333333333336,32,78,872.4125,19.8,5.9,0,0,0,0
2022-05-25,23.4,9.8,15.0,0.0,0.0,19.1,32.0,0,36479.11,16.75,49.958333333333336,23,66,873.7708333333334,21.1,5.3,0,0,0,0
2022-05-26,23.5,10.8,15.3,0.0,0.0,17.6,29.5,0,36209.41,16.49,46.0,24,63,874.8666666666667,20.9,6.4,0,0,0,0
2022-05-27,21.2,10.3,14.9,0.0,0.0,15.0,27.4,0,36218.29,16.24,52.541666666666664,35,74,875.8916666666668,19.0,6.4,0,0,0,0
2022-05-28,19.9,9.9,13.7,0.0,0.0,13.2,28.4,0,36226.48,15.86,73.125,46,92,874.6583333333333,18.1,7.5,0,0,0,0
2022-05-29,20.5,7.3,13.6,0.0,0.0,20.3,40.7,0,36234.04,15.96,66.75,41,91,872.4583333333334,17.1,5.0,0,0,0,0
2022-05-30,18.5,6.1,12.1,0.0,0.0,28.5,49.3,3,36240.93,16.54,46.25,23,94,874.7041666666668,15.5,0.1,0,0,0,0
2022-05-31,16.3,7.7,11.1,0.0,0.0,23.8,43.2,3,36247.18,16.55,51.666666666666664,15,99,876.7375000000001,11.1,1.3,0,0,0,0
2022-06-01,17.5,5.1,10.6,0.0,0.0,23.4,41.0,0,36252.79,16.19,32.708333333333336,19,44,877.5500000000001,14.3,-0.8,0,0,0,0
2022-06-02,18.8,4.0,11.4,0.0,0.0,11.8,22.7,0,36257.84,16.07,40.791666666666664,23,65,878.2583333333333,15.4,0.9,0,0,0,1
2022-06-03,18.5,4.0,10.9,0.0,0.0,10.6,22.3,0,36262.26,15.93,52.416666666666664,27,82,878.3874999999999,16.0,0.9,0,0,0,1
2022-06-04,19.5,4.5,12.2,0.0,0.0,19.1,32.4,0,36266.05,15.89,44.541666666666664,26,74,877.0749999999999,16.8,1.4,0,0,0,1
2022-06-05,20.4,8.0,13.0,0.0,0.0,22.5,44.3,0,36269.27,16.0,39.333333333333336,18,65,878.975,15.2,3.0,0,0,0,0
2022-06-06,18.5,8.1,12.1,0.0,0.0,19.1,33.8,2,36000.0,15.53,62.208333333333336,33,90,881.2291666666666,16.4,4.5,0,0,0,0
2022-06-07,21.2,4.5,12.6,0.0,0.0,16.8,28.4,0,36000.0,15.48,49.458333333333336,22,85,879.1291666666666,18.5,1.5,0,0,0,1
2022-06-08,20.8,7.9,13.7,0.0,0.0,17.6,31.7,0,36275.51,15.84,35.75,17,54,878.5500000000001,17.0,3.5,0,0,0,0
2022-06-09,21.6,5.8,13.1,0.0,0.0,17.3,29.2,0,36276.47,15.81,38.208333333333336,17,64,876.7458333333334,18.1,2.5,0,0,0,0
2022-06-10,19.5,7.2,12.7,0.0,0.0,22.7,40.0,0,36276.91,15.67,47.791666666666664,26,72,877.7958333333332,16.0,2.7,0,0,0,0
2022-06-11,17.2,4.5,11.1,0.0,0.0,8.7,22.7,0,36276.82,15.57,61.875,36,91,878.3249999999999,15.1,1.7,0,0,0,1
2022-06-12,18.0,4.8,11.1,0.0,0.0,8.7,21.6,0,36276.17,15.64,54.791666666666664,34,73,875.8583333333332,15.6,1.4,0,0,0,1
2022-06-13,18.1,4.8,10.6,0.0,0.0,12.2,28.8,2,36274.72,15.78,52.291666666666664,24,79,872.4916666666667,14.6,2.2,0,0,0,1
2022-06-14,18.6,9.9,13.5,0.0,0.0,24.6,48.2,3,35593.77,14.27,43.833333333333336,31,62,869.4208333333332,13.5,6.7,0,0,0,0
2022-06-15,14.1,3.3,9.0,4.6,4.0,27.2,47.5,73,36269.52,15.66,51.208333333333336,24,78,868.9958333333334,9.7,-0.4,0,0,0,1
2022-06-16,12.9,0.8,6.9,0.0,0.0,17.7,30.6,0,36265.88,15.78,45.958333333333336,24,71,872.5166666666668,9.9,-4.2,0,0,0,1
2022-06-17,16.1,1.9,8.7,0.0,0.0,12.6,29.2,0,36261.54,15.5,46.541666666666664,28,79,872.1166666666667,12.2,-2.1,0,0,0,1
2022-06-18,19.2,4.3,10.7,0.0,0.0,11.1,26.3,0,36256.55,15.59,60.458333333333336,25,86,871.2166666666667,15.7,1.7,0,0,0,1
2022-06-19,21.4,6.2,13.4,0.0,0.0,12.0,27.0,0,36250.94,15.31,51.0,28,76,872.5166666666668,18.2,3.6,0,0,0,0
2022-06-20,20.5,7.0,13.0,0.0,0.0,19.3,39.2,0,36244.79,14.95,62.208333333333336,32,87,877.2958333333332,16.3,4.2,0,0,0,0
2022-06-21,17.6,6.3,11.3,0.0,0.0,18.6,39.2,1,36238.09,15.1,70.70833333333333,42,93,877.6541666666667,14.4,3.1,0,0,0,0
2022-06-22,16.4,7.2,11.2,0.4,0.4,27.1,51.8,51,25430.85,10.39,72.375,43,96,875.6625,11.4,4.9,0,0,0,0
2022-06-23,15.3,8.8,11.1,0.9,0.9,21.9,47.2,51,24460.42,9.89,79.5,54,98,874.6750000000001,12.0,6.2,0,0,0,0
2022-06-24,17.2,5.8,11.7,1.0,1.0,17.1,34.2,53,36000.0,13.22,70.70833333333333,46,91,874.0166666666668,14.9,3.6,0,0,0,0
2022-06-25,15.3,8.3,10.6,8.6,8.6,19.2,35.3,61,21806.48,9.25,80.45833333333333,52,92,877.9583333333334,12.6,5.6,0,0,0,0
2022-06-26,15.9,6.6,10.0,0.0,0.0,19.8,39.6,1,36483.07,15.09,57.375,23,93,881.9333333333334,11.5,2.5,0,0,0,0
2022-06-27,17.2,3.3,10.0,0.0,0.0,21.9,44.3,1,36188.26,15.37,52.083333333333336,26,78,883.8458333333333,12.3,-1.4,0,0,0,1
2022-06-28,16.3,4.6,9.3,0.0,0.0,22.1,41.0,2,36178.71,15.06,65.5,34,93,883.5083333333333,12.6,0.2,0,0,0,1
2022-06-29,15.8,4.0,9.4,0.0,0.0,14.2,26.3,1,36454.1,15.18,65.54166666666667,33,96,880.525,13.2,0.3,0,0,0,1
2022-06-30,17.8,2.7,9.4,0.0,0.0,13.8,29.2,0,36443.87,15.6,51.416666666666664,18,82,878.4458333333333,13.7,-0.2,0,0,0,1
2022-07-01,16.8,3.0,9.7,0.0,0.0,11.7,23.8,0,36718.41,15.5,52.5,23,86,878.15,13.9,-0.2,0,0,0,1
2022-07-02,17.5,2.8,10.0,0.0,0.0,10.5,26.3,0,36707.52,15.39,56.166666666666664,32,88,876.8416666666667,14.4,-0.4,0,0,0,1
2022-07-03,18.7,5.5,11.6,0.0,0.0,12.9,29.2,0,36411.46,15.35,52.458333333333336,27,80,876.6166666666667,15.1,2.7,0,0,0,0
2022-07-04,19.7,6.7,12.7,0.0,0.0,13.0,20.9,0,36684.01,15.31,49.458333333333336,28,69,877.2208333333333,17.6,3.2,0,0,0,0
2022-07-05,20.8,6.3,12.7,0.0,0.0,12.5,27.0,0,36671.45,15.36,53.375,31,74,875.8249999999999,18.1,3.2,0,0,0,0
2022-07-06,21.2,8.1,14.6,0.0,0.0,12.4,29.2,1,36658.39,14.97,51.708333333333336,30,76,875.6291666666666,18.3,5.8,0,0,0,0
2022-07-07,20.6,6.9,13.3,0.0,0.0,14.5,29.5,0,36928.54,15.64,46.791666666666664,23,74,877.0749999999999,17.5,3.9,0,0,0,0
2022-07-08,20.7,5.2,13.1,0.0,0.0,9.2,20.9,0,36914.34,16.0,39.541666666666664,21,62,878.1958333333333,17.8,2.2,0,0,0,0
2022-07-09,18.0,5.1,11.6,0.0,0.0,10.8,25.9,1,36899.69,15.59,63.625,41,88,876.5333333333333,16.0,2.4,0,0,0,0
2022-07-10,18.2,7.1,11.9,0.0,0.0,19.7,42.5,3,36884.71,15.79,57.166666666666664,32,81,873.5,13.9,4.4,0,0,0,0
2022-07-11,19.5,7.6,13.0,0.0,0.0,19.5,33.1,3,37151.92,15.92,41.708333333333336,21,63,874.7624999999999,15.6,2.7,0,0,0,0
2022-07-12,20.0,3.9,12.3,0.0,0.0,13.7,28.4,2,37136.0,16.02,37.166666666666664,22,59,877.2666666666668,16.5,-0.0,0,0,0,1
2022-07-13,19.2,6.8,12.8,0.0,0.0,15.3,33.8,3,35928.14,13.29,61.0,31,94,877.5291666666667,16.2,4.5,0,0,0,0
2022-07-14,21.0,8.2,13.8,0.0,0.0,21.0,41.8,0,37384.93,16.27,33.416666666666664,17,51,874.9458333333333,15.9,3.6,0,0,0,0
2022-07-15,18.3,6.6,12.2,0.0,0.0,19.4,32.0,0,37367.92,16.28,40.5,25,62,878.1625,14.9,2.0,0,0,0,0
2022-07-16,19.8,4.4,11.3,0.0,0.0,9.0,19.1,0,37631.63,16.04,60.25,26,98,879.75,17.7,1.8,0,0,0,1
2022-07-17,18.3,4.6,11.0,0.0,0.0,9.3,22.0,0,37613.98,16.33,58.875,33,89,879.025,16.1,2.1,0,0,0,1
2022-07-18,18.7,5.2,11.7,0.0,0.0,10.7,24.8,0,37596.3,16.32,60.125,30,94,877.4916666666667,16.1,3.0,0,0,0,0
2022-07-19,19.2,6.0,12.8,0.0,0.0,19.7,38.2,3,28800.0,14.27,57.958333333333336,35,89,875.9875000000001,15.7,3.7,0,0,0,0
2022-07-20,17.1,8.4,12.1,0.7,0.7,8.7,21.6,51,22323.17,7.88,74.375,48,95,875.8916666666668,15.2,6.8,0,0,0,0
2022-07-21,18.9,7.3,12.4,0.0,0.0,10.8,18.7,3,28498.81,10.42,67.0,39,91,876.2916666666666,17.4,5.3,0,0,0,0
2022-07-22,18.8,6.8,12.5,0.1,0.1,13.5,27.7,51,37525.3,14.14,70.33333333333333,40,95,876.9250000000001,16.1,4.7,0,0,0,0
2022-07-23,18.9,7.1,13.0,0.2,0.2,16.9,36.4,51,37229.39,14.84,68.45833333333333,41,93,874.875,15.5,5.4,0,0,0,0
2022-07-24,20.7,8.4,13.4,0.0,0.0,19.6,33.5,1,38016.59,16.53,49.583333333333336,22,83,873.3541666666666,17.1,3.0,0,0,0,0
2022-07-25,18.9,4.0,11.0,0.0,0.0,16.6,33.5,3,29727.43,14.79,55.333333333333336,35,84,875.3208333333333,15.8,-0.4,0,0,0,1
2022-07-26,19.4,8.2,12.9,0.1,0.1,11.0,27.0,51,38005.19,15.92,62.916666666666664,39,85,876.1333333333333,17.0,5.8,0,0,0,0
2022-07-27,21.0,8.5,14.2,0.0,0.0,13.9,29.9,3,33660.69,14.74,54.458333333333336,31,80,873.9583333333334,18.3,6.3,0,0,0,0
2022-07-28,20.4,8.9,14.1,0.0,0.0,22.0,38.5,3,37690.06,16.58,50.5,27,77,875.3416666666667,16.8,5.7,0,0,0,0
2022-07-29,19.6,6.1,12.5,0.0,0.0,13.8,31.3,3,38161.81,17.0,59.916666666666664,29,92,874.0833333333334,16.3,3.6,0,0,0,0
2022-07-30,21.6,9.9,15.3,0.0,0.0,17.4,34.9,3,38191.18,16.31,40.958333333333336,19,61,872.5583333333334,18.2,7.0,0,0,0,0
2022-07-31,22.5,10.1,16.4,0.0,0.0,12.8,32.4,3,35797.43,16.37,33.75,22,52,873.0500000000001,19.0,6.7,0,0,0,0
2022-08-01,20.0,8.7,13.7,0.0,0.0,20.0,40.3,2,38159.34,16.71,63.25,39,92,877.8208333333333,17.0,6.5,0,0,0,0
2022-08-02,18.3,8.9,12.9,0.1,0.1,25.8,50.4,51,34538.8,14.34,66.625,39,95,878.0,13.7,6.7,0,0,0,0
2022-08-03,17.5,7.9,11.6,2.2,2.2,18.4,37.8,53,24670.78,10.07,80.25,47,97,875.1166666666667,14.2,6.1,0,0,0,0
2022-08-04,21.1,7.2,13.5,0.1,0.1,18.2,36.4,51,38337.65,17.44,69.95833333333333,40,91,873.4916666666667,18.9,4.9,0,0,0,0
2022-08-05,23.5,8.4,15.3,0.0,0.0,12.5,31.0,3,38366.63,17.77,51.291666666666664,21,89,874.1999999999999,21.0,6.3,0,0,0,0
2022-08-06,24.4,7.2,15.3,0.0,0.0,21.1,41.0,3,36972.22,17.91,36.041666666666664,13,57,874.1916666666666,19.7,4.5,0,0,0,0
2022-08-07,25.0,10.7,17.3,0.0,0.0,17.4,36.7,3,38424.01,17.72,32.25,21,45,873.0,21.4,7.7,0,0,0,0
2022-08-08,22.6,9.3,15.1,0.0,0.0,23.5,46.1,1,38452.34,17.71,37.75,11,61,871.8000000000001,18.4,6.1,0,0,0,0
2022-08-09,22.1,8.2,14.4,0.0,0.0,21.5,37.1,0,38480.39,18.64,41.125,21,73,873.9291666666667,19.3,3.8,0,0,0,0
2022-08-10,22.6,5.7,13.7,0.0,0.0,10.5,27.0,0,38544.83,18.79,53.625,23,91,874.3541666666666,20.1,2.9,0,0,0,0
2022-08-11,23.1,9.1,15.6,0.0,0.0,11.2,27.7,0,38548.79,18.82,41.666666666666664,22,64,874.0208333333334,20.9,6.6,0,0,0,0
2022-08-12,24.1,12.3,17.1,0.0,0.0,15.9,34.6,0,38562.82,18.96,37.0,22,51,872.6333333333333,21.1,9.3,0,0,0,0
2022-08-13,25.2,11.0,17.4,0.0,0.0,24.0,46.4,3,38589.91,18.95,34.0,15,54,868.1916666666666,20.4,7.8,0,0,0,0
2022-08-14,19.9,7.6,13.9,0.0,0.0,22.7,44.6,0,38616.83,19.47,25.666666666666668,10,40,867.25,15.4,2.3,0,0,0,0
2022-08-15,19.5,3.5,10.0,0.0,0.0,21.0,40.3,3,38822.29,19.94,27.5,6,52,871.6374999999999,15.8,-2.0,0,0,0,1
2022-08-16,18.9,2.7,10.5,0.0,0.0,16.3,36.4,3,38822.0,19.69,41.5,20,76,873.3958333333334,14.8,-1.4,0,0,0,1
2022-08-17,23.3,5.9,14.6,0.0,0.0,17.7,36.7,3,39085.65,19.82,41.625,20,69,870.9083333333333,19.6,2.7,0,0,0,0
2022-08-18,26.0,11.5,18.4,0.0,0.0,27.8,52.6,3,39083.64,19.89,23.291666666666668,14,36,868.0875,20.6,7.0,0,0,0,0
2022-08-19,16.7,6.3,11.3,0.0,0.0,25.3,50.4,3,39081.06,20.0,32.75,17,58,869.1374999999999,11.2,0.5,0,0,0,0
2022-08-20,19.5,5.2,11.7,0.0,0.0,27.7,52.6,0,39341.33,20.59,32.375,9,60,873.3874999999999,14.0,0.7,0,0,0,0
2022-08-21,17.5,4.6,10.4,0.0,0.0,18.5,39.6,0,39600.3,20.25,44.083333333333336,27,62,877.4083333333333,13.7,-0.7,0,0,0,1
2022-08-22,19.6,3.5,11.5,0.0,0.0,11.0,23.8,0,39332.8,20.08,55.75,25,90,876.6958333333333,17.9,0.6,0,0,0,1
2022-08-23,20.3,6.9,13.1,0.0,0.0,12.9,29.5,0,39590.16,20.06,47.416666666666664,29,68,877.8249999999999,17.9,3.6,0,0,0,0
2022-08-24,20.5,5.4,12.8,0.0,0.0,11.5,23.4,0,39584.5,20.26,57.291666666666664,30,92,878.0625,18.9,2.9,0,0,0,0
2022-08-25,22.6,9.1,15.7,0.0,0.0,12.3,30.2,0,40101.61,20.78,37.166666666666664,20,58,874.5708333333333,19.9,6.6,0,0,0,0
2022-08-26,25.4,9.9,17.5,0.0,0.0,12.9,28.1,0,40355.85,20.73,30.291666666666668,16,48,871.7125,23.2,6.2,0,0,0,0
2022-08-27,26.2,8.8,17.3,0.0,0.0,15.1,33.8,0,40348.35,20.73,35.833333333333336,14,70,871.9291666666667,23.1,5.9,0,0,0,0
2022-08-28,26.2,11.1,18.2,0.0,0.0,15.6,34.9,0,40601.2,20.93,28.458333333333332,16,50,872.3000000000001,22.9,7.2,0,0,0,0
2022-08-29,26.3,10.1,18.2,0.0,0.0,15.0,34.2,0,40593.04,20.78,45.083333333333336,20,78,873.2958333333332,23.6,8.1,0,0,0,0
2022-08-30,23.3,11.2,17.2,0.1,0.1,22.2,41.8,51,40844.76,18.85,45.416666666666664,32,70,875.6750000000001,21.5,7.9,0,0,0,0
2022-08-31,18.8,7.2,12.6,0.0,0.0,14.8,30.6,3,39664.53,18.99,61.333333333333336,40,86,879.0791666666668,17.9,4.9,0,0,0,0
2022-09-01,20.0,5.7,13.2,0.0,0.0,10.5,27.0,3,41275.18,21.11,47.375,27,81,878.1333333333333,18.1,3.1,0,0,0,0
2022-09-02,23.2,7.4,14.9,0.0,0.0,12.0,28.4,0,41360.45,21.61,33.583333333333336,21,48,876.1374999999999,20.8,3.7,0,0,0,0
2022-09-03,27.1,8.9,18.2,0.0,0.0,12.2,25.2,0,41446.41,21.85,32.083333333333336,17,55,874.4333333333334,25.7,5.8,0,0,0,0
2022-09-04,27.0,10.2,18.9,0.0,0.0,16.3,33.8,0,41532.99,22.27,26.666666666666668,13,48,874.125,24.2,6.9,0,0,0,0
2022-09-05,29.2,11.9,20.6,0.0,0.0,20.6,34.6,3,41620.12,22.02,18.0,9,34,874.4041666666667,25.7,7.6,0,0,0,0
2022-09-06,28.0,13.6,20.0,0.0,0.0,26.0,45.4,3,40257.36,21.26,19.833333333333332,7,66,876.9041666666667,24.9,6.8,0,0,0,0
2022-09-07,22.8,9.4,15.9,0.0,0.0,15.5,35.3,1,41795.82,22.05,57.833333333333336,32,91,878.0,21.0,7.8,0,0,0,0
2022-09-08,25.8,9.3,17.4,0.0,0.0,12.5,29.5,0,41884.28,22.13,51.541666666666664,21,90,876.3249999999999,24.4,8.0,0,0,0,0
2022-09-09,28.1,11.7,20.2,0.0,0.0,10.4,26.3,0,41973.06,22.46,32.666666666666664,17,57,875.2624999999999,27.1,9.1,0,0,0,0
2022-09-10,30.2,12.6,21.7,0.0,0.0,16.3,35.6,0,42062.11,22.89,23.166666666666668,10,43,875.0291666666667,27.6,9.6,0,0,0,0
2022-09-11,30.9,13.9,22.7,0.0,0.0,15.3,33.5,3,42151.38,23.19,19.791666666666668,9,34,873.375,28.2,10.2,0,0,0,0
2022-09-12,29.7,12.9,22.0,0.0,0.0,19.4,36.4,2,42240.8,23.16,19.916666666666668,9,60,872.8291666666668,26.5,9.1,0,0,0,0
2022-09-13,22.6,11.0,16.4,0.0,0.0,18.5,33.8,3,35753.51,20.11,55.791666666666664,31,85,877.4499999999999,21.7,8.9,0,0,0,0
2022-09-14,22.1,10.1,16.0,0.0,0.0,17.1,37.1,2,42419.89,21.38,60.666666666666664,33,96,879.3791666666666,20.3,8.9,0,0,0,0
2022-09-15,24.9,8.9,17.1,0.0,0.0,9.5,27.0,0,42509.46,22.9,54.125,25,92,878.0333333333333,24.2,7.1,0,0,0,0
2022-09-16,28.6,13.8,21.2,0.0,0.0,14.8,31.3,3,35587.66,22.06,31.291666666666668,16,47,875.3958333333334,26.9,10.9,0,0,0,0
2022-09-17,29.0,13.0,22.1,0.0,0.0,13.9,32.8,2,42688.35,22.94,24.833333333333332,15,44,872.5416666666666,26.9,9.4,0,0,0,0
2022-09-18,30.6,11.8,21.5,0.0,0.0,24.5,45.4,2,42777.57,23.75,22.041666666666668,9,43,869.4208333333332,26.1,8.5,0,0,0,0
2022-09-19,31.1,16.0,22.7,0.0,0.0,35.7,69.5,2,42866.56,22.43,22.458333333333332,14,31,868.1333333333333,26.5,12.0,0,0,0,0
2022-09-20,26.7,11.4,18.8,0.0,0.0,22.2,45.4,3,40494.06,22.83,33.666666666666664,11,84,870.3249999999999,22.3,7.1,0,0,0,0
2022-09-21,19.0,11.5,14.2,8.5,8.5,22.2,41.0,61,14342.92,9.62,79.20833333333333,53,96,871.9333333333334,17.5,8.6,0,0,0,0
2022-09-22,22.5,9.1,15.9,0.0,0.0,12.4,30.6,2,43133.44,22.6,62.958333333333336,34,100,872.6333333333333,21.1,7.9,0,0,0,0
2022-09-23,27.0,11.3,19.1,0.0,0.0,12.0,25.2,0,43191.24,24.85,37.75,17,63,873.4291666666667,25.4,9.2,0,0,0,0
2022-09-24,28.6,12.9,20.7,0.0,0.0,19.0,39.2,0,43200.0,24.28,48.25,23,87,874.5041666666666,27.1,10.1,0,0,0,0
2022-09-25,29.5,13.5,21.3,0.0,0.0,20.9,43.9,0,43200.0,24.33,47.208333333333336,22,80,873.1166666666667,27.2,12.5,0,0,0,0
2022-09-26,30.5,13.0,22.1,0.0,0.0,15.3,34.9,0,43200.0,24.82,30.916666666666668,16,52,871.8583333333332,29.0,9.9,0,0,0,0
2022-09-27,31.5,15.4,23.5,0.0,0.0,24.1,45.7,3,39600.0,22.54,32.25,17,51,875.5208333333334,30.7,13.1,0,0,0,0
2022-09-28,27.9,15.0,21.4,0.0,0.0,20.1,41.8,0,43200.0,24.75,48.083333333333336,21,83,878.2708333333334,26.8,13.9,0,0,0,0
2022-09-29,26.8,13.1,20.1,0.0,0.0,16.1,33.8,0,43200.0,25.23,43.708333333333336,24,73,876.2041666666668,25.7,11.5,0,0,0,0
2022-09-30,28.8,11.1,20.1,0.0,0.0,12.6,26.6,0,43200.0,25.77,38.833333333333336,17,72,873.7208333333333,27.2,9.0,0,0,0,0
2022-10-01,31.2,12.9,22.6,0.0,0.0,11.8,29.9,1,43200.0,25.24,35.416666666666664,18,62,874.8916666666668,30.3,10.4,0,0,0,0
2022-10-02,32.5,14.8,23.9,0.0,0.0,14.4,29.2,0,43200.0,25.27,33.041666666666664,15,59,875.3208333333333,31.1,12.4,0,0,0,0
2022-10-03,33.1,17.0,24.5,0.0,0.0,14.7,33.8,0,43200.0,25.71,33.166666666666664,14,61,873.275,31.3,15.4,1,0,0,0
2022-10-04,34.4,18.7,26.6,0.0,0.0,27.3,47.5,1,43200.0,25.5,23.833333333333332,11,59,872.1291666666666,32.1,15.4,1,0,0,0
2022-10-05,30.4,16.5,23.1,0.0,0.0,19.1,41.4,1,43200.0,25.47,47.958333333333336,20,86,874.9875000000001,28.7,15.9,1,0,0,0
2022-10-06,33.5,15.0,24.1,0.0,0.0,19.2,40.3,0,43200.0,26.33,30.083333333333332,8,60,874.1999999999999,30.2,13.0,1,0,0,0
2022-10-07,32.8,15.9,24.9,0.0,0.0,17.2,37.4,2,43200.0,25.97,28.416666666666668,12,48,875.3874999999999,30.9,13.2,1,0,0,0
2022-10-08,29.3,16.2,22.4,0.2,0.2,21.4,45.0,51,39600.0,25.07,45.333333333333336,23,73,878.1125000000001,28.0,14.9,0,0,0,0
2022-10-09,31.9,15.6,23.8,0.0,0.0,16.2,31.0,3,43200.0,25.72,31.333333333333332,12,55,877.6916666666666,30.2,13.5,0,0,0,0
2022-10-10,32.2,18.9,25.2,0.0,0.0,18.6,36.0,3,39600.0,25.74,25.5,11,58,878.2833333333333,29.7,15.1,0,0,0,0
2022-10-11,30.9,14.9,23.0,0.0,0.0,18.0,37.1,1,43200.0,26.48,41.0,13,81,878.1583333333333,28.8,14.7,1,0,0,0
2022-10-12,31.2,15.2,24.2,0.0,0.0,10.8,29.5,3,43200.0,25.71,30.583333333333332,17,59,876.5375,30.2,13.5,1,0,0,0
2022-10-13,31.1,18.8,24.6,0.0,0.0,17.5,37.1,3,43200.0,25.25,29.916666666666668,17,49,875.9958333333334,29.8,16.9,1,0,0,0
2022-10-14,31.5,16.6,24.5,0.0,0.0,11.5,27.7,3,43294.55,26.62,25.75,13,47,874.4375,31.4,14.4,1,0,0,0
2022-10-15,33.0,17.7,24.5,0.0,0.0,24.4,51.5,3,35717.0,23.66,32.0,10,54,873.1291666666666,30.6,15.2,1,0,0,0
2022-10-16,28.1,15.6,21.8,0.1,0.1,23.8,50.0,51,43200.0,25.76,50.416666666666664,28,81,874.5041666666666,25.5,14.1,0,0,0,0
2022-10-17,27.6,15.8,20.8,0.0,0.0,16.5,32.4,3,36000.0,22.35,51.333333333333336,29,71,876.5708333333333,27.7,14.7,0,0,0,0
2022-10-18,28.2,16.3,21.5,0.1,0.1,13.3,28.8,51,38691.33,18.37,49.541666666666664,28,69,877.1041666666666,28.7,14.9,0,0,0,0
2022-10-19,28.1,15.4,21.4,0.0,0.0,18.4,33.1,3,41363.54,23.45,54.125,28,79,876.5958333333333,27.6,14.6,0,0,0,0
2022-10-20,29.2,15.6,21.7,0.7,0.7,23.2,43.6,53,42483.79,22.77,51.833333333333336,26,74,875.3791666666666,29.6,14.7,0,0,0,0
2022-10-21,30.2,15.9,22.9,0.0,0.0,21.1,37.8,3,41493.48,25.9,45.041666666666664,19,76,875.625,29.7,15.1,0,0,0,0
2022-10-22,28.7,16.9,21.2,1.3,1.3,16.3,34.6,53,32399.81,19.27,56.708333333333336,29,82,875.1166666666667,28.4,15.8,0,0,0,0
2022-10-23,27.9,14.9,20.7,0.2,0.2,19.3,35.6,51,36373.98,23.29,61.75,34,86,875.0124999999999,28.8,14.4,0,0,0,0
2022-10-24,27.8,14.7,19.9,5.3,5.3,18.8,39.2,63,39600.0,23.48,67.16666666666667,35,92,872.2208333333333,27.7,14.7,0,0,0,0
2022-10-25,30.2,13.8,21.9,0.0,0.0,25.2,47.5,2,44048.64,26.89,53.708333333333336,20,96,870.1708333333332,27.9,13.9,0,0,0,0
2022-10-26,31.0,17.2,23.9,0.0,0.0,19.2,33.1,3,40178.31,25.59,27.166666666666668,13,60,871.6374999999999,30.0,12.7,0,0,0,0
2022-10-27,23.2,15.9,18.6,9.9,9.9,18.8,45.4,63,20585.14,14.26,75.5,44,91,874.5916666666667,21.9,16.2,0,0,0,0
2022-10-28,27.7,14.6,20.3,7.4,7.4,21.8,38.5,63,38920.54,24.12,63.583333333333336,30,93,873.6208333333334,29.2,13.3,0,0,0,0
2022-10-29,23.8,13.1,18.0,3.5,3.5,21.0,44.6,61,32686.23,20.89,61.833333333333336,38,84,874.2916666666666,22.2,11.0,0,0,0,0
2022-10-30,27.6,12.0,19.8,0.0,0.0,17.1,35.6,3,39139.43,26.72,59.666666666666664,34,90,872.0375,28.1,11.3,0,0,0,0
2022-10-31,29.3,16.2,21.2,3.9,3.9,24.9,44.6,61,36992.1,22.68,60.25,29,93,872.2624999999999,29.7,15.6,0,0,0,0
2022-11-01,21.5,14.6,17.4,1.1,1.1,19.2,37.4,51,10746.56,11.39,73.5,52,93,876.275,19.9,13.4,0,0,0,0
2022-11-02,19.5,12.8,15.1,10.5,10.5,21.1,41.4,63,7429.6,11.31,84.0,58,97,875.4375,17.6,11.8,0,0,0,0
2022-11-03,22.2,13.7,17.6,1.9,1.9,16.6,34.2,51,28952.24,18.26,75.54166666666667,53,97,872.0666666666666,21.2,12.9,0,0,0,0
2022-11-04,26.8,13.6,18.3,0.4,0.4,18.1,38.2,51,41585.33,24.19,75.625,44,100,870.5666666666666,27.2,13.1,0,0,0,0
2022-11-05,27.1,13.2,20.1,0.2,0.2,22.2,42.8,51,45622.84,27.98,68.08333333333333,35,100,871.0583333333334,27.6,13.2,0,0,0,0
2022-11-06,27.3,15.1,20.9,0.2,0.2,18.2,38.2,51,45659.21,26.08,63.458333333333336,44,83,872.8333333333334,29.0,13.6,0,0,0,0
2022-11-07,24.0,16.5,19.1,1.7,1.7,18.9,35.3,61,17836.76,14.36,77.66666666666667,56,90,873.525,23.9,16.2,0,0,0,0
2022-11-08,20.2,14.9,16.8,45.4,45.4,28.9,54.4,65,11552.34,8.4,91.20833333333333,73,98,869.9499999999999,19.8,14.7,0,0,1,0
2022-11-09,26.0,12.1,19.5,0.0,0.0,12.0,23.4,3,42219.39,24.72,66.83333333333333,39,100,869.4375,27.5,11.9,0,0,0,0
2022-11-10,26.6,16.0,20.6,0.6,0.6,19.6,38.9,51,45831.44,25.9,64.04166666666667,41,88,871.7916666666666,28.7,13.8,0,0,0,0
2022-11-11,22.4,15.6,17.7,6.7,6.7,20.3,41.8,53,16320.71,15.49,84.70833333333333,60,96,874.2458333333334,22.3,15.0,0,0,0,0
2022-11-12,22.0,15.5,17.4,18.2,18.2,16.2,37.8,63,16325.36,13.59,89.54166666666667,69,98,873.0208333333334,24.4,15.3,0,0,0,0
2022-11-13,23.2,15.2,18.0,11.1,11.1,14.3,29.2,63,23598.91,15.19,84.125,58,100,871.3083333333334,23.9,14.6,0,0,0,0
2022-11-14,23.0,13.7,17.9,0.8,0.8,22.1,40.7,51,46405.54,26.92,70.58333333333333,47,94,874.625,24.2,11.5,0,0,0,0
2022-11-15,22.4,12.6,17.5,0.2,0.2,13.7,30.2,51,45282.81,24.29,73.45833333333333,54,93,874.4875000000001,22.6,12.3,0,0,0,0
2022-11-16,26.5,14.8,20.9,0.1,0.1,13.5,30.6,51,46686.04,28.49,58.875,39,84,871.4875000000001,27.6,14.8,0,0,0,0
2022-11-17,29.0,17.3,23.1,0.0,0.0,15.5,33.8,2,46688.77,28.76,49.208333333333336,33,64,871.7083333333334,29.0,16.6,0,0,0,0
2022-11-18,27.9,16.1,22.2,1.1,1.1,18.6,37.4,53,46689.79,26.82,59.916666666666664,41,84,871.8125,28.7,15.8,0,0,0,0
2022-11-19,29.0,16.6,21.8,4.2,4.2,27.2,51.8,63,46689.0,25.43,63.833333333333336,33,87,871.375,29.5,16.2,0,0,0,0
2022-11-20,27.1,15.8,20.7,0.0,0.0,22.3,40.0,1,47231.82,31.88,50.416666666666664,28,86,872.0583333333334,28.5,11.4,0,0,0,0
2022-11-21,24.3,13.6,18.6,0.0,0.0,15.5,33.8,3,44383.52,27.29,64.625,45,83,872.7291666666666,24.3,12.2,0,0,0,0
2022-11-22,25.6,15.9,20.2,0.2,0.2,26.7,50.8,51,45230.17,25.55,63.333333333333336,43,81,871.5041666666666,27.1,15.3,0,0,0,0
2022-11-23,25.6,14.5,20.2,1.7,1.7,17.8,32.4,55,47214.92,25.53,64.5,42,86,872.0791666666668,26.1,12.4,0,0,0,0
2022-11-24,28.0,15.9,21.7,0.0,0.0,15.6,36.0,3,46656.92,27.7,62.291666666666664,39,85,871.9875000000001,28.9,15.9,0,0,0,0
2022-11-25,28.5,16.6,21.0,7.6,7.6,15.6,36.7,63,37442.45,24.45,69.08333333333333,41,86,872.15,29.8,16.8,0,0,0,0
2022-11-26,26.4,14.3,19.0,16.7,16.7,19.6,42.5,63,43655.25,26.44,77.70833333333333,48,93,872.0416666666666,27.1,14.0,0,0,0,0
2022-11-27,24.3,12.8,18.4,2.8,2.8,13.4,25.9,61,47995.38,27.94,68.70833333333333,46,95,869.6875,27.1,12.1,0,0,0,0
2022-11-28,24.2,13.3,18.1,2.7,2.7,15.9,32.4,53,46601.23,27.01,72.5,47,94,870.7708333333334,26.6,12.3,0,0,0,0
2022-11-29,23.6,13.4,18.0,1.1,1.1,11.6,24.8,51,45977.17,24.29,70.58333333333333,44,95,872.3958333333334,25.5,13.0,0,0,0,0
2022-11-30,27.0,12.6,19.6,0.4,0.4,11.5,25.2,51,47117.98,28.66,62.541666666666664,32,92,872.5541666666667,28.1,12.0,0,0,0,0
2022-12-01,27.9,13.9,20.9,0.0,0.0,11.4,24.1,3,47233.21,29.67,58.416666666666664,35,80,871.6041666666666,31.3,12.8,0,0,0,0
2022-12-02,28.2,14.6,21.2,0.0,0.0,18.3,35.6,3,42507.39,29.38,58.208333333333336,37,75,868.875,29.7,13.5,0,0,0,0
2022-12-03,29.9,16.5,21.9,1.7,1.7,16.6,40.7,61,41243.48,27.57,60.875,32,83,867.4416666666666,30.8,15.8,0,0,0,0
2022-12-04,29.9,15.6,22.5,0.2,0.2,20.4,42.5,51,48682.82,29.26,58.416666666666664,31,86,869.6666666666666,29.8,15.3,0,0,0,0
2022-12-05,26.7,16.5,19.8,9.4,9.4,22.4,52.6,63,40577.04,20.87,78.75,50,94,869.475,27.4,16.8,0,0,0,0
2022-12-06,27.0,14.2,19.4,2.0,2.0,17.2,38.5,55,41552.97,26.33,77.0,46,98,869.7333333333332,29.1,14.8,0,0,0,0
2022-12-07,25.2,14.9,19.3,2.6,2.6,17.4,32.8,61,42901.75,28.57,74.08333333333333,50,94,872.7624999999999,27.4,13.9,0,0,0,0
2022-12-08,25.6,16.0,20.5,0.4,0.4,15.6,40.3,51,39992.2,22.12,68.79166666666667,47,90,874.6374999999999,26.9,16.3,0,0,0,0
2022-12-09,25.2,16.4,20.5,10.3,10.3,15.3,32.4,63,47063.89,28.35,68.5,47,96,876.0208333333334,27.3,16.2,0,0,0,0
2022-12-10,25.2,15.2,20.4,0.8,0.8,11.6,27.0,51,48866.68,27.59,68.83333333333333,49,94,873.0041666666666,28.2,15.7,0,0,0,0
2022-12-11,25.6,17.0,21.1,8.1,8.1,18.8,43.9,63,47995.91,26.61,68.75,50,92,872.65,27.3,16.6,0,0,0,0
2022-12-12,25.0,17.1,19.5,5.3,5.3,15.1,31.7,61,14106.08,16.41,79.45833333333333,47,92,873.975,25.4,17.6,0,0,0,0
2022-12-13,21.8,15.5,18.7,13.8,13.8,12.6,27.0,63,9079.01,10.84,86.70833333333333,72,97,874.0583333333334,23.2,16.1,0,0,0,0
2022-12-14,24.5,15.0,20.0,1.6,1.6,13.4,31.0,53,41197.17,21.13,79.625,55,98,872.475,25.7,15.3,0,0,0,0
2022-12-15,27.8,15.9,21.6,1.8,1.8,13.4,28.1,61,42355.25,26.47,71.08333333333333,47,90,870.0333333333333,30.6,16.3,0,0,0,0
2022-12-16,26.0,17.0,20.7,6.7,6.7,16.8,32.0,63,44541.39,21.97,77.54166666666667,54,93,868.4375,27.7,17.4,0,0,0,0
2022-12-17,25.5,17.0,20.6,3.1,3.1,18.7,32.8,55,24067.62,16.86,78.66666666666667,52,96,865.525,26.8,17.9,0,0,0,0
2022-12-18,26.3,14.2,21.1,0.4,0.4,15.9,29.5,51,48996.45,29.11,65.20833333333333,40,92,865.75,27.4,14.1,0,0,0,0
2022-12-19,26.6,16.5,20.4,5.4,5.4,15.0,31.7,63,32290.45,19.69,76.83333333333333,51,95,866.4708333333333,28.6,16.7,0,0,0,0
2022-12-20,27.8,15.1,20.7,2.3,2.3,14.3,32.8,61,46487.19,28.5,74.04166666666667,45,92,866.7208333333333,29.9,15.4,0,0,0,0
2022-12-21,24.8,15.8,19.5,1.5,1.5,17.1,32.8,51,32388.11,21.54,74.625,58,95,871.9375,28.1,15.9,0,0,0,0
2022-12-22,23.0,14.8,18.5,0.3,0.3,15.5,30.6,51,43113.58,24.0,62.75,46,79,875.1541666666667,23.1,12.8,0,0,0,0
2022-12-23,26.8,11.6,19.7,0.0,0.0,12.0,28.1,1,49008.38,32.23,61.583333333333336,36,93,872.9625,28.8,10.7,0,0,0,0
2022-12-24,28.0,16.1,22.1,0.0,0.0,14.7,32.8,3,49004.19,32.16,50.875,31,73,871.1708333333332,29.6,15.5,0,0,0,0
2022-12-25,30.1,16.8,23.8,0.0,0.0,16.1,34.9,3,48997.77,31.1,45.0,24,79,869.7458333333334,29.9,15.8,0,0,0,0
2022-12-26,27.9,18.2,21.8,0.9,0.9,24.6,52.2,51,42949.64,26.41,62.791666666666664,37,85,872.5500000000001,28.2,16.7,0,0,0,0
2022-12-27,27.4,16.4,21.5,1.2,1.2,15.0,35.6,53,46997.66,29.3,70.75,46,92,875.225,29.8,16.4,0,0,0,0
2022-12-28,29.5,17.0,21.9,2.7,2.7,18.2,44.3,61,45137.08,23.36,69.16666666666667,38,94,874.6791666666667,30.4,17.5,0,0,0,0
2022-12-29,26.6,17.4,20.8,8.2,8.2,19.3,39.6,63,43807.1,25.43,67.04166666666667,46,85,872.3333333333334,29.8,17.3,0,0,0,0
2022-12-30,24.4,15.4,19.0,7.5,7.5,24.6,46.8,61,31806.3,18.14,74.33333333333333,52,89,875.7041666666668,25.0,14.4,0,0,0,0
2022-12-31,22.6,14.0,17.6,0.9,0.9,14.7,29.2,51,39663.88,21.99,77.125,59,92,876.8666666666667,25.3,13.5,0,0,0,0
2023-01-01,22.8,13.3,17.2,12.3,12.3,9.8,27.4,63,29401.05,18.67,81.29166666666667,56,97,874.3958333333334,23.9,13.4,0,0,0,0
2023-01-02,24.0,12.6,18.7,0.5,0.5,8.7,21.2,51,48384.7,28.43,73.875,48,97,872.9708333333333,27.6,12.2,0,0,0,0
2023-01-03,26.2,13.6,20.6,0.2,0.2,11.2,27.4,51,48696.73,30.02,64.04166666666667,40,91,872.1833333333334,28.9,13.1,0,0,0,0
2023-01-04,27.6,15.1,21.9,0.1,0.1,18.2,38.5,51,45970.83,29.87,62.208333333333336,40,88,870.3458333333333,28.9,15.2,0,0,0,0
2023-01-05,25.6,16.6,20.3,12.6,12.6,14.2,36.4,63,42436.61,23.3,79.04166666666667,59,94,868.4708333333333,28.8,17.3,0,0,0,0
2023-01-06,25.8,15.2,19.2,19.8,19.8,23.2,40.7,65,36868.19,21.3,77.58333333333333,50,95,869.7416666666667,27.9,12.4,0,0,0,0
2023-01-07,22.9,13.5,18.5,0.0,0.0,22.1,39.6,3,43138.03,21.66,65.125,51,82,873.1458333333334,23.3,10.7,0,0,0,0
2023-01-08,22.6,14.3,18.5,0.4,0.4,14.4,28.4,51,40911.05,25.62,65.375,48,82,873.7291666666666,24.8,13.2,0,0,0,0
2023-01-09,26.8,12.9,20.3,0.8,0.8,7.9,21.2,51,48033.93,29.15,63.958333333333336,36,94,874.2166666666667,28.7,12.4,0,0,0,0
2023-01-10,29.5,15.8,22.9,0.0,0.0,15.0,31.7,1,47781.28,30.19,53.25,29,85,875.625,31.1,15.6,0,0,0,0
2023-01-11,30.9,16.4,24.2,0.0,0.0,23.8,47.5,0,47805.3,30.78,42.208333333333336,22,73,875.9250000000001,30.4,16.0,0,0,0,0
2023-01-12,31.2,16.0,23.7,0.0,0.0,22.4,45.4,0,47827.75,32.86,36.916666666666664,15,80,874.4916666666667,29.1,14.8,0,0,0,0
2023-01-13,28.0,13.1,21.2,0.0,0.0,11.0,26.3,0,47848.66,32.83,42.875,27,66,874.2833333333333,29.3,11.1,0,0,0,0
2023-01-14,30.1,15.4,23.1,0.0,0.0,17.4,29.9,0,47591.42,31.93,49.625,25,88,874.6,32.7,15.5,0,0,0,0
2023-01-15,29.8,16.7,23.6,0.0,0.0,14.8,27.7,0,47333.12,32.04,49.458333333333336,29,85,874.7916666666666,31.2,17.0,0,0,0,0
2023-01-16,30.6,16.5,23.8,0.0,0.0,17.4,32.4,3,47349.45,30.37,45.75,23,79,875.0041666666666,31.3,16.5,0,0,0,0
2023-01-17,30.0,16.5,23.4,0.0,0.0,19.5,34.2,3,43841.09,26.87,49.666666666666664,26,83,874.4625,32.3,16.8,0,0,0,0
2023-01-18,28.7,17.5,23.5,0.7,0.7,15.3,29.2,51,43287.12,27.17,56.625,35,89,874.0916666666667,30.4,18.0,0,0,0,0
2023-01-19,30.5,18.3,24.2,0.2,0.2,9.7,27.4,51,36168.73,25.68,52.791666666666664,32,80,873.0916666666667,32.8,18.7,0,0,0,0
2023-01-20,30.6,18.8,24.9,0.0,0.0,17.7,31.0,3,46848.0,27.87,51.75,33,78,872.0208333333334,32.5,19.3,0,0,0,0
2023-01-21,31.9,18.0,25.3,0.0,0.0,15.9,29.9,3,46856.74,32.25,37.625,14,76,870.7375000000001,32.2,18.1,1,0,0,0
2023-01-22,31.9,16.4,24.8,0.0,0.0,20.3,35.6,1,46864.1,32.57,30.458333333333332,11,62,869.5583333333334,31.2,14.4,1,0,0,0
2023-01-23,30.5,16.6,23.6,0.0,0.0,19.4,41.0,1,46870.05,31.64,38.958333333333336,21,69,870.5541666666667,30.0,14.7,1,0,0,0
2023-01-24,30.5,16.0,24.0,0.0,0.0,12.8,29.9,0,46657.91,31.94,41.791666666666664,17,85,870.4499999999999,31.3,16.5,1,0,0,0
2023-01-25,30.8,17.8,24.4,0.0,0.0,26.7,50.4,3,46639.23,28.09,37.625,21,62,871.875,29.6,16.4,1,0,0,0
2023-01-26,30.0,16.5,23.4,0.0,0.0,26.9,47.5,2,46619.17,26.23,47.583333333333336,24,74,873.0124999999999,29.9,15.3,0,0,0,0
2023-01-27,31.5,15.6,23.9,0.0,0.0,17.7,32.0,3,42015.84,28.22,45.375,20,79,871.5791666666668,32.4,14.7,0,0,0,0
2023-01-28,32.2,17.9,25.8,0.0,0.0,14.5,33.5,2,46575.03,28.78,39.666666666666664,22,73,869.6750000000001,32.7,18.1,0,0,0,0
2023-01-29,32.7,19.1,25.0,2.6,2.6,18.2,44.6,53,42951.02,22.78,45.5,24,83,869.6416666666668,33.6,18.8,1,0,0,0
2023-01-30,24.5,16.6,20.1,10.8,10.8,21.3,42.8,63,18312.6,14.69,71.25,49,92,873.7416666666667,23.5,15.3,0,0,0,0
2023-01-31,26.2,14.8,19.6,1.0,1.0,15.9,35.3,51,34721.06,20.22,75.29166666666667,43,96,874.2624999999999,27.2,15.5,0,0,0,0
2023-02-01,21.9,16.5,18.7,20.0,20.0,12.9,29.9,63,9086.01,11.43,87.91666666666667,69,97,873.9166666666666,22.6,17.7,0,0,1,0
2023-02-02,24.8,15.3,19.6,13.3,13.3,11.4,30.2,63,40501.98,22.54,83.75,59,98,873.1333333333333,28.1,15.9,0,0,0,0
2023-02-03,24.7,16.0,19.5,7.1,7.1,16.5,32.8,63,36254.2,18.06,84.0,59,98,873.0541666666667,27.2,16.8,0,0,0,0
2023-02-04,25.9,16.5,20.4,1.2,1.2,13.3,28.1,51,38160.92,19.85,72.79166666666667,46,92,872.8916666666668,28.4,16.5,0,0,0,0
2023-02-05,26.5,14.3,20.7,0.7,0.7,11.8,23.4,51,46349.39,26.65,63.125,37,92,871.9166666666666,27.6,14.0,0,0,0,0
2023-02-06,29.0,16.1,22.5,0.1,0.1,18.1,35.6,51,46316.12,26.98,53.041666666666664,29,82,870.8583333333332,28.9,16.0,0,0,0,0
2023-02-07,30.2,15.0,22.8,0.0,0.0,18.5,33.8,3,42198.51,26.97,51.916666666666664,25,90,869.8458333333333,30.8,14.1,0,0,0,0
2023-02-08,25.9,17.9,20.7,2.6,2.6,12.4,28.1,55,21484.03,16.43,69.83333333333333,46,85,869.4291666666667,27.5,18.1,0,0,0,0
2023-02-09,26.8,16.5,20.6,3.3,3.3,18.7,37.4,61,32678.47,20.21,72.625,43,92,868.4875000000001,27.7,16.7,0,0,0,0
2023-02-10,21.3,17.5,18.7,20.3,20.3,19.3,33.8,63,0.0,7.98,87.75,70,97,868.1416666666668,22.0,16.7,0,0,1,0
2023-02-11,23.4,17.0,18.8,8.6,8.6,18.8,33.8,55,17661.83,13.78,87.41666666666667,65,96,868.8666666666667,24.9,16.5,0,0,0,0
2023-02-12,24.9,17.0,20.2,0.5,0.5,9.7,19.8,51,17286.27,14.54,78.83333333333333,53,98,869.5875,27.8,18.0,0,0,0,0
2023-02-13,25.0,17.9,20.5,5.6,5.6,13.2,28.1,61,33191.27,18.24,80.58333333333333,61,93,871.6374999999999,28.1,18.8,0,0,0,0
2023-02-14,25.5,17.0,20.9,2.5,2.5,15.9,34.9,55,42398.81,23.62,76.29166666666667,59,92,871.0124999999999,28.6,16.6,0,0,0,0
2023-02-15,24.9,16.8,21.1,1.2,1.2,13.7,31.0,51,40135.93,20.47,76.83333333333333,59,95,868.4125,25.6,17.8,0,0,0,0
2023-02-16,25.2,15.6,20.6,2.2,2.2,14.7,31.3,53,43200.0,24.63,76.0,54,96,868.1750000000001,27.4,16.3,0,0,0,0
2023-02-17,23.6,16.5,19.3,6.0,6.0,17.6,35.3,61,25624.96,16.76,83.75,63,94,868.6541666666667,25.4,17.1,0,0,0,0
2023-02-18,24.2,16.4,19.8,8.4,8.4,12.2,28.8,63,42350.75,20.71,82.45833333333333,65,97,868.1708333333332,27.0,17.6,0,0,0,0
2023-02-19,24.9,16.5,20.3,3.4,3.4,13.8,25.2,61,43200.0,24.93,81.5,62,97,866.9083333333333,28.6,17.6,0,0,0,0
2023-02-20,25.9,16.3,19.5,9.7,9.7,26.4,49.3,63,35895.82,19.92,84.25,62,97,866.0625,27.5,17.4,0,0,0,0
2023-02-21,26.1,15.1,19.8,0.0,0.0,16.5,29.2,3,45662.07,29.98,62.458333333333336,29,99,871.4333333333334,27.3,13.9,0,0,0,0
2023-02-22,24.4,14.1,19.4,0.0,0.0,17.2,29.2,3,37748.75,19.95,63.833333333333336,46,82,875.8416666666667,27.1,12.3,0,0,0,0
2023-02-23,26.4,13.4,20.0,0.0,0.0,10.6,20.5,1,45497.8,28.57,66.16666666666667,40,94,874.8541666666666,29.6,13.3,0,0,0,0
2023-02-24,28.4,14.4,21.4,0.0,0.0,12.9,22.0,0,45409.91,28.82,59.916666666666664,34,87,872.5416666666666,31.8,13.9,0,0,0,0
2023-02-25,30.1,16.9,23.4,0.0,0.0,15.9,28.1,1,45322.06,28.03,50.541666666666664,29,73,870.625,31.7,15.6,0,0,0,0
2023-02-26,27.9,15.6,21.8,0.2,0.2,19.8,38.2,51,45234.36,26.23,63.666666666666664,41,91,873.9083333333333,29.1,15.1,0,0,0,0
2023-02-27,27.7,15.4,21.6,0.0,0.0,16.6,30.6,1,45010.55,26.65,60.791666666666664,36,89,874.6750000000001,29.5,14.9,0,0,0,0
2023-02-28,28.5,16.8,22.1,0.0,0.0,13.7,25.2,3,44743.36,26.48,54.916666666666664,31,82,872.2541666666666,30.5,16.3,0,0,0,0
2023-03-01,28.4,15.3,22.2,0.0,0.0,19.8,36.7,1,44477.85,25.44,54.791666666666664,29,89,871.2166666666667,29.0,15.3,0,0,0,0
2023-03-02,27.6,14.8,21.4,0.0,0.0,19.7,34.6,1,44470.57,25.19,56.541666666666664,32,88,872.5375,29.0,13.3,0,0,0,0
2023-03-03,25.5,15.3,20.0,2.1,2.1,15.0,35.3,53,43438.66,20.56,69.54166666666667,45,91,872.0166666666668,27.0,15.4,0,0,0,0
2023-03-04,27.0,14.4,20.4,1.2,1.2,12.4,29.5,53,39834.28,23.35,71.45833333333333,43,97,871.5749999999999,28.8,14.8,0,0,0,0
2023-03-05,28.7,15.9,22.3,0.1,0.1,15.8,34.2,51,43174.75,24.82,65.5,39,96,872.3208333333333,30.2,17.0,0,0,0,0
2023-03-06,29.5,16.5,23.3,0.0,0.0,13.5,31.7,3,43172.21,23.16,56.625,29,93,871.4833333333332,29.8,17.6,0,0,0,0
2023-03-07,28.1,17.1,21.2,2.2,2.2,15.3,31.0,55,30197.75,15.96,70.75,43,96,872.1125000000001,29.1,16.5,0,0,0,0
2023-03-08,27.4,16.0,21.6,0.0,0.0,13.2,32.4,3,43169.29,22.27,69.20833333333333,46,96,871.7083333333334,29.1,17.0,0,0,0,0
2023-03-09,31.3,16.8,24.0,0.0,0.0,23.5,40.3,0,43424.05,27.17,47.333333333333336,21,87,871.1833333333334,31.1,16.0,0,0,0,0
2023-03-10,30.3,15.0,23.2,0.0,0.0,21.3,40.0,1,43168.7,26.98,35.916666666666664,21,61,871.6333333333333,31.1,12.1,0,0,0,0
2023-03-11,29.6,15.2,22.6,0.0,0.0,10.7,24.5,1,42914.06,25.59,57.375,29,94,872.0916666666667,30.7,15.9,0,0,0,0
2023-03-12,29.2,17.5,22.5,0.5,0.5,23.8,46.1,53,42584.24,24.31,50.916666666666664,31,69,874.0875,28.9,14.5,0,0,0,0
2023-03-13,27.1,14.8,21.0,0.0,0.0,20.2,37.1,1,42661.34,24.27,54.458333333333336,31,81,875.3125,26.6,13.3,0,0,0,0
2023-03-14,28.5,14.1,21.2,0.0,0.0,13.1,29.9,0,42662.87,26.5,50.208333333333336,20,91,873.3041666666667,27.8,13.2,0,0,0,0
2023-03-15,27.4,13.9,20.8,0.0,0.0,17.1,28.4,1,42495.91,24.55,53.833333333333336,25,93,871.5958333333333,29.1,13.7,0,0,0,0
2023-03-16,26.6,14.1,20.7,0.0,0.0,18.4,33.8,2,42466.77,23.91,47.208333333333336,24,85,872.6999999999999,26.9,13.4,0,0,0,0
2023-03-17,26.5,13.6,20.3,0.0,0.0,12.4,28.1,2,42437.73,24.43,50.166666666666664,32,74,872.7833333333333,27.6,12.4,0,0,0,0
2023-03-18,28.1,14.7,21.5,0.0,0.0,14.8,35.3,2,42408.76,24.77,50.375,28,82,872.5541666666667,28.0,14.0,0,0,0,0
2023-03-19,31.3,15.2,23.8,0.0,0.0,12.0,25.9,3,42379.85,24.81,40.583333333333336,20,73,872.9458333333333,31.6,14.6,0,0,0,0
2023-03-20,31.8,17.2,24.3,0.0,0.0,19.1,34.6,1,42351.17,23.63,40.666666666666664,20,70,874.7708333333334,31.1,16.8,0,0,0,0
2023-03-21,28.5,15.6,22.4,0.0,0.0,16.0,27.7,1,42322.78,23.5,55.208333333333336,30,92,874.0458333333332,30.4,16.0,0,0,0,0
2023-03-22,29.5,16.0,22.4,0.0,0.0,18.9,37.4,3,42294.65,24.52,47.125,22,74,873.6333333333333,28.9,15.2,0,0,0,0
2023-03-23,25.8,14.8,20.4,0.0,0.0,15.4,32.4,3,33230.09,16.02,52.333333333333336,31,75,874.8125,23.7,13.7,0,0,0,0
2023-03-24,21.7,16.4,18.5,2.1,2.1,14.8,26.3,53,4197.45,8.83,71.95833333333333,57,84,875.4583333333334,22.2,16.1,0,0,0,0
2023-03-25,21.9,13.7,17.2,3.3,3.3,17.0,35.3,61,5246.02,9.03,84.04166666666667,55,96,874.7583333333333,20.4,14.2,0,0,0,0
2023-03-26,25.7,13.5,19.4,0.3,0.3,14.4,27.0,51,41888.02,20.34,67.45833333333333,42,96,872.3249999999999,26.7,13.9,0,0,0,0
2023-03-27,24.5,13.9,18.8,0.9,0.9,22.5,43.2,51,42156.96,20.37,65.54166666666667,40,95,874.2125,24.3,11.7,0,0,0,0
2023-03-28,23.9,11.9,16.6,0.3,0.3,15.5,36.0,51,36167.48,19.11,72.5,40,94,875.1166666666667,23.4,10.6,0,0,0,0
2023-03-29,25.6,12.4,18.8,0.0,0.0,18.8,39.2,3,42102.75,23.27,63.041666666666664,36,90,872.0500000000001,24.7,11.1,0,0,0,0
2023-03-30,26.5,12.6,19.4,1.1,1.1,15.9,39.6,53,42075.72,21.42,62.916666666666664,34,89,871.1791666666667,25.3,12.3,0,0,0,0
2023-03-31,22.0,11.4,15.4,5.9,5.9,15.5,33.5,63,20026.7,13.17,84.20833333333333,57,99,873.0791666666668,22.6,10.2,0,0,0,0
2023-04-01,23.0,10.8,17.2,0.6,0.6,11.1,27.7,51,42021.66,20.48,65.58333333333333,45,91,874.3708333333334,23.3,9.7,0,0,0,0
2023-04-02,23.5,12.9,18.5,0.1,0.1,12.4,27.4,51,41994.59,20.7,67.54166666666667,47,94,874.5208333333334,23.9,12.4,0,0,0,0
2023-04-03,24.6,12.9,18.2,0.2,0.2,17.0,37.1,51,41959.17,21.63,72.5,49,95,872.0541666666667,24.7,12.1,0,0,0,0
2023-04-04,25.1,11.6,18.2,0.0,0.0,16.5,33.1,1,41869.84,22.12,60.166666666666664,30,93,871.9250000000001,24.4,10.8,0,0,0,0
2023-04-05,23.0,10.4,16.7,0.0,0.0,14.8,26.3,2,41781.09,21.76,64.125,38,94,875.1916666666666,23.6,8.6,0,0,0,0
2023-04-06,25.6,11.0,18.0,0.0,0.0,13.0,22.7,1,41692.96,21.82,57.625,28,90,873.5,26.1,9.8,0,0,0,0
2023-04-07,25.4,12.6,19.1,0.1,0.1,17.3,36.4,51,41605.55,20.87,54.208333333333336,33,78,870.1999999999999,24.1,10.3,0,0,0,0
2023-04-08,27.4,13.6,20.5,0.0,0.0,10.8,26.6,2,41518.65,21.94,47.75,27,72,870.8416666666667,26.9,12.2,0,0,0,0
2023-04-09,27.8,14.9,21.2,0.1,0.1,21.1,41.8,51,41431.68,20.53,47.208333333333336,31,69,872.25,25.8,13.6,0,0,0,0
2023-04-10,24.2,13.8,16.9,4.5,4.5,17.9,38.5,63,20818.24,14.4,75.66666666666667,44,94,871.725,23.6,13.7,0,0,0,0
2023-04-11,22.4,10.9,15.9,0.0,0.0,21.2,38.2,0,41257.71,23.12,42.708333333333336,17,94,871.5041666666666,20.2,6.0,0,0,0,0
2023-04-12,21.5,7.8,14.8,0.0,0.0,19.8,41.8,3,38598.19,19.59,55.875,38,88,872.0375,19.5,4.5,0,0,0,0
2023-04-13,24.5,11.5,18.3,0.0,0.0,19.8,41.4,3,41084.13,21.39,56.291666666666664,38,80,871.8166666666666,22.7,9.9,0,0,0,0
2023-04-14,26.2,14.3,19.6,0.0,0.0,23.1,38.9,0,40997.62,22.02,36.708333333333336,15,68,872.4125,23.6,9.7,0,0,0,0
2023-04-15,22.8,11.0,16.3,0.0,0.0,22.3,39.2,3,40911.4,18.55,55.375,37,88,876.5166666666668,22.3,6.5,0,0,0,0
2023-04-16,21.6,10.1,15.1,0.0,0.0,8.9,23.8,2,40166.41,19.32,69.375,38,97,876.7875,21.4,9.2,0,0,0,0
2023-04-17,22.0,9.3,15.4,0.0,0.0,8.9,25.2,0,40740.01,21.35,56.583333333333336,36,79,874.1583333333333,21.7,7.3,0,0,0,0
2023-04-18,25.4,10.8,18.3,0.0,0.0,13.4,23.0,0,40611.65,21.23,43.875,23,74,875.3666666666667,24.9,8.3,0,0,0,0
2023-04-19,25.4,10.2,17.5,0.0,0.0,10.2,23.4,0,40570.46,21.05,46.458333333333336,22,77,875.0999999999999,24.6,8.1,0,0,0,0
2023-04-20,23.8,9.6,16.6,0.0,0.0,17.4,35.3,1,40486.55,20.89,48.25,25,82,870.0333333333333,21.6,7.4,0,0,0,0
2023-04-21,24.8,12.6,18.0,0.0,0.0,17.3,34.2,3,40240.01,18.68,42.458333333333336,25,57,868.25,22.5,9.0,0,0,0,0
2023-04-22,25.2,12.4,18.8,0.0,0.0,21.5,43.6,3,39941.98,20.01,44.291666666666664,28,61,870.2083333333334,22.3,10.1,0,0,0,0
2023-04-23,26.5,13.9,19.6,0.0,0.0,20.9,36.7,1,40171.6,20.42,30.041666666666668,15,53,871.0875,24.1,9.3,0,0,0,0
2023-04-24,26.5,11.9,18.9,0.0,0.0,15.5,29.2,3,39874.95,20.04,32.875,21,45,872.5458333333332,24.3,8.5,0,0,0,0
2023-04-25,26.0,12.4,19.3,0.0,0.0,18.8,38.2,3,37139.63,15.47,51.208333333333336,27,75,873.7958333333332,24.8,10.4,0,0,0,0
2023-04-26,26.0,12.8,19.3,0.0,0.0,11.7,28.8,1,39282.66,18.62,55.541666666666664,32,80,874.0791666666668,25.6,11.7,0,0,0,0
2023-04-27,26.0,13.4,19.4,0.0,0.0,14.9,32.0,2,39252.63,18.21,64.79166666666667,38,93,874.6541666666667,25.5,12.7,0,0,0,0
2023-04-28,27.7,15.9,21.4,0.0,0.0,13.8,24.1,1,38608.01,18.28,50.75,30,74,874.8833333333333,27.4,14.1,0,0,0,0
2023-04-29,27.0,14.1,20.2,0.4,0.4,14.8,28.8,51,37050.3,18.1,58.291666666666664,33,88,874.8458333333333,27.0,13.9,0,0,0,0
2023-04-30,26.1,14.7,19.7,0.0,0.0,17.1,29.2,1,38901.96,17.97,53.625,31,82,874.2666666666668,25.6,12.2,0,0,0,0
2023-05-01,22.9,13.6,17.0,0.0,0.0,16.2,32.0,3,30788.8,13.1,72.875,44,96,874.8333333333334,21.2,12.6,0,0,0,0
2023-05-02,25.1,13.2,18.7,0.0,0.0,14.2,33.1,1,37448.2,18.03,62.666666666666664,41,83,874.7624999999999,24.2,11.9,0,0,0,0
2023-05-03,26.2,12.3,19.2,0.0,0.0,9.9,23.4,3,38029.12,17.17,55.625,27,86,875.7125,25.2,11.2,0,0,0,0
2023-05-04,24.0,11.5,17.7,0.1,0.1,13.0,31.0,51,36608.52,17.65,64.16666666666667,36,94,876.4499999999999,23.3,10.4,0,0,0,0
2023-05-05,24.8,12.1,17.8,0.3,0.3,10.5,25.6,51,36496.67,16.52,59.833333333333336,32,80,874.4458333333333,24.4,10.7,0,0,0,0
2023-05-06,24.6,12.8,17.8,0.0,0.0,15.1,31.3,3,37348.06,15.61,59.333333333333336,36,81,874.9916666666667,22.9,11.1,0,0,0,0
2023-05-07,25.0,13.3,17.3,13.4,13.4,21.1,38.9,63,34943.94,17.08,68.70833333333333,37,84,875.4875000000001,25.1,11.4,0,0,0,0
2023-05-08,17.8,9.1,12.8,11.9,11.9,18.7,32.4,61,22912.98,10.97,82.95833333333333,60,94,875.975,17.6,8.0,0,0,0,0
2023-05-09,19.3,8.1,13.2,0.1,0.1,12.4,21.2,51,33326.68,14.11,71.375,41,94,874.2166666666667,17.6,5.9,0,0,0,0
2023-05-10,20.8,9.6,14.7,0.0,0.0,12.9,22.0,3,34182.68,15.56,63.708333333333336,38,81,873.6708333333332,20.6,6.9,0,0,0,0
2023-05-11,21.8,10.6,15.6,0.0,0.0,13.1,27.4,0,37276.12,17.62,58.208333333333336,40,73,872.7416666666667,20.2,7.6,0,0,0,0
2023-05-12,23.2,9.4,15.5,0.0,0.0,11.9,20.2,3,36767.3,17.94,53.708333333333336,26,75,872.1333333333333,21.8,6.5,0,0,0,0
2023-05-13,22.7,11.2,16.5,0.0,0.0,16.8,37.4,3,36851.16,16.57,58.333333333333336,37,83,874.5958333333333,20.4,8.8,0,0,0,0
2023-05-14,19.9,11.6,14.8,2.6,2.6,18.4,40.3,53,30785.64,13.09,82.66666666666667,57,97,874.5666666666666,18.3,10.3,0,0,0,0
2023-05-15,17.6,9.9,13.0,14.6,14.6,17.3,35.6,63,28800.0,11.28,83.25,62,93,874.4125,15.8,7.5,0,0,0,0
2023-05-16,14.7,8.6,11.9,3.6,3.6,16.2,34.2,53,24080.17,8.6,87.5,72,100,874.2833333333333,13.0,6.9,0,0,0,0
2023-05-17,18.9,7.2,12.6,0.1,0.1,16.2,32.4,51,33794.81,15.66,83.75,57,100,872.1291666666666,17.8,5.5,0,0,0,0
2023-05-18,19.1,9.4,14.0,1.2,1.2,15.0,36.0,53,35921.86,15.36,80.04166666666667,58,97,871.0375,17.9,8.3,0,0,0,0
2023-05-19,19.8,8.5,13.1,1.0,1.0,19.1,36.4,55,36729.2,16.73,61.583333333333336,21,95,870.9125,16.7,3.9,0,0,0,0
2023-05-20,17.5,5.8,10.7,0.0,0.0,16.2,28.4,0,36759.93,17.43,49.541666666666664,28,64,871.3666666666667,14.5,1.5,0,0,0,0
2023-05-21,18.9,5.3,11.9,0.0,0.0,17.1,34.9,0,36512.57,17.13,49.333333333333336,28,67,870.6791666666667,15.1,2.2,0,0,0,0
2023-05-22,20.0,7.8,13.0,0.0,0.0,17.2,29.9,2,36441.16,16.86,44.291666666666664,23,90,871.8583333333332,17.5,3.0,0,0,0,0
2023-05-23,17.4,7.7,11.5,0.1,0.1,18.4,36.7,51,18060.1,10.09,81.20833333333333,54,98,873.125,14.8,5.8,0,0,0,0
2023-05-24,21.5,8.3,14.5,0.0,0.0,10.4,24.5,1,36185.88,16.42,68.20833333333333,39,87,872.2958333333332,20.3,6.7,0,0,0,0
2023-05-25,22.8,8.5,15.7,0.0,0.0,14.8,31.7,3,36000.0,16.24,61.875,35,82,871.6458333333334,20.5,6.0,0,0,0,0
2023-05-26,21.1,10.2,14.8,0.0,0.0,22.0,38.5,3,36206.01,16.19,51.291666666666664,28,84,872.3375,19.0,5.0,0,0,0,0
2023-05-27,19.5,12.1,15.0,0.3,0.3,20.3,37.4,51,15817.92,8.99,71.875,49,92,875.2416666666667,17.7,9.1,0,0,0,0
2023-05-28,20.9,8.6,13.9,0.0,0.0,11.4,27.0,3,36223.71,15.79,76.25,44,97,874.6291666666666,19.3,7.2,0,0,0,0
2023-05-29,21.5,8.1,13.6,0.0,0.0,14.2,31.7,3,36231.61,15.9,67.375,33,92,873.7958333333332,19.5,6.3,0,0,0,0
2023-05-30,19.8,10.8,14.8,0.4,0.4,25.4,48.2,51,31712.35,13.01,70.79166666666667,45,95,874.4416666666666,16.4,8.7,0,0,0,0
2023-05-31,17.5,8.6,13.2,2.1,2.1,22.7,50.0,53,29982.17,9.77,71.375,40,94,872.1374999999999,14.4,3.8,0,0,0,0
2023-06-01,16.7,5.2,10.1,0.0,0.0,20.6,36.0,0,36251.78,16.13,57.583333333333336,32,76,871.25,13.5,1.3,0,0,0,0
2023-06-02,19.6,4.4,11.5,0.0,0.0,12.6,27.4,3,36257.3,16.13,52.041666666666664,25,80,871.1999999999999,15.9,1.3,0,0,0,1
2023-06-03,23.0,11.6,16.2,0.0,0.0,18.8,39.6,3,36000.0,15.26,41.5,25,54,871.3958333333334,19.2,9.4,0,0,0,0
2023-06-04,23.1,9.1,16.3,0.0,0.0,21.3,43.6,3,36000.0,15.0,48.25,29,72,869.9083333333333,19.1,7.1,0,0,0,0
2023-06-05,21.5,9.3,14.7,0.0,0.0,28.6,49.7,0,36270.24,15.6,35.666666666666664,18,56,872.1750000000001,18.9,2.7,0,0,0,0
2023-06-06,21.0,8.1,13.6,0.0,0.0,15.5,33.1,0,36000.0,15.31,65.70833333333333,44,93,875.0916666666667,18.9,5.3,0,0,0,0
2023-06-07,22.1,8.3,14.2,0.0,0.0,13.4,29.2,0,36000.0,15.27,75.29166666666667,42,96,874.7541666666666,20.2,6.4,0,0,0,0
2023-06-08,23.1,10.1,16.0,0.0,0.0,24.5,46.8,1,36000.0,15.11,63.291666666666664,33,89,872.975,19.8,7.9,0,0,0,0
2023-06-09,22.6,10.1,15.1,0.0,0.0,20.9,35.6,0,36278.43,15.66,32.5,12,72,871.5791666666668,17.9,4.4,0,0,0,0
2023-06-10,19.9,5.8,12.2,0.0,0.0,22.3,38.2,0,36278.62,15.98,39.375,17,61,873.8958333333334,17.0,1.4,0,0,0,0
2023-06-11,18.1,3.8,10.3,0.0,0.0,13.6,29.5,0,36278.03,15.78,51.625,29,72,872.9416666666666,14.9,0.1,0,0,0,1
2023-06-12,20.0,7.6,13.0,0.2,0.2,25.0,51.5,51,36000.0,13.81,58.708333333333336,34,86,869.4791666666666,16.6,4.5,0,0,0,0
2023-06-13,16.0,4.9,9.8,0.0,0.0,28.1,49.0,0,36274.79,15.51,53.375,30,77,870.3041666666667,11.7,-0.6,0,0,0,1
2023-06-14,18.1,5.7,11.4,0.0,0.0,16.5,33.8,0,36272.2,15.45,43.833333333333336,27,59,871.0291666666667,14.0,1.7,0,0,0,0
2023-06-15,21.4,7.3,13.2,0.0,0.0,21.2,40.7,0,36268.98,15.64,29.583333333333332,16,44,871.3916666666668,15.8,2.4,0,0,0,0
2023-06-16,21.0,6.9,12.7,0.0,0.0,24.2,42.5,0,36265.18,15.66,45.75,15,73,873.9791666666666,18.3,1.8,0,0,0,0
2023-06-17,21.0,4.9,12.7,0.0,0.0,13.1,29.5,0,36260.84,15.65,49.25,22,82,874.9916666666667,17.4,2.1,0,0,0,1
2023-06-18,21.6,7.4,13.6,0.0,0.0,10.0,24.1,0,36255.93,15.59,43.791666666666664,20,68,873.775,18.3,4.5,0,0,0,0
2023-06-19,22.2,8.6,15.2,0.0,0.0,23.0,44.6,0,36250.54,15.48,37.083333333333336,18,62,871.9625,16.7,5.8,0,0,0,0
2023-06-20,19.0,6.2,11.8,0.0,0.0,27.2,50.0,0,36244.68,15.71,28.875,15,44,871.7791666666667,15.4,-0.6,0,0,0,0
2023-06-21,19.4,3.8,11.3,0.0,0.0,15.9,33.1,1,36238.4,15.34,32.083333333333336,19,47,873.2333333333332,14.6,0.0,0,0,0,1
2023-06-22,20.4,7.3,12.8,0.0,0.0,15.9,26.6,0,36231.68,15.25,31.75,18,80,875.1041666666666,17.0,2.3,0,0,0,0
2023-06-23,17.4,6.6,10.8,0.0,0.0,10.2,23.0,3,28076.31,11.79,79.91666666666667,49,98,877.9666666666667,15.1,4.6,0,0,0,0
2023-06-24,21.0,6.4,12.7,0.0,0.0,10.3,19.8,0,36217.15,15.31,60.791666666666664,24,91,876.6708333333332,18.4,4.2,0,0,0,0
2023-06-25,20.4,6.9,13.2,0.0,0.0,10.9,22.0,0,36209.37,15.37,45.333333333333336,24,64,874.8166666666666,17.7,3.9,0,0,0,0
2023-06-26,19.0,6.0,12.8,0.0,0.0,9.1,23.8,0,36486.87,15.31,46.916666666666664,28,76,873.4708333333333,16.4,3.3,0,0,0,0
2023-06-27,19.1,6.1,12.2,0.0,0.0,16.4,34.6,0,36478.41,15.26,43.041666666666664,24,64,871.5625,14.6,2.9,0,0,0,0
2023-06-28,18.0,7.3,12.4,3.2,3.2,21.4,42.5,61,36000.0,14.03,64.95833333333333,43,96,872.5124999999999,14.0,4.8,0,0,0,0
2023-06-29,17.0,7.2,11.4,1.0,1.0,12.6,28.4,51,36459.46,15.21,63.25,28,97,874.6333333333333,13.7,3.5,0,0,0,0
2023-06-30,18.2,4.7,10.4,0.0,0.0,21.3,37.8,2,36449.09,15.54,48.958333333333336,23,75,876.5416666666666,14.6,-0.2,0,0,0,1
2023-07-01,18.9,4.6,11.0,0.0,0.0,21.3,36.4,0,36438.15,15.66,45.0,22,66,878.2791666666667,15.6,0.1,0,0,0,1
2023-07-02,19.5,5.7,11.9,0.0,0.0,11.3,18.0,1,36426.7,15.49,44.916666666666664,30,66,878.8166666666666,17.3,2.0,0,0,0,0
2023-07-03,19.1,5.8,11.9,0.0,0.0,13.9,25.6,0,36414.7,15.42,46.916666666666664,27,72,879.8666666666667,16.1,2.5,0,0,0,0
2023-07-04,19.3,5.9,12.2,0.0,0.0,13.1,24.8,1,36686.74,14.19,55.0,29,85,877.85,16.7,3.4,0,0,0,0
2023-07-05,19.8,7.1,12.2,0.0,0.0,13.7,28.1,0,36673.69,15.64,40.125,21,53,876.0958333333333,16.8,2.7,0,0,0,0
2023-07-06,17.8,4.2,10.4,0.0,0.0,12.9,29.5,3,36660.28,14.26,59.875,34,90,878.7833333333333,14.5,1.3,0,0,0,1
2023-07-07,18.1,5.4,11.7,0.0,0.0,14.6,32.0,1,36930.2,15.53,56.75,34,81,878.6708333333332,14.7,2.5,0,0,0,0
2023-07-08,18.9,6.0,11.9,0.0,0.0,17.4,37.1,0,36915.84,15.83,50.833333333333336,27,74,874.4583333333334,14.5,2.8,0,0,0,0
2023-07-09,17.5,4.6,10.7,0.0,0.0,30.1,52.9,2,36617.99,15.48,41.375,28,59,871.3416666666667,14.3,-3.0,0,0,0,1
2023-07-10,11.6,0.4,5.8,0.1,0.1,30.1,59.4,51,36886.27,14.69,44.25,21,73,877.4166666666666,4.9,-5.7,0,0,0,1
2023-07-11,15.1,2.7,8.1,0.0,0.0,29.9,52.2,0,37153.77,16.2,51.625,18,77,883.0124999999999,9.8,-3.1,0,0,0,1
2023-07-12,16.9,3.9,9.3,0.0,0.0,20.1,40.3,2,36855.88,15.46,56.375,29,76,882.5458333333332,13.2,-0.5,0,0,0,1
2023-07-13,17.9,3.4,10.0,0.0,0.0,13.0,28.4,0,37404.36,16.19,52.583333333333336,21,84,879.3833333333333,14.2,-0.2,0,0,0,1
2023-07-14,15.4,3.1,8.5,0.0,0.0,14.4,30.2,1,37388.19,15.98,59.541666666666664,28,92,878.5041666666666,11.8,-0.0,0,0,0,1
2023-07-15,16.0,3.3,9.2,0.0,0.0,17.2,35.3,3,35994.3,13.52,63.458333333333336,35,92,876.7541666666666,12.4,0.3,0,0,0,1
2023-07-16,20.9,4.9,12.1,0.0,0.0,14.7,32.4,0,37355.58,16.18,43.125,20,68,877.3291666666668,16.8,1.0,0,0,0,1
2023-07-17,22.0,7.9,13.9,0.0,0.0,15.2,25.9,0,37619.73,16.35,38.5,19,55,879.3583333333332,19.4,3.5,0,0,0,0
2023-07-18,21.5,6.6,13.5,0.0,0.0,11.3,26.6,0,37837.2,16.53,38.791666666666664,21,55,877.8249999999999,18.1,3.0,0,0,0,0
2023-07-19,22.5,8.1,14.4,0.0,0.0,17.3,30.2,0,37864.88,16.61,33.375,15,55,874.2291666666666,18.7,3.9,0,0,0,0
2023-07-20,17.3,7.6,11.7,1.0,1.0,25.0,47.9,51,23632.78,10.93,59.583333333333336,32,82,877.4333333333334,13.0,4.0,0,0,0,0
2023-07-21,12.9,6.3,9.5,1.5,1.5,23.4,46.1,53,22215.26,9.3,72.625,55,97,881.375,8.3,2.2,0,0,0,0
2023-07-22,16.1,6.8,10.1,1.5,1.5,15.0,33.8,55,26029.02,12.01,80.45833333333333,50,99,879.5958333333333,13.2,4.5,0,0,0,0
2023-07-23,21.4,6.4,12.9,0.0,0.0,13.7,32.0,3,37790.65,16.48,69.625,36,92,876.3708333333334,18.7,4.4,0,0,0,0
2023-07-24,24.0,10.0,15.8,0.0,0.0,20.3,42.8,3,36383.64,16.01,52.625,27,84,874.9,20.0,7.9,0,0,0,0
2023-07-25,19.0,7.2,12.7,0.0,0.0,16.6,34.6,3,27962.51,13.37,60.833333333333336,30,92,877.6208333333334,16.7,3.0,0,0,0,0
2023-07-26,19.5,5.5,11.8,0.0,0.0,14.9,31.7,3,36034.48,15.48,74.25,36,100,877.5875,16.8,3.2,0,0,0,0
2023-07-27,21.1,6.3,13.8,0.0,0.0,15.3,34.2,0,38097.07,16.63,61.875,35,86,876.3166666666666,18.2,3.8,0,0,0,0
2023-07-28,23.2,11.4,16.5,0.0,0.0,14.1,31.7,3,38126.71,16.89,45.166666666666664,22,67,874.9875000000001,20.2,7.6,0,0,0,0
2023-07-29,24.4,8.1,16.2,0.0,0.0,26.5,52.9,3,37399.01,16.96,41.041666666666664,22,72,870.9541666666668,18.9,5.1,0,0,0,0
2023-07-30,13.0,3.7,8.5,0.0,0.0,25.5,49.3,1,38185.91,17.83,36.875,20,54,873.1083333333332,7.6,-1.4,0,0,0,1
2023-07-31,17.5,1.4,8.4,0.0,0.0,16.5,31.7,0,38215.38,18.09,31.833333333333332,12,55,877.0,13.0,-3.7,0,0,0,1
2023-08-01,18.0,2.9,9.6,0.0,0.0,21.9,41.4,0,38244.71,18.38,30.916666666666668,11,61,880.1416666666668,13.4,-3.1,0,0,0,1
2023-08-02,16.8,4.4,9.9,0.0,0.0,16.9,35.3,2,38273.86,16.55,58.625,29,92,883.2416666666667,13.1,1.0,0,0,0,1
2023-08-03,16.2,3.2,9.5,0.0,0.0,10.8,27.7,0,38302.77,17.4,62.541666666666664,32,98,882.4333333333334,13.3,0.7,0,0,0,1
2023-08-04,16.9,2.9,10.1,0.0,0.0,10.4,23.0,3,37285.45,17.78,53.291666666666664,26,88,880.5166666666668,14.3,-0.3,0,0,0,1
2023-08-05,17.9,3.7,11.1,0.0,0.0,9.8,22.3,3,38359.75,17.83,47.208333333333336,27,75,880.4666666666667,15.5,0.5,0,0,0,1
2023-08-06,19.4,5.3,11.8,0.0,0.0,9.0,20.5,0,38387.8,18.26,45.125,20,72,880.6208333333334,17.1,2.8,0,0,0,0
2023-08-07,22.7,5.2,13.5,0.0,0.0,14.1,23.8,0,38415.75,19.05,24.333333333333332,7,46,878.5791666666668,19.1,0.3,0,0,0,0
2023-08-08,22.4,6.7,14.0,0.0,0.0,13.3,23.8,0,38443.62,18.73,27.666666666666668,14,43,878.1999999999999,19.5,2.6,0,0,0,0
2023-08-09,21.0,8.0,13.8,0.0,0.0,21.3,42.5,3,38471.4,18.34,36.708333333333336,20,57,880.2916666666666,16.9,3.9,0,0,0,0
2023-08-10,18.6,6.7,12.1,0.0,0.0,18.4,38.2,0,38499.08,18.46,56.5,27,93,880.6541666666667,15.2,3.2,0,0,0,0
2023-08-11,19.3,6.1,12.2,0.0,0.0,10.9,25.6,3,37774.29,15.98,54.208333333333336,28,87,877.0,17.2,3.8,0,0,0,0
2023-08-12,20.6,6.7,13.5,0.0,0.0,13.7,31.7,3,38481.71,14.77,46.5,24,70,873.7875,17.8,4.0,0,0,0,0
2023-08-13,23.7,8.1,15.5,0.0,0.0,15.0,31.0,1,38581.39,18.3,42.958333333333336,22,66,872.5416666666666,21.4,5.0,0,0,0,0
2023-08-14,25.1,9.7,17.8,0.0,0.0,18.7,37.4,0,38608.56,18.8,33.458333333333336,19,56,872.975,21.4,6.5,0,0,0,0
2023-08-15,27.1,10.6,18.4,0.0,0.0,22.5,43.9,1,38818.77,19.19,24.708333333333332,7,48,873.8916666666668,22.3,7.0,0,0,0,0
2023-08-16,22.4,8.6,15.3,0.0,0.0,16.9,35.6,3,31200.92,17.02,53.458333333333336,18,95,876.5708333333333,20.4,3.9,0,0,0,0
2023-08-17,23.7,7.4,15.3,0.0,0.0,16.4,36.0,3,38689.2,18.08,59.5,24,97,874.6416666666668,20.4,5.5,0,0,0,0
2023-08-18,25.5,10.6,18.2,0.0,0.0,21.5,42.5,3,39081.31,18.89,36.333333333333336,22,59,872.5083333333333,21.5,8.3,0,0,0,0
2023-08-19,26.8,11.1,18.4,0.0,0.0,26.3,51.1,3,39079.34,18.89,36.125,16,61,871.5583333333334,22.8,7.8,0,0,0,0
2023-08-20,26.1,10.8,18.5,0.0,0.0,15.9,30.2,3,39340.35,19.79,30.458333333333332,14,62,871.9083333333333,23.2,6.0,0,0,0,0
2023-08-21,28.4,12.1,20.5,0.0,0.0,23.7,51.8,3,38810.99,19.84,29.125,14,57,870.6458333333334,23.8,10.1,0,0,0,0
2023-08-22,29.8,11.4,20.4,0.0,0.0,22.2,43.6,0,39596.22,20.32,13.291666666666666,7,20,869.5541666666667,25.0,6.7,0,0,0,0
2023-08-23,28.4,12.8,19.9,0.0,0.0,22.3,39.2,0,39854.21,20.6,12.833333333333334,7,19,870.9541666666668,24.3,7.2,0,0,0,0
2023-08-24,26.1,13.0,18.6,0.0,0.0,22.5,39.6,0,39849.18,20.42,31.875,14,77,872.1625,22.6,6.9,0,0,0,0
2023-08-25,26.2,9.9,17.2,0.4,0.4,26.3,56.5,51,36423.7,19.39,61.833333333333336,26,95,869.2666666666668,22.9,8.7,0,0,0,0
2023-08-26,22.1,7.8,14.3,0.0,0.0,21.1,40.0,3,40099.53,21.51,22.5,9,61,871.3125,17.8,2.6,0,0,0,0
2023-08-27,21.6,6.3,13.3,0.0,0.0,24.7,43.2,2,40614.84,21.1,31.958333333333332,18,58,880.3166666666666,18.8,-0.4,0,0,0,0
2023-08-28,21.1,5.1,12.6,0.0,0.0,13.2,30.6,0,40606.88,21.4,35.75,13,57,884.1208333333334,18.3,1.1,0,0,0,0
2023-08-29,23.3,5.3,14.2,0.0,0.0,13.0,25.6,0,40598.25,21.02,42.5,18,75,881.9666666666667,21.1,2.1,0,0,0,0
2023-08-30,22.4,7.0,14.6,0.0,0.0,10.9,23.0,0,40849.01,21.1,50.875,25,86,878.9541666666668,21.2,4.3,0,0,0,0
2023-08-31,23.4,8.4,15.6,0.0,0.0,14.7,32.0,0,41098.69,21.4,40.25,17,74,874.6916666666666,20.7,5.8,0,0,0,0
2023-09-01,26.5,10.0,18.4,0.0,0.0,19.3,40.3,1,41253.36,21.05,28.5,16,45,872.8333333333334,23.0,6.3,0,0,0,0
2023-09-02,28.4,12.2,20.5,0.0,0.0,20.8,43.6,0,41339.83,21.32,25.208333333333332,14,45,873.3458333333333,24.5,8.3,0,0,0,0
2023-09-03,29.2,11.9,21.1,0.0,0.0,18.1,38.9,3,41426.76,21.39,33.041666666666664,14,62,874.6041666666666,25.9,9.1,0,0,0,0
2023-09-04,30.4,13.2,21.9,0.0,0.0,12.4,26.6,3,41514.09,21.6,28.666666666666668,13,53,875.0375,28.7,10.6,0,0,0,0
2023-09-05,30.9,13.2,22.3,0.0,0.0,21.1,35.6,3,41601.76,21.78,28.625,12,60,873.6999999999999,27.8,10.5,0,0,0,0
2023-09-06,29.9,13.6,21.3,0.0,0.0,25.6,43.9,3,41689.71,22.14,14.333333333333334,9,22,873.8375,26.5,8.6,0,0,0,0
2023-09-07,27.6,10.1,18.5,0.0,0.0,16.2,32.0,0,41777.9,23.23,10.625,5,21,874.2333333333332,23.5,4.7,0,0,0,0
2023-09-08,28.3,10.8,20.2,0.0,0.0,15.0,29.9,3,41866.26,22.12,17.541666666666668,7,33,874.875,26.0,5.7,0,0,0,0
2023-09-09,30.3,11.8,21.5,0.0,0.0,10.9,25.6,0,41954.73,22.44,34.958333333333336,16,74,874.7791666666667,28.6,9.6,0,0,0,0
2023-09-10,31.0,12.8,22.6,0.0,0.0,15.6,34.9,0,42043.27,22.68,27.458333333333332,15,56,872.1083333333332,28.8,10.4,0,0,0,0
2023-09-11,31.4,12.4,22.2,0.0,0.0,31.6,60.1,3,42131.82,22.79,21.5,11,33,869.5875,26.9,4.9,1,0,0,0
2023-09-12,21.6,5.6,12.0,0.0,0.0,32.6,56.9,3,35020.31,19.35,44.583333333333336,30,54,876.1875,20.2,-1.3,0,0,0,0
2023-09-13,19.5,6.8,12.9,0.0,0.0,21.5,43.9,3,42308.7,20.63,54.833333333333336,34,74,879.0458333333332,16.4,3.3,0,0,0,0
2023-09-14,22.5,9.4,15.2,0.0,0.0,13.8,33.8,3,42396.95,21.88,56.25,29,84,875.4375,20.5,7.5,0,0,0,0
2023-09-15,28.5,12.2,20.0,0.0,0.0,18.4,40.0,0,42484.93,23.41,35.833333333333336,19,58,871.8083333333334,25.7,9.6,0,0,0,0
2023-09-16,30.4,14.6,21.9,0.0,0.0,22.8,46.1,1,42573.17,24.76,8.125,3,33,870.3916666666668,25.6,7.7,0,0,0,0
2023-09-17,27.9,11.7,19.4,0.0,0.0,23.1,40.3,0,42661.94,24.14,17.5,9,51,872.0291666666667,25.3,5.7,0,0,0,0
2023-09-18,24.5,10.5,17.2,0.0,0.0,17.1,38.5,3,42751.2,23.31,58.541666666666664,30,94,874.0500000000001,22.9,9.2,0,0,0,0
2023-09-19,28.5,11.5,19.6,0.1,0.1,23.1,47.5,51,42840.89,23.17,50.333333333333336,19,86,872.9291666666667,25.8,10.1,0,0,0,0
2023-09-20,29.5,12.8,21.1,0.0,0.0,19.7,41.8,3,42930.94,22.87,35.833333333333336,18,60,872.7583333333333,27.4,10.1,0,0,0,0
2023-09-21,30.0,14.0,21.9,0.0,0.0,22.6,46.1,0,43021.3,23.93,21.625,15,37,873.1041666666666,26.2,10.2,0,0,0,0
2023-09-22,31.0,12.8,22.1,0.0,0.0,15.9,34.6,0,43111.91,24.51,32.083333333333336,12,76,873.4,28.4,10.8,0,0,0,0
2023-09-23,30.4,15.1,23.8,0.0,0.0,17.3,38.9,3,41646.37,22.9,26.666666666666668,14,52,873.8874999999999,28.0,12.5,0,0,0,0
2023-09-24,29.7,16.2,23.4,0.0,0.0,31.8,56.2,0,43200.0,24.22,26.5,16,39,873.7125,25.8,12.7,0,0,0,0
2023-09-25,28.8,13.5,20.5,5.1,5.1,28.0,70.6,63,38682.89,21.72,40.458333333333336,26,67,871.65,26.2,8.2,0,0,0,0
2023-09-26,23.1,9.3,16.3,0.0,0.0,22.6,43.6,0,43200.0,25.09,38.083333333333336,23,65,870.5083333333333,22.6,4.8,0,0,0,0
2023-09-27,16.5,11.3,13.6,15.9,15.9,23.3,41.0,63,17158.96,11.32,71.70833333333333,45,94,871.9583333333334,14.9,7.5,0,0,0,0
2023-09-28,22.8,9.5,15.8,0.0,0.0,12.9,29.5,2,43200.0,23.29,62.25,36,94,873.7416666666667,22.6,7.6,0,0,0,0
2023-09-29,25.8,10.6,18.2,0.0,0.0,14.5,30.2,1,43200.0,24.55,59.458333333333336,31,97,873.9749999999999,25.7,9.5,0,0,0,0
2023-09-30,29.9,15.1,22.1,0.0,0.0,16.5,36.7,0,43200.0,25.41,36.0,17,60,872.6416666666668,27.5,12.7,0,0,0,0
2023-10-01,31.1,14.0,22.1,0.0,0.0,26.1,44.6,0,43200.0,26.09,22.083333333333332,6,70,873.6541666666667,29.5,8.8,0,0,0,0
2023-10-02,22.6,11.0,16.2,0.0,0.0,19.8,38.2,3,36463.01,22.92,58.083333333333336,36,78,879.0,21.5,8.1,0,0,0,0
2023-10-03,27.0,8.8,18.1,0.0,0.0,11.3,28.1,0,43200.0,25.94,53.083333333333336,26,92,877.7708333333334,26.5,7.4,0,0,0,0
2023-10-04,32.0,13.8,23.6,0.0,0.0,14.1,33.1,3,43200.0,25.8,30.958333333333332,15,56,876.5208333333334,30.6,11.8,0,0,0,0
2023-10-05,33.0,14.4,24.2,0.0,0.0,13.2,30.6,3,43200.0,26.37,27.166666666666668,11,55,875.4875000000001,31.9,12.3,0,0,0,0
2023-10-06,33.1,14.8,24.4,0.0,0.0,15.3,34.9,1,43200.0,26.47,24.25,11,47,873.2541666666666,31.7,12.1,1,0,0,0
2023-10-07,33.0,15.2,24.0,0.0,0.0,13.6,32.8,0,43200.0,26.49,29.041666666666668,9,62,871.4083333333333,31.2,12.9,1,0,0,0
2023-10-08,34.2,17.2,26.5,0.0,0.0,22.6,42.8,3,40168.0,23.42,23.0,10,64,872.0333333333333,32.2,13.7,1,0,0,0
2023-10-09,27.9,14.1,21.2,0.0,0.0,21.0,44.3,3,43200.0,24.21,55.375,29,91,874.9375,26.6,13.4,0,0,0,0
2023-10-10,30.7,13.8,21.1,0.0,0.0,18.9,39.2,3,36304.2,24.62,59.666666666666664,25,88,874.3416666666667,30.8,13.3,0,0,0,0
2023-10-11,25.8,16.8,19.9,0.8,0.8,10.9,25.2,51,5496.65,9.16,71.29166666666667,40,89,873.9,24.9,16.6,0,0,0,0
2023-10-12,24.7,16.2,19.9,1.6,1.6,24.8,42.5,55,15137.71,11.95,57.625,39,88,871.0291666666667,22.8,13.1,0,0,0,0
2023-10-13,30.5,13.9,21.8,0.0,0.0,21.9,44.6,1,43200.0,27.14,39.75,10,89,870.1958333333333,26.8,11.8,0,0,0,0
2023-10-14,30.0,13.0,21.2,0.0,0.0,20.1,36.4,3,43299.9,27.95,27.5,9,59,871.0666666666666,27.5,8.6,0,0,0,0
2023-10-15,24.2,13.1,18.0,10.1,10.1,24.0,48.2,63,35108.57,19.56,66.66666666666667,41,92,870.9833333333332,22.6,11.5,0,0,0,0
2023-10-16,19.4,12.2,15.4,12.6,12.6,22.2,45.0,63,25470.3,15.01,80.66666666666667,63,97,868.9875000000001,19.0,11.0,0,0,0,0
2023-10-17,21.2,11.2,15.9,3.0,3.0,23.9,44.6,61,36588.07,21.21,64.95833333333333,34,99,871.6875,19.5,9.4,0,0,0,0
2023-10-18,24.9,10.9,17.6,0.0,0.0,20.6,36.0,3,41495.9,23.28,54.166666666666664,28,80,875.0749999999999,25.3,7.3,0,0,0,0
2023-10-19,27.5,11.6,19.6,0.0,0.0,20.7,40.7,3,43419.53,25.32,49.041666666666664,25,76,876.6416666666668,26.6,9.9,0,0,0,0
2023-10-20,27.7,11.8,19.7,0.0,0.0,16.0,36.4,0,43652.48,27.86,52.208333333333336,23,90,875.3708333333334,26.8,10.7,0,0,0,0
2023-10-21,30.4,14.5,22.5,0.0,0.0,16.4,38.2,3,43886.65,28.36,33.708333333333336,11,61,870.2458333333334,28.6,12.0,0,0,0,0
2023-10-22,31.3,15.2,22.4,0.0,0.0,30.9,55.1,3,43602.87,28.63,41.416666666666664,10,72,868.9833333333332,29.5,13.0,0,0,0,0
2023-10-23,28.4,12.6,20.6,0.0,0.0,19.4,39.2,2,43839.07,26.56,50.458333333333336,22,83,871.4458333333333,27.2,10.9,0,0,0,0
2023-10-24,33.4,15.4,24.0,0.0,0.0,20.8,43.6,0,44337.03,28.53,31.416666666666668,11,60,869.025,30.2,13.3,0,0,0,0
2023-10-25,33.2,14.4,23.9,0.0,0.0,18.9,38.9,0,44576.52,29.44,23.166666666666668,8,64,871.6083333333332,31.0,9.8,0,0,0,0
2023-10-26,31.2,13.2,22.1,0.0,0.0,13.4,33.8,2,44295.06,28.89,48.833333333333336,19,93,874.5666666666666,30.6,12.8,1,0,0,0
2023-10-27,34.2,15.2,24.9,0.0,0.0,15.5,36.4,3,44536.18,27.36,33.666666666666664,11,71,872.6416666666668,33.0,14.0,1,0,0,0
2023-10-28,32.4,16.9,25.1,0.0,0.0,26.8,55.1,3,27123.48,17.86,27.416666666666668,14,48,870.3000000000001,28.4,14.3,1,0,0,0
2023-10-29,26.0,10.0,17.8,21.1,21.1,30.2,54.0,63,39589.15,20.76,63.416666666666664,37,83,871.3666666666667,25.3,5.1,0,0,1,0
2023-10-30,14.9,7.1,9.6,2.0,2.0,30.4,54.7,53,476.14,8.09,71.83333333333333,58,81,874.025,11.9,1.2,0,0,0,0
2023-10-31,12.6,7.9,10.1,19.5,19.5,18.4,33.8,63,0.0,5.97,84.375,78,92,873.0541666666667,10.9,4.6,0,0,0,0
2023-11-01,19.9,6.1,12.7,0.0,0.0,19.1,37.8,1,45455.75,28.91,69.70833333333333,41,92,873.4499999999999,20.2,2.4,0,0,0,0
2023-11-02,22.6,8.6,15.7,0.0,0.0,11.8,28.1,3,43370.67,26.75,64.29166666666667,38,96,874.25,22.6,7.0,0,0,0,0
2023-11-03,23.6,11.2,17.2,0.0,0.0,14.6,33.1,3,40675.52,26.86,62.333333333333336,40,85,874.5749999999999,24.0,9.3,0,0,0,0
2023-11-04,23.5,11.9,17.3,0.7,0.7,12.7,28.8,51,27733.06,19.49,64.45833333333333,44,81,872.975,24.4,10.5,0,0,0,0
2023-11-05,27.5,12.8,20.5,0.0,0.0,14.0,32.8,1,45616.36,28.72,56.916666666666664,32,83,871.7333333333332,28.1,11.8,0,0,0,0
2023-11-06,29.5,15.5,22.8,0.0,0.0,15.5,35.6,3,43738.52,27.63,51.333333333333336,32,77,871.7875,29.7,14.9,0,0,0,0
2023-11-07,19.4,13.1,17.5,16.9,16.9,15.8,35.6,63,1094.94,7.19,79.75,63,94,870.8708333333334,20.2,12.8,0,0,0,0
2023-11-08,25.5,11.1,18.1,0.0,0.0,14.3,30.2,3,43017.75,28.38,62.5,30,95,872.2041666666668,26.8,10.0,0,0,0,0
2023-11-09,27.0,11.9,20.3,0.0,0.0,12.6,31.0,2,46088.06,27.78,62.083333333333336,36,96,873.0916666666667,27.9,11.1,0,0,0,0
2023-11-10,26.7,14.9,20.5,0.0,0.0,20.9,39.2,3,43039.92,24.03,63.333333333333336,39,89,874.7166666666667,27.4,14.7,0,0,0,0
2023-11-11,30.2,14.4,22.3,0.0,0.0,13.7,32.8,3,44865.53,29.8,58.75,28,96,874.1291666666666,30.8,14.6,0,0,0,0
2023-11-12,33.3,16.2,23.5,1.3,1.3,17.0,34.9,55,42830.14,26.96,49.625,21,72,872.625,33.4,15.4,0,0,0,0
2023-11-13,28.1,15.8,21.4,1.0,1.0,21.3,41.8,53,43071.32,28.53,61.958333333333336,36,96,874.1750000000001,28.3,15.3,0,0,0,0
2023-11-14,22.0,14.6,17.6,1.5,1.5,18.8,40.0,51,15460.73,12.88,69.875,50,90,876.2791666666667,19.7,13.7,0,0,0,0
2023-11-15,25.4,11.5,18.3,0.0,0.0,18.6,36.4,3,46410.79,24.0,61.791666666666664,34,90,875.7208333333333,24.8,9.6,0,0,0,0
2023-11-16,27.5,11.7,20.2,0.2,0.2,14.8,36.4,51,45946.6,28.24,61.708333333333336,35,93,874.6291666666666,29.0,10.8,0,0,0,0
2023-11-17,29.5,17.0,21.9,2.9,2.9,20.8,42.1,63,28455.53,21.15,56.708333333333336,30,79,873.7166666666667,30.5,17.1,0,0,0,0
2023-11-18,29.2,16.3,21.8,2.2,2.2,18.7,41.8,55,29669.09,19.49,58.791666666666664,35,86,873.4416666666666,31.9,15.4,0,0,0,0
2023-11-19,31.9,15.4,23.8,0.0,0.0,10.6,27.4,2,47229.42,30.29,51.875,20,94,872.1041666666666,33.2,15.2,0,0,0,0
2023-11-20,32.8,17.9,23.9,2.4,2.4,23.0,47.9,61,44936.04,24.9,54.5,25,75,871.7041666666668,34.1,17.5,0,0,0,0
2023-11-21,31.5,17.3,24.1,4.6,4.6,12.8,33.5,63,39604.98,27.16,53.708333333333336,26,92,872.1708333333332,33.2,17.7,1,0,0,0
2023-11-22,32.7,18.5,25.9,0.0,0.0,16.8,32.8,3,46671.04,27.95,46.583333333333336,24,75,874.3333333333334,35.2,19.0,1,0,0,0
2023-11-23,33.8,20.2,27.0,0.0,0.0,17.7,37.4,3,46937.36,29.43,43.041666666666664,23,69,875.0708333333333,34.3,20.5,1,0,0,0
2023-11-24,34.0,19.5,26.7,0.0,0.0,18.8,40.3,3,48207.55,31.51,31.666666666666668,15,53,873.7208333333333,33.4,18.3,1,0,0,0
2023-11-25,34.1,18.6,26.9,0.0,0.0,14.5,34.2,2,47742.86,30.38,28.791666666666668,16,45,872.8958333333334,34.8,16.1,1,0,0,0
2023-11-26,33.9,19.9,26.5,0.1,0.1,13.8,31.7,51,46356.77,28.66,41.25,21,63,876.1541666666667,34.9,19.5,1,0,0,0
2023-11-27,35.1,20.5,27.4,0.0,0.0,9.5,23.8,3,43007.26,28.75,42.583333333333336,22,67,875.9333333333334,36.8,20.7,1,0,0,0
2023-11-28,32.3,19.6,25.9,0.2,0.2,13.7,34.6,51,47480.45,27.5,45.291666666666664,27,76,871.3458333333333,33.5,20.1,1,0,0,0
2023-11-29,32.5,18.5,24.4,4.6,4.6,31.4,59.0,63,29043.57,20.29,44.916666666666664,20,74,869.2624999999999,34.4,17.3,1,0,0,0
2023-11-30,27.5,13.6,19.8,0.1,0.1,25.0,45.0,51,43410.04,27.93,51.416666666666664,28,82,874.5708333333333,28.0,9.7,0,0,0,0
2023-12-01,29.1,12.8,21.1,0.0,0.0,10.6,26.6,0,48553.73,31.99,52.0,28,90,875.5458333333332,30.4,12.2,0,0,0,0
2023-12-02,33.2,14.8,24.8,0.0,0.0,11.7,27.0,3,46111.33,30.99,37.791666666666664,17,72,873.7833333333333,34.3,13.6,0,0,0,0
2023-12-03,32.9,17.1,25.3,0.0,0.0,16.1,34.6,3,48634.64,31.94,35.166666666666664,18,59,873.3000000000001,32.9,16.0,0,0,0,0
2023-12-04,33.7,17.8,26.5,0.0,0.0,11.2,28.4,3,48434.69,28.74,33.333333333333336,16,64,872.5416666666666,32.9,17.4,1,0,0,0
2023-12-05,34.3,18.0,26.7,0.0,0.0,22.7,42.1,3,38276.92,25.73,31.208333333333332,15,53,872.4208333333332,33.6,16.3,1,0,0,0
2023-12-06,31.5,18.0,23.8,0.5,0.5,22.8,43.9,53,43952.96,26.61,52.375,29,78,875.025,31.3,16.8,1,0,0,0
2023-12-07,25.9,16.6,20.8,3.6,3.6,23.1,46.4,63,33930.69,19.39,59.333333333333336,37,87,874.8916666666668,24.7,15.2,0,0,0,0
2023-12-08,31.5,15.0,24.0,0.3,0.3,21.6,43.2,51,48803.9,30.03,52.125,22,94,871.2875,31.3,15.1,0,0,0,0
2023-12-09,33.9,17.4,24.7,1.2,1.2,19.8,42.5,55,48832.26,26.2,45.666666666666664,17,70,869.7208333333333,31.9,16.6,0,0,0,0
2023-12-10,19.7,16.1,18.4,8.1,8.1,14.0,30.6,61,6686.05,10.03,79.54166666666667,64,94,870.775,20.2,15.9,0,0,0,0
2023-12-11,20.4,15.3,17.3,35.9,35.9,17.8,37.8,63,13980.83,9.92,88.70833333333333,72,97,870.7125,21.1,15.1,0,0,1,0
2023-12-12,27.5,13.1,20.2,1.6,1.6,19.7,36.0,61,48905.61,27.95,66.95833333333333,29,100,869.8958333333334,28.3,12.7,0,0,0,0
2023-12-13,26.8,15.2,21.0,0.0,0.0,20.3,41.4,3,48926.03,28.0,64.91666666666667,47,89,871.5124999999999,28.1,14.0,0,0,0,0
2023-12-14,27.1,14.9,20.7,0.0,0.0,18.7,40.0,3,46857.11,29.82,67.70833333333333,45,92,871.5500000000001,28.5,14.0,0,0,0,0
2023-12-15,29.0,17.1,22.0,1.7,1.7,18.0,42.5,53,41403.32,23.5,67.66666666666667,36,92,872.0541666666667,30.2,17.4,0,0,0,0
2023-12-16,27.5,15.4,21.4,5.6,5.6,22.4,37.8,61,47398.45,27.85,66.83333333333333,39,95,871.8458333333333,29.0,15.8,0,0,0,0
2023-12-17,28.1,16.6,22.4,0.5,0.5,12.0,25.2,51,47580.17,26.86,69.25,41,99,872.1916666666666,30.9,17.8,0,0,0,0
2023-12-18,29.7,17.0,23.4,0.4,0.4,13.4,29.5,51,48996.36,27.91,66.16666666666667,39,95,872.3583333333332,32.6,18.0,0,0,0,0
2023-12-19,30.6,19.5,24.2,9.2,9.2,11.4,26.6,63,48944.0,27.93,62.625,38,88,873.6625,33.9,19.4,0,0,0,0
2023-12-20,29.6,17.1,23.5,0.2,0.2,14.0,28.8,51,46215.6,27.03,67.95833333333333,41,98,874.4,32.8,18.3,0,0,0,0
2023-12-21,33.5,18.5,26.2,0.1,0.1,18.6,31.0,51,48684.95,28.92,51.125,24,83,873.8416666666667,34.8,20.0,0,0,0,0
2023-12-22,31.5,19.4,25.2,0.0,0.0,17.1,35.3,3,40759.41,24.52,48.583333333333336,24,79,875.9333333333334,30.7,19.9,0,0,0,0
2023-12-23,32.5,17.7,25.6,0.0,0.0,11.6,29.9,2,49010.68,29.98,44.666666666666664,25,77,875.6083333333332,33.3,17.8,1,0,0,0
2023-12-24,33.0,19.6,24.8,1.7,1.7,17.1,38.2,55,49006.75,27.93,52.625,27,75,874.6958333333333,33.9,20.0,1,0,0,0
2023-12-25,23.4,18.1,19.8,12.4,12.4,16.8,34.2,63,7298.83,11.4,78.875,57,92,871.1708333333332,25.1,17.1,0,0,0,0
2023-12-26,26.5,15.2,19.8,11.0,11.0,27.1,47.2,63,33498.2,20.86,75.70833333333333,48,97,869.5625,28.3,11.8,0,0,0,0
2023-12-27,20.9,12.4,16.1,4.7,4.7,27.6,48.6,55,19117.04,15.47,73.70833333333333,59,90,871.9916666666667,20.0,9.1,0,0,0,0
2023-12-28,24.4,12.4,18.3,5.2,5.2,17.9,31.0,61,48929.32,27.87,70.41666666666667,46,94,872.8249999999999,25.1,10.4,0,0,0,0
2023-12-29,24.9,15.1,19.4,1.0,1.0,19.4,40.7,51,47953.23,28.66,68.5,44,92,873.6583333333333,25.3,13.1,0,0,0,0
2023-12-30,24.6,13.6,19.4,1.1,1.1,13.7,30.2,53,48832.14,29.39,70.58333333333333,48,96,872.3000000000001,27.1,13.7,0,0,0,0
2023-12-31,26.6,14.6,20.6,0.1,0.1,17.0,35.6,51,44012.77,28.01,66.45833333333333,40,93,871.5375,28.0,14.5,0,0,0,0
2024-01-01,29.5,16.0,22.8,0.0,0.0,24.0,42.1,1,48893.98,31.18,55.416666666666664,28,85,872.8916666666668,31.4,15.9,0,0,0,0
2024-01-02,26.5,16.5,21.6,1.8,1.8,19.9,42.1,51,48660.33,27.72,61.25,42,84,875.2333333333332,29.1,16.0,0,0,0,0
2024-01-03,28.1,15.7,21.9,1.7,1.7,18.3,38.5,55,46798.79,26.6,66.25,40,94,872.8916666666668,30.2,16.4,0,0,0,0
2024-01-04,27.5,14.6,20.9,1.7,1.7,16.3,34.9,53,44183.15,25.63,66.25,40,93,872.2458333333334,29.2,15.1,0,0,0,0
2024-01-05,27.4,15.7,20.0,3.7,3.7,16.6,36.4,63,26213.24,22.09,74.91666666666667,44,96,874.375,30.0,16.4,0,0,0,0
2024-01-06,29.6,15.1,22.2,0.0,0.0,13.6,30.2,3,44740.57,27.63,61.708333333333336,35,91,873.5666666666666,31.5,15.4,0,0,0,0
2024-01-07,31.2,17.0,23.5,1.7,1.7,22.0,41.8,55,44059.18,28.04,59.125,29,83,872.25,34.5,17.6,0,0,0,0
2024-01-08,30.6,18.6,23.8,2.4,2.4,25.9,47.5,61,45722.19,27.75,57.208333333333336,32,80,872.3541666666666,32.6,16.9,0,0,0,0
2024-01-09,27.4,16.9,21.4,5.8,5.8,14.2,33.5,63,37708.5,23.41,72.25,45,92,872.2583333333333,29.6,17.9,0,0,0,0
2024-01-10,26.5,17.2,21.1,8.5,8.5,16.6,37.4,63,40582.73,22.13,74.08333333333333,53,94,870.9666666666667,30.7,16.9,0,0,0,0
2024-01-11,27.9,16.9,22.3,0.2,0.2,11.8,29.2,51,43964.04,26.99,70.25,51,94,870.9458333333333,31.3,17.8,0,0,0,0
2024-01-12,27.4,18.6,22.2,0.9,0.9,9.7,23.8,51,31123.04,20.6,73.20833333333333,48,92,872.2083333333334,30.9,20.2,0,0,0,0
2024-01-13,29.1,17.5,22.3,0.2,0.2,14.5,38.9,51,47291.5,26.37,72.0,43,95,871.7624999999999,32.6,19.1,0,0,0,0
2024-01-14,28.9,16.1,22.8,0.9,0.9,10.8,27.7,53,41760.18,26.59,66.70833333333333,44,88,871.5208333333334,32.3,16.5,0,0,0,0
2024-01-15,29.8,17.5,24.1,0.6,0.6,9.2,25.6,51,47326.39,28.97,63.5,40,93,871.4291666666667,32.8,19.1,0,0,0,0
2024-01-16,30.3,19.4,23.7,1.1,1.1,12.2,32.4,53,36312.51,24.81,65.70833333333333,42,92,870.6374999999999,33.3,20.6,0,0,0,0
2024-01-17,25.0,17.2,20.5,6.3,6.3,16.3,27.0,63,18113.3,18.85,75.08333333333333,53,97,870.2291666666666,27.1,17.8,0,0,0,0
2024-01-18,25.3,14.6,18.8,0.0,0.0,29.2,54.4,3,47094.29,27.86,62.958333333333336,41,84,872.2166666666667,24.7,10.5,0,0,0,0
2024-01-19,24.5,12.5,18.3,0.0,0.0,24.8,43.6,3,46729.64,31.94,51.916666666666664,29,82,874.4916666666667,24.1,8.5,0,0,0,0
2024-01-20,25.6,11.4,18.8,0.0,0.0,14.9,28.1,3,44167.51,30.97,44.166666666666664,22,76,874.2958333333332,25.6,8.6,0,0,0,0
2024-01-21,28.7,12.2,20.9,0.0,0.0,14.5,32.4,3,46852.99,29.44,51.291666666666664,27,88,872.0833333333334,29.0,11.1,0,0,0,0
2024-01-22,31.1,15.6,23.3,0.0,0.0,19.2,37.4,1,46861.59,28.76,48.958333333333336,25,73,872.9250000000001,32.6,15.0,0,0,0,0
2024-01-23,29.6,17.1,22.8,0.0,0.0,18.6,36.7,1,46677.83,29.62,53.416666666666664,26,85,877.8708333333334,30.0,16.3,0,0,0,0
2024-01-24,28.9,15.3,22.2,0.1,0.1,13.0,30.2,51,46661.45,28.17,55.541666666666664,36,80,877.975,31.5,14.7,0,0,0,0
2024-01-25,28.9,16.1,23.0,0.8,0.8,12.3,27.4,51,46643.73,27.22,58.541666666666664,35,89,876.3083333333334,31.1,16.8,0,0,0,0
2024-01-26,30.6,16.6,23.4,2.3,2.3,16.5,48.6,55,44997.89,28.33,59.916666666666664,37,89,874.7708333333334,32.4,16.2,0,0,0,0
2024-01-27,30.8,16.3,21.8,13.1,13.1,12.9,31.3,63,39125.56,27.05,74.54166666666667,37,98,873.9416666666666,32.7,17.1,0,0,0,0
2024-01-28,29.3,18.0,23.0,5.4,5.4,16.5,36.0,63,46582.67,28.3,68.04166666666667,42,94,874.0083333333333,32.8,18.4,0,0,0,0
2024-01-29,28.8,17.9,21.6,16.8,16.8,22.1,41.0,65,28774.99,20.71,77.625,45,95,874.3375,32.4,18.9,0,0,0,0
2024-01-30,29.4,16.9,22.9,0.5,0.5,13.9,26.6,51,46535.48,27.92,68.25,39,97,874.8916666666668,32.5,17.9,0,0,0,0
2024-01-31,28.0,15.8,21.8,0.0,0.0,17.6,36.0,3,46509.97,26.19,57.583333333333336,34,89,877.2333333333332,28.5,15.0,0,0,0,0
2024-02-01,28.1,14.8,21.3,0.0,0.0,15.5,30.2,3,46483.2,28.23,55.541666666666664,31,91,878.1374999999999,28.8,14.2,0,0,0,0
2024-02-02,28.5,14.4,21.6,0.0,0.0,13.9,24.8,2,46455.06,29.86,54.25,29,92,876.4583333333334,29.7,13.9,0,0,0,0
2024-02-03,28.5,15.8,22.3,0.2,0.2,21.9,40.0,51,46425.24,27.72,58.958333333333336,35,89,873.7624999999999,30.6,16.4,0,0,0,0
2024-02-04,30.0,15.5,22.1,3.2,3.2,15.6,37.8,63,46393.81,25.66,60.958333333333336,32,90,872.8291666666668,30.2,16.1,0,0,0,0
2024-02-05,30.8,16.2,23.5,0.3,0.3,19.3,37.4,51,46360.82,27.62,58.416666666666664,33,92,872.9499999999999,32.2,17.3,0,0,0,0
2024-02-06,32.1,16.8,24.5,0.0,0.0,14.5,33.5,1,46326.36,28.56,45.75,24,74,871.7583333333333,31.8,16.0,0,0,0,0
2024-02-07,33.4,17.0,25.2,0.0,0.0,14.3,34.6,3,46290.5,28.83,48.083333333333336,20,91,872.5708333333333,33.2,17.6,1,0,0,0
2024-02-08,34.5,20.5,27.0,0.7,0.7,17.2,36.0,53,46253.3,27.44,38.875,21,74,874.0458333333332,34.4,18.1,1,0,0,0
2024-02-09,31.4,19.0,23.9,11.8,11.8,20.2,38.5,65,35085.83,25.21,68.70833333333333,35,89,874.9458333333333,33.6,20.0,1,0,0,0
2024-02-10,32.3,16.9,24.8,0.8,0.8,14.8,33.8,53,46175.18,27.86,56.166666666666664,26,97,874.4166666666666,32.8,18.3,1,0,0,0
2024-02-11,27.1,17.0,21.4,0.8,0.8,21.4,39.6,51,32326.4,19.67,63.166666666666664,44,80,877.9375,27.8,14.7,0,0,0,0
2024-02-12,27.7,15.8,21.5,0.9,0.9,10.6,27.7,51,46092.54,25.41,64.375,40,86,877.5833333333334,30.6,16.0,0,0,0,0
2024-02-13,31.8,17.0,23.8,0.2,0.2,17.1,34.2,51,46049.69,26.46,55.916666666666664,26,83,875.15,32.3,17.3,0,0,0,0
2024-02-14,33.3,15.9,24.8,0.2,0.2,14.5,31.0,51,46005.91,27.03,51.125,23,84,873.1541666666667,35.2,16.0,0,0,0,0
2024-02-15,31.8,17.8,24.9,0.0,0.0,17.7,36.4,2,45961.27,27.57,49.458333333333336,31,74,870.6083333333332,32.3,17.3,1,0,0,0
2024-02-16,33.7,18.2,25.9,0.1,0.1,23.4,49.3,51,45915.83,27.92,48.25,26,89,868.9083333333333,32.7,19.5,1,0,0,0
2024-02-17,34.8,20.0,26.3,1.4,1.4,20.2,43.2,55,42281.35,26.72,45.041666666666664,23,66,872.5916666666667,34.9,18.9,1,0,0,0
2024-02-18,32.5,19.5,24.7,0.2,0.2,19.0,50.4,51,43200.0,26.68,58.0,33,78,875.9875000000001,34.1,19.6,1,0,0,0
2024-02-19,29.6,18.0,23.5,0.6,0.6,15.8,32.0,51,44086.17,23.39,64.875,41,94,876.6750000000001,33.4,19.8,0,0,0,0
2024-02-20,29.1,17.2,23.5,1.1,1.1,11.2,26.6,51,45727.34,24.33,63.75,39,94,874.8541666666666,32.3,18.6,0,0,0,0
2024-02-21,31.9,17.3,25.3,0.0,0.0,10.6,28.8,3,45589.64,26.41,53.125,28,86,872.2333333333332,33.4,17.8,0,0,0,0
2024-02-22,32.0,19.4,24.7,0.3,0.3,15.5,33.8,51,44555.5,24.37,57.916666666666664,34,81,871.8458333333333,33.8,20.3,0,0,0,0
2024-02-23,32.1,18.3,25.1,0.1,0.1,13.8,31.7,51,45058.61,27.36,56.708333333333336,31,88,873.1291666666666,33.9,19.2,1,0,0,0
2024-02-24,32.0,18.8,24.7,0.1,0.1,14.7,32.4,51,44786.88,27.09,53.958333333333336,29,74,873.9041666666667,33.4,19.1,1,0,0,0
2024-02-25,32.3,19.0,24.9,0.0,0.0,17.4,36.4,3,38148.43,23.73,52.0,31,75,873.0416666666666,32.8,18.9,1,0,0,0
2024-02-26,31.8,19.4,24.1,1.6,1.6,22.9,44.3,53,43217.79,25.24,55.458333333333336,31,71,872.9583333333334,33.4,17.8,1,0,0,0
2024-02-27,24.5,17.5,20.1,0.1,0.1,15.8,32.4,51,20694.32,13.22,67.5,49,83,875.85,24.4,16.7,0,0,0,0
2024-02-28,26.5,16.1,20.4,0.1,0.1,15.2,29.2,51,37325.02,20.65,60.666666666666664,35,83,876.5833333333334,27.2,15.7,0,0,0,0
2024-02-29,25.4,13.4,19.5,0.0,0.0,13.3,24.1,3,40714.54,20.9,58.208333333333336,37,85,875.275,25.9,12.6,0,0,0,0
2024-03-01,27.9,13.4,20.8,0.0,0.0,10.4,25.9,3,43703.98,24.29,56.0,31,86,873.9250000000001,29.1,12.8,0,0,0,0
2024-03-02,29.0,15.1,22.1,0.1,0.1,13.4,31.0,51,43442.33,25.84,50.666666666666664,33,73,873.9791666666666,30.0,14.2,0,0,0,0
2024-03-03,29.6,17.0,23.4,0.0,0.0,12.9,30.6,1,43950.57,25.26,48.875,29,75,873.4458333333333,30.8,16.7,0,0,0,0
2024-03-04,30.1,18.1,23.7,0.0,0.0,15.9,36.0,1,43690.54,25.61,51.958333333333336,31,76,871.4291666666667,30.8,18.0,0,0,0,0
2024-03-05,31.9,19.0,25.5,0.3,0.3,22.6,47.5,51,43431.49,24.52,45.166666666666664,23,73,870.0375,30.3,19.0,0,0,0,0
2024-03-06,34.6,19.5,27.4,0.0,0.0,19.6,43.2,2,43429.02,24.36,37.083333333333336,21,60,871.9041666666667,33.8,18.6,1,0,0,0
2024-03-07,31.8,19.8,25.0,3.1,3.1,16.6,37.4,63,41457.55,23.01,58.833333333333336,34,83,874.4416666666666,32.5,20.4,1,0,0,0
2024-03-08,32.6,17.1,25.1,0.0,0.0,12.9,30.6,1,43425.43,24.92,50.083333333333336,24,87,874.6041666666666,33.3,18.1,1,0,0,0
2024-03-09,33.1,19.8,26.2,0.0,0.0,15.8,32.4,3,42650.85,24.7,43.083333333333336,23,63,875.5041666666666,34.4,18.4,1,0,0,0
2024-03-10,33.2,18.8,25.5,0.0,0.0,10.3,25.9,1,42913.02,24.41,53.75,27,84,876.4375,34.9,19.8,1,0,0,0
2024-03-11,33.2,19.1,25.6,0.0,0.0,18.4,39.2,3,43167.47,26.68,39.833333333333336,14,68,877.6958333333333,31.3,18.9,1,0,0,0
2024-03-12,32.0,16.0,24.4,0.0,0.0,15.0,32.4,3,42559.9,24.05,36.666666666666664,12,74,875.3833333333333,30.4,14.8,1,0,0,0
2024-03-13,33.9,18.4,26.0,0.0,0.0,19.3,40.0,3,42657.07,23.94,32.041666666666664,17,60,870.4416666666666,32.1,16.3,1,0,0,0
2024-03-14,33.9,17.8,25.6,0.0,0.0,23.1,46.1,2,42657.73,24.75,38.25,14,72,871.7666666666668,31.4,16.9,1,0,0,0
2024-03-15,30.5,17.6,23.5,0.5,0.5,20.4,43.6,51,39600.0,22.42,57.583333333333336,28,80,876.3416666666667,29.9,16.5,1,0,0,0
2024-03-16,33.0,15.8,24.5,0.0,0.0,16.9,38.2,1,42442.0,24.68,53.166666666666664,19,95,875.5625,32.3,16.5,1,0,0,0
2024-03-17,33.6,19.5,26.2,0.0,0.0,18.7,38.5,1,42413.37,24.46,39.625,21,70,875.2791666666667,34.2,16.9,1,0,0,0
2024-03-18,30.5,17.0,23.0,0.2,0.2,19.2,38.9,51,42385.0,21.1,61.083333333333336,31,89,876.3874999999999,30.7,17.1,1,0,0,0
2024-03-19,31.9,16.9,24.4,0.2,0.2,15.8,37.4,51,42356.9,24.54,54.125,29,90,874.4291666666667,32.1,17.9,1,0,0,0
2024-03-20,34.3,20.0,25.3,0.3,0.3,19.7,52.6,51,40786.27,22.68,43.541666666666664,17,72,874.9041666666667,34.1,17.9,1,0,0,0
2024-03-21,28.9,17.1,21.9,5.0,5.0,14.8,31.0,61,38701.33,19.54,65.625,37,91,877.0500000000001,29.2,17.1,0,0,0,0
2024-03-22,24.4,17.0,20.1,9.6,9.6,8.0,22.0,63,35817.12,19.09,74.625,51,95,875.7458333333333,26.7,18.4,0,0,0,0
2024-03-23,24.5,14.4,19.2,2.8,2.8,16.1,29.9,55,42246.41,21.95,70.625,44,93,874.9041666666667,25.3,14.1,0,0,0,0
2024-03-24,25.7,13.8,19.5,0.0,0.0,20.1,35.3,3,42219.12,23.52,63.625,35,90,876.8125,25.6,12.2,0,0,0,0
2024-03-25,24.8,14.8,19.4,0.9,0.9,18.0,35.3,51,42191.91,20.88,67.66666666666667,45,85,878.7333333333332,24.9,13.0,0,0,0,0
2024-03-26,25.2,13.9,19.3,0.8,0.8,12.3,26.6,53,42164.74,20.28,67.04166666666667,42,92,877.1958333333333,25.8,13.3,0,0,0,0
2024-03-27,26.0,13.7,19.7,0.0,0.0,12.0,22.7,1,42137.59,23.3,62.791666666666664,35,93,876.2666666666668,27.0,13.5,0,0,0,0
2024-03-28,26.0,14.9,19.4,0.2,0.2,11.0,26.6,51,33006.29,17.2,65.95833333333333,40,82,875.2125,26.2,14.2,0,0,0,0
2024-03-29,27.9,15.3,21.4,0.0,0.0,16.1,28.8,3,42083.21,20.31,51.666666666666664,26,86,874.0833333333334,27.6,14.4,0,0,0,0
2024-03-30,25.1,15.1,19.6,1.1,1.1,13.1,29.2,51,33668.13,18.43,65.0,42,90,876.0458333333332,25.8,14.7,0,0,0,0
2024-03-31,25.6,13.3,19.3,0.1,0.1,12.2,29.2,51,40711.26,21.0,65.33333333333333,37,96,877.65,26.0,13.2,0,0,0,0
2024-04-01,25.1,13.9,19.4,0.1,0.1,9.0,22.7,51,32525.2,18.3,61.583333333333336,38,88,876.1750000000001,25.7,13.6,0,0,0,0
2024-04-02,26.6,13.9,20.1,0.1,0.1,10.8,24.8,51,41973.39,21.66,57.666666666666664,33,85,874.85,27.4,13.2,0,0,0,0
2024-04-03,26.3,15.9,20.4,8.2,8.2,11.8,28.1,61,33904.3,16.38,62.75,40,93,874.0041666666666,26.4,14.6,0,0,0,0
2024-04-04,24.8,16.1,19.6,3.5,3.5,12.9,29.9,53,39489.5,20.48,73.58333333333333,48,93,874.0500000000001,25.3,16.2,0,0,0,0
2024-04-05,24.2,15.0,18.5,7.8,7.8,16.3,32.4,63,29410.77,14.45,81.125,57,97,873.2583333333333,25.5,15.8,0,0,0,0
2024-04-06,23.3,14.3,18.1,2.9,2.9,16.2,38.5,61,39588.08,17.65,79.95833333333333,53,96,873.7541666666666,24.5,14.0,0,0,0,0
2024-04-07,21.0,14.9,17.0,11.9,11.9,24.0,50.0,61,22080.21,11.49,80.91666666666667,62,96,874.6458333333334,18.8,12.8,0,0,0,0
2024-04-08,18.0,14.2,15.7,3.2,3.2,27.5,51.1,53,7570.4,7.36,85.0,75,93,871.3916666666668,15.7,12.6,0,0,0,0
2024-04-09,22.5,13.2,17.0,18.5,18.5,25.3,47.5,63,31427.26,17.42,72.45833333333333,43,100,867.6625,20.4,9.1,0,0,0,0
2024-04-10,22.7,10.6,15.6,0.0,0.0,20.6,36.7,1,41276.94,22.28,58.041666666666664,37,72,869.4291666666667,22.8,6.3,0,0,0,0
2024-04-11,21.1,9.2,15.3,0.0,0.0,18.0,31.0,3,41189.22,21.0,61.375,42,77,873.6583333333333,20.9,6.7,0,0,0,0
2024-04-12,18.4,10.6,13.9,0.4,0.4,13.7,28.8,51,37881.93,13.57,77.875,56,94,875.5500000000001,17.5,9.5,0,0,0,0
2024-04-13,20.2,8.8,15.1,0.0,0.0,8.0,22.7,3,38163.67,19.71,67.16666666666667,43,92,874.7125,19.7,7.1,0,0,0,0
2024-04-14,21.1,9.5,15.3,0.0,0.0,11.9,28.1,3,40928.5,20.81,59.583333333333336,43,78,875.5208333333334,20.5,6.9,0,0,0,0
2024-04-15,20.5,11.4,15.0,0.0,0.0,11.0,25.2,3,37235.08,14.98,69.33333333333333,47,87,876.7083333333334,18.9,10.1,0,0,0,0
2024-04-16,21.0,10.7,15.4,0.5,0.5,14.1,30.6,51,40392.51,19.12,71.33333333333333,50,93,876.5124999999999,20.2,9.5,0,0,0,0
2024-04-17,21.1,10.4,15.7,0.0,0.0,13.4,29.9,3,38611.64,19.04,66.20833333333333,43,91,876.7875,20.0,9.1,0,0,0,0
2024-04-18,22.7,10.6,16.5,0.0,0.0,12.6,21.2,3,40138.84,16.54,64.95833333333333,40,92,877.2958333333332,21.5,9.2,0,0,0,0
2024-04-19,25.1,13.4,18.6,0.0,0.0,18.1,30.6,3,40281.43,20.58,51.333333333333336,32,69,876.3375,25.2,10.4,0,0,0,0
2024-04-20,27.2,14.6,19.7,0.0,0.0,16.9,28.8,0,40246.77,20.66,45.625,27,58,874.4375,26.7,11.2,0,0,0,0
2024-04-21,29.7,14.6,20.4,0.0,0.0,15.1,25.6,3,40213.43,20.62,42.166666666666664,17,58,873.2708333333334,28.2,11.3,0,0,0,0
2024-04-22,27.9,13.8,20.4,0.0,0.0,15.5,34.2,1,39917.67,20.33,42.583333333333336,26,62,873.6833333333334,26.2,11.1,0,0,0,0
2024-04-23,29.3,15.3,21.6,0.0,0.0,13.3,22.3,3,39885.74,20.06,39.333333333333336,22,55,873.9125,28.7,12.6,0,0,0,0
2024-04-24,28.1,14.3,20.9,0.0,0.0,15.5,29.9,3,39590.05,19.77,41.875,27,60,874.2458333333334,26.8,12.7,0,0,0,0
2024-04-25,29.5,14.9,21.7,0.0,0.0,13.5,28.1,3,39559.15,16.83,35.625,17,57,873.65,27.3,12.2,0,0,0,0
2024-04-26,24.9,14.0,19.2,3.1,3.1,15.5,31.7,61,36952.89,17.02,55.291666666666664,37,82,875.0708333333333,24.7,11.7,0,0,0,0
2024-04-27,23.7,13.9,17.8,0.0,0.0,17.9,35.6,3,38436.41,16.86,59.791666666666664,35,90,878.7916666666666,22.1,11.4,0,0,0,0
2024-04-28,22.4,9.6,15.5,0.0,0.0,14.3,24.8,3,38641.99,19.37,56.375,22,93,878.3874999999999,20.6,7.6,0,0,0,0
2024-04-29,22.0,8.4,15.1,0.0,0.0,11.3,27.7,2,39176.46,19.4,49.125,32,71,875.0333333333333,20.6,6.3,0,0,0,0
2024-04-30,26.8,11.5,18.5,0.0,0.0,21.5,42.8,0,38881.98,19.17,40.5,17,59,873.2166666666667,23.5,8.1,0,0,0,0
2024-05-01,27.9,13.9,20.5,0.0,0.0,17.1,28.8,0,38855.04,18.99,36.25,19,55,873.8916666666668,26.6,10.7,0,0,0,0
2024-05-02,28.6,15.1,21.3,0.0,0.0,16.4,28.8,0,38829.1,18.99,33.041666666666664,16,48,875.5875,26.0,12.0,0,0,0,0
2024-05-03,26.8,13.4,19.6,0.0,0.0,15.1,25.9,0,38535.55,18.64,40.833333333333336,19,73,878.4166666666666,25.4,12.0,0,0,0,0
2024-05-04,24.4,10.8,17.2,0.0,0.0,10.1,22.3,0,38511.15,18.84,46.541666666666664,23,77,877.9416666666666,22.9,8.5,0,0,0,0
2024-05-05,26.4,9.6,17.8,0.0,0.0,12.3,22.7,0,38420.88,18.91,34.958333333333336,18,61,874.4791666666666,24.8,6.5,0,0,0,0
2024-05-06,26.5,12.8,19.1,0.0,0.0,14.9,25.2,0,38463.79,18.85,29.125,15,45,873.8125,24.2,8.7,0,0,0,0
2024-05-07,26.5,11.8,19.2,0.0,0.0,12.2,24.1,0,37964.23,18.53,27.166666666666668,13,49,875.8874999999999,23.8,8.7,0,0,0,0
2024-05-08,28.3,11.4,19.3,0.0,0.0,15.7,27.7,0,37733.25,18.22,30.833333333333332,18,45,876.6666666666666,25.9,7.4,0,0,0,0
2024-05-09,26.1,11.3,18.5,0.0,0.0,12.6,26.6,0,37772.84,18.05,38.125,25,55,876.0458333333332,25.0,8.1,0,0,0,0
2024-05-10,26.1,11.2,18.2,0.0,0.0,10.5,24.8,0,37811.74,18.29,38.208333333333336,18,62,873.1125000000001,23.7,9.1,0,0,0,0
2024-05-11,29.8,13.4,21.2,0.0,0.0,18.1,31.7,1,37031.02,17.35,30.916666666666668,19,42,873.8791666666666,27.6,9.9,0,0,0,0
2024-05-12,26.8,13.5,19.8,0.0,0.0,14.1,26.3,3,36220.44,16.29,44.791666666666664,26,72,875.9083333333333,25.5,11.4,0,0,0,0
2024-05-13,23.8,12.4,18.1,0.1,0.1,13.2,23.8,51,36590.98,15.99,60.75,36,94,877.1166666666667,24.1,11.6,0,0,0,0
2024-05-14,22.8,12.1,16.5,0.3,0.3,7.8,23.0,51,27460.6,12.97,69.45833333333333,39,99,878.1708333333332,22.5,11.6,0,0,0,0
2024-05-15,25.8,10.8,17.8,0.2,0.2,16.3,34.9,51,36625.52,16.22,49.666666666666664,20,91,878.3208333333333,22.2,9.4,0,0,0,0
2024-05-16,26.2,11.4,18.4,0.0,0.0,14.1,31.0,0,36655.96,17.18,33.416666666666664,18,50,878.3583333333332,23.4,7.8,0,0,0,0
2024-05-17,27.6,13.8,20.1,0.0,0.0,23.0,38.5,0,36688.62,17.19,31.541666666666668,15,51,876.725,25.3,10.0,0,0,0,0
2024-05-18,25.8,12.8,18.8,0.0,0.0,22.3,38.5,0,36720.69,17.01,32.333333333333336,19,48,876.775,23.4,9.4,0,0,0,0
2024-05-19,24.4,9.6,16.9,0.0,0.0,11.7,21.2,0,36475.24,16.85,42.083333333333336,26,57,877.0458333333332,22.6,6.4,0,0,0,0
2024-05-20,25.0,9.6,17.2,0.0,0.0,9.7,22.0,0,36505.64,16.88,40.541666666666664,22,64,878.2416666666667,22.5,7.1,0,0,0,0
2024-05-21,26.5,10.6,17.8,0.0,0.0,13.7,24.1,0,36437.54,16.84,33.791666666666664,16,50,878.6291666666666,24.7,6.8,0,0,0,0
2024-05-22,22.3,9.8,15.1,0.0,0.0,10.5,23.8,0,36450.0,16.59,62.333333333333336,38,93,877.9833333333332,21.8,8.4,0,0,0,0
2024-05-23,21.4,7.5,13.9,0.0,0.0,10.1,21.2,0,36461.86,16.78,56.0,29,85,876.4041666666667,19.4,5.0,0,0,0,0
2024-05-24,24.1,9.8,16.7,0.0,0.0,14.1,24.1,0,36473.07,16.79,36.25,17,59,875.9666666666667,21.8,5.9,0,0,0,0
2024-05-25,21.9,8.5,14.7,0.0,0.0,10.1,23.4,0,36204.2,16.44,47.833333333333336,27,86,876.8583333333332,19.7,6.0,0,0,0,0
2024-05-26,23.8,10.7,16.4,0.0,0.0,15.2,25.6,0,36213.82,16.47,36.375,18,57,876.5875,20.9,7.0,0,0,0,0
2024-05-27,23.1,10.5,15.9,0.0,0.0,14.8,25.2,3,36222.8,16.59,30.958333333333332,16,53,878.5666666666666,20.2,6.0,0,0,0,0
2024-05-28,21.6,7.4,14.0,0.0,0.0,10.8,20.2,3,36231.15,15.54,59.208333333333336,32,91,879.5583333333334,19.8,5.1,0,0,0,0
2024-05-29,22.4,8.1,15.0,0.0,0.0,11.6,20.2,0,36238.86,16.16,43.583333333333336,24,68,876.2166666666667,20.6,4.9,0,0,0,0
2024-05-30,21.0,8.4,14.4,0.0,0.0,15.2,32.8,0,36245.95,16.15,44.875,26,62,872.8833333333333,17.4,5.8,0,0,0,0
2024-05-31,22.0,8.7,15.9,0.0,0.0,15.7,30.6,0,36000.0,15.93,40.5,23,64,872.4916666666667,18.7,5.8,0,0,0,0
2024-06-01,23.2,9.2,15.9,0.0,0.0,18.1,37.8,3,36258.12,15.66,38.375,22,57,871.9708333333333,19.2,6.1,0,0,0,0
2024-06-02,23.0,11.1,15.2,5.2,5.2,29.8,56.5,63,26723.3,12.75,53.25,26,79,869.9625,17.8,7.8,0,0,0,0
2024-06-03,17.1,5.1,12.7,0.9,0.9,28.3,58.3,51,36267.3,14.85,48.041666666666664,16,83,867.5916666666667,11.6,0.9,0,0,0,0
2024-06-04,14.0,1.8,7.6,0.0,0.0,13.8,31.0,0,36270.77,16.09,44.916666666666664,27,67,870.1458333333334,9.5,-1.9,0,0,0,1
2024-06-05,18.6,4.2,10.3,0.0,0.0,14.1,29.2,0,36273.45,16.2,41.916666666666664,19,62,869.5124999999999,14.0,-0.2,0,0,0,1
2024-06-06,23.9,5.6,14.2,0.0,0.0,27.4,50.4,0,36275.47,15.85,27.375,13,43,869.6833333333334,17.5,0.9,0,0,0,0
2024-06-07,15.9,5.2,9.9,0.0,0.0,30.0,55.1,0,36000.0,15.82,48.25,31,69,875.7416666666667,11.5,-0.9,0,0,0,0
2024-06-08,17.4,6.1,10.9,0.0,0.0,24.2,44.3,0,36000.0,15.39,51.791666666666664,30,77,881.2291666666666,13.8,1.4,0,0,0,0
2024-06-09,16.3,3.5,9.2,0.0,0.0,12.4,23.0,0,36277.48,15.56,56.916666666666664,28,89,881.5375,13.6,0.2,0,0,0,1
2024-06-10,16.6,3.5,9.5,0.0,0.0,11.6,20.5,0,36276.91,15.65,50.0,25,75,881.4458333333333,13.5,0.5,0,0,0,1
2024-06-11,16.1,2.8,9.0,0.0,0.0,10.9,23.4,3,36275.71,15.7,53.208333333333336,29,87,880.125,12.9,-0.0,0,0,0,1
2024-06-12,17.4,5.7,10.7,0.0,0.0,13.9,31.3,3,36273.96,15.71,45.708333333333336,27,69,878.3125,13.8,2.2,0,0,0,0
2024-06-13,21.5,6.1,12.8,0.0,0.0,17.0,28.4,0,36271.66,15.41,39.25,19,57,877.5625,18.7,1.8,0,0,0,0
2024-06-14,19.9,5.9,12.5,0.0,0.0,15.3,26.3,0,36268.85,15.35,48.625,29,85,877.8000000000001,17.5,2.8,0,0,0,0
2024-06-15,21.5,5.9,12.5,0.0,0.0,14.1,23.0,0,36265.5,15.59,41.041666666666664,20,62,875.9041666666667,18.6,2.2,0,0,0,0
2024-06-16,20.2,7.1,13.1,0.0,0.0,15.5,25.6,0,36261.68,15.45,42.0,23,63,876.6875,17.5,3.0,0,0,0,0
2024-06-17,18.8,6.3,11.7,0.0,0.0,11.3,26.6,0,36257.45,15.34,55.5,26,88,875.5500000000001,15.6,3.6,0,0,0,0
2024-06-18,20.5,6.9,14.1,0.0,0.0,17.8,37.1,0,36252.75,15.2,44.875,29,67,873.125,16.7,3.7,0,0,0,0
2024-06-19,21.0,7.9,13.8,0.0,0.0,16.3,34.9,0,36247.69,15.46,36.666666666666664,21,51,872.6208333333334,16.9,3.7,0,0,0,0
2024-06-20,21.5,8.4,13.7,0.0,0.0,18.9,34.2,0,36242.19,15.52,26.208333333333332,14,60,876.9208333333332,17.7,2.6,0,0,0,0
2024-06-21,19.0,6.7,12.3,0.0,0.0,12.9,29.9,0,36236.28,15.27,57.416666666666664,27,91,879.6583333333333,15.7,4.2,0,0,0,0
2024-06-22,22.6,6.6,13.9,0.0,0.0,21.8,37.1,0,36229.66,15.28,44.708333333333336,20,81,878.9875000000001,19.2,3.4,0,0,0,0
2024-06-23,20.0,7.8,13.2,0.0,0.0,21.9,38.2,0,36222.33,15.23,57.208333333333336,29,92,881.6708333333332,17.1,3.9,0,0,0,0
2024-06-24,19.2,6.5,12.4,0.0,0.0,10.4,21.6,0,36214.34,15.12,59.791666666666664,33,90,881.1583333333333,16.8,4.2,0,0,0,0
2024-06-25,19.6,6.9,12.9,0.0,0.0,18.7,29.5,0,36205.75,15.13,48.875,27,78,879.9333333333334,16.8,3.8,0,0,0,0
2024-06-26,19.3,7.9,13.0,0.0,0.0,21.5,38.2,0,36196.57,15.31,49.916666666666664,25,80,880.6291666666666,15.0,3.5,0,0,0,0
2024-06-27,19.3,8.3,13.0,0.0,0.0,20.1,34.6,3,36000.0,14.59,59.041666666666664,31,91,882.0583333333334,15.9,5.1,0,0,0,0
2024-06-28,18.6,7.2,12.6,0.0,0.0,16.1,27.0,3,35130.49,14.43,56.75,31,90,879.6750000000001,16.1,3.9,0,0,0,0
2024-06-29,17.1,5.6,11.6,0.0,0.0,10.1,25.2,2,36000.0,12.47,56.833333333333336,41,74,875.2041666666668,14.5,2.4,0,0,0,0
2024-06-30,20.6,7.1,13.2,0.0,0.0,11.6,28.1,2,35718.55,13.35,50.666666666666664,23,76,873.9916666666667,17.1,4.1,0,0,0,0
2024-07-01,20.9,7.7,14.1,0.0,0.0,15.3,26.3,0,36428.06,15.25,40.166666666666664,24,64,875.6041666666666,17.8,4.5,0,0,0,0
2024-07-02,20.1,7.8,13.3,0.0,0.0,11.3,27.4,3,36415.99,15.18,44.458333333333336,25,67,875.6458333333334,16.7,4.9,0,0,0,0
2024-07-03,21.5,8.4,14.6,0.0,0.0,18.7,37.1,0,36688.04,15.28,37.458333333333336,23,54,872.9499999999999,17.1,4.9,0,0,0,0
2024-07-04,18.9,6.6,12.1,0.0,0.0,27.6,48.6,0,36959.39,16.3,30.416666666666668,15,47,872.1374999999999,13.5,1.8,0,0,0,0
2024-07-05,20.9,4.4,11.3,0.0,0.0,24.5,43.2,0,36945.98,16.31,26.291666666666668,3,53,873.3375,15.1,-0.6,0,0,0,1
2024-07-06,18.6,2.3,9.2,0.0,0.0,21.7,38.9,0,37216.11,16.57,30.333333333333332,7,66,873.1583333333333,14.4,-3.2,0,0,0,1
2024-07-07,20.1,3.9,12.4,0.0,0.0,23.9,44.6,0,37201.95,16.38,14.25,7,39,868.7333333333332,13.2,-1.2,0,0,0,1
2024-07-08,12.4,2.6,8.2,0.0,0.0,25.7,50.4,0,37187.68,16.23,30.125,15,56,868.5375,6.3,-2.7,0,0,0,1
2024-07-09,14.8,-0.8,6.1,0.0,0.0,15.1,27.4,0,37173.24,16.45,33.166666666666664,12,60,873.6,10.4,-5.6,0,0,0,1
2024-07-10,21.0,4.2,12.0,0.0,0.0,14.2,29.9,0,37158.64,16.35,15.291666666666666,7,24,874.1333333333333,16.1,-1.0,0,0,0,1
2024-07-11,23.1,6.1,13.8,0.0,0.0,16.8,34.2,0,37426.3,16.59,15.791666666666666,7,27,873.6999999999999,17.8,1.2,0,0,0,0
2024-07-12,23.4,8.2,16.5,0.0,0.0,16.4,34.6,0,37410.89,16.77,12.083333333333334,7,21,874.0083333333333,18.3,3.5,0,0,0,0
2024-07-13,23.9,7.2,15.2,0.0,0.0,19.9,38.9,0,37676.66,16.71,16.25,8,28,873.7624999999999,18.9,3.1,0,0,0,0
2024-07-14,24.0,6.9,16.6,0.0,0.0,21.5,43.6,0,37660.0,16.54,16.708333333333332,10,31,874.2791666666667,18.2,1.8,0,0,0,0
2024-07-15,21.4,6.1,12.6,0.0,0.0,20.2,35.6,0,37642.96,16.6,25.916666666666668,9,43,874.1916666666666,17.5,0.8,0,0,0,0
2024-07-16,21.2,8.1,13.5,0.0,0.0,16.0,32.0,0,37625.58,16.62,19.625,11,28,873.3874999999999,16.7,2.7,0,0,0,0
2024-07-17,23.0,7.4,15.0,0.0,0.0,12.5,27.4,0,37828.14,16.7,23.291666666666668,13,37,874.0791666666668,19.1,3.0,0,0,0,0
2024-07-18,24.3,10.5,16.9,0.0,0.0,14.8,32.0,0,37856.8,16.79,20.083333333333332,12,38,874.8166666666666,19.9,6.6,0,0,0,0
2024-07-19,24.2,7.9,16.1,0.0,0.0,19.4,38.2,0,37851.15,16.74,21.541666666666668,12,36,872.6125000000001,19.7,3.4,0,0,0,0
2024-07-20,23.2,6.8,14.6,0.0,0.0,20.5,35.3,3,37832.32,16.25,21.375,10,33,871.8958333333334,18.7,2.1,0,0,0,0
2024-07-21,20.8,5.0,12.8,0.0,0.0,20.9,35.6,3,37534.76,17.44,21.125,6,40,873.7624999999999,16.1,-1.0,0,0,0,0
2024-07-22,22.4,6.2,14.3,0.0,0.0,17.6,36.0,2,37973.8,16.59,45.0,12,92,874.8249999999999,18.7,2.8,0,0,0,0
2024-07-23,24.5,8.0,15.4,0.0,0.0,19.3,37.8,3,37774.97,16.77,34.5,15,59,875.8916666666668,20.0,3.9,0,0,0,0
2024-07-24,24.6,7.7,16.0,0.0,0.0,20.2,33.8,1,38032.96,17.71,18.208333333333332,4,44,873.8791666666666,19.6,3.5,0,0,0,0
2024-07-25,22.4,7.3,14.3,0.0,0.0,20.9,35.6,0,38062.54,17.58,14.625,8,22,872.0958333333333,18.4,1.6,0,0,0,0
2024-07-26,21.5,5.9,13.6,0.0,0.0,16.7,35.3,0,38092.01,17.19,42.041666666666664,17,93,871.7166666666667,17.3,3.1,0,0,0,0
2024-07-27,22.8,8.1,14.9,0.0,0.0,16.4,34.9,0,38121.36,17.18,37.125,19,56,871.125,19.0,5.2,0,0,0,0
2024-07-28,21.9,8.2,14.0,0.0,0.0,22.1,42.5,0,38150.51,17.88,13.708333333333334,7,35,870.8166666666666,16.6,1.8,0,0,0,0
2024-07-29,20.0,4.2,11.4,0.0,0.0,27.1,47.2,0,38179.42,18.12,25.708333333333332,7,56,871.7416666666667,16.3,-1.4,0,0,0,1
2024-07-30,20.5,3.7,12.5,0.0,0.0,16.8,36.0,3,36000.0,16.66,36.041666666666664,13,81,871.775,16.0,0.3,0,0,0,1
2024-07-31,21.5,8.7,14.3,0.0,0.0,18.8,39.6,2,37347.31,17.11,46.375,32,83,875.2458333333334,18.4,4.7,0,0,0,0
2024-08-01,21.1,7.7,13.9,0.0,0.0,18.2,37.8,2,38264.8,16.28,66.58333333333333,34,94,878.1791666666667,18.1,5.9,0,0,0,0
2024-08-02,22.1,8.6,14.5,0.0,0.0,15.5,34.2,3,38293.21,16.58,66.58333333333333,33,98,876.8458333333333,19.4,6.8,0,0,0,0
2024-08-03,24.4,8.4,16.8,0.0,0.0,14.5,32.0,0,38321.62,17.71,46.833333333333336,21,86,875.8249999999999,21.6,6.4,0,0,0,0
2024-08-04,25.7,10.8,17.8,0.0,0.0,25.0,49.0,3,36729.04,16.79,37.458333333333336,19,58,873.15,20.6,7.7,0,0,0,0
2024-08-05,21.7,8.7,14.8,0.0,0.0,29.0,51.1,3,38378.37,18.3,25.625,11,43,873.5124999999999,18.6,2.9,0,0,0,0
2024-08-06,20.3,5.0,12.4,0.0,0.0,16.9,28.8,3,35090.95,16.54,41.958333333333336,27,78,874.875,18.4,0.7,0,0,0,0
2024-08-07,22.0,6.8,14.3,0.0,0.0,10.8,27.4,0,38434.91,18.49,42.625,24,65,874.2125,19.5,3.5,0,0,0,0
2024-08-08,25.5,8.2,16.9,0.0,0.0,16.8,33.1,0,38463.05,18.32,38.083333333333336,20,59,873.2666666666668,22.1,4.8,0,0,0,0
2024-08-09,27.0,10.8,18.7,0.0,0.0,16.3,34.2,0,38491.09,18.68,24.958333333333332,7,54,873.0208333333334,23.3,7.4,0,0,0,0
2024-08-10,27.4,11.1,18.1,0.0,0.0,16.3,32.8,0,38542.0,19.1,9.333333333333334,5,15,874.0666666666666,23.4,5.6,0,0,0,0
2024-08-11,27.5,10.8,19.0,0.0,0.0,23.1,43.9,3,38546.8,19.51,9.541666666666666,5,18,872.3916666666668,22.5,5.3,0,0,0,0
2024-08-12,24.4,11.2,17.2,0.0,0.0,20.6,35.3,0,38574.43,19.35,19.0,10,37,873.2083333333334,21.0,5.9,0,0,0,0
2024-08-13,23.8,8.7,15.8,0.0,0.0,18.4,38.9,3,38601.9,18.82,46.0,22,91,873.4291666666667,20.0,6.3,0,0,0,0
2024-08-14,22.4,10.4,16.0,0.0,0.0,31.5,59.0,3,38817.28,20.14,24.375,6,53,872.9916666666667,17.2,4.7,0,0,0,0
2024-08-15,23.9,6.9,14.4,0.0,0.0,18.8,32.8,2,38817.93,20.08,20.083333333333332,5,46,877.1208333333334,20.2,1.7,0,0,0,0
2024-08-16,23.9,6.6,14.8,0.0,0.0,11.4,27.0,0,38818.09,19.75,34.541666666666664,12,81,877.6,20.7,3.6,0,0,0,0
2024-08-17,24.8,8.6,16.6,0.0,0.0,11.7,28.8,0,39082.07,20.03,21.125,13,33,876.7333333333332,21.5,5.2,0,0,0,0
2024-08-18,26.1,10.4,17.5,0.0,0.0,12.6,24.8,0,39080.87,20.06,19.25,10,31,877.2958333333332,23.2,6.2,0,0,0,0
2024-08-19,28.0,10.9,18.7,0.0,0.0,17.6,30.6,0,39342.75,20.34,17.541666666666668,6,57,878.7375000000001,24.2,6.5,0,0,0,0
2024-08-20,25.2,10.2,17.1,0.0,0.0,10.1,22.7,0,39340.23,20.0,47.416666666666664,19,84,879.8541666666666,23.6,8.3,0,0,0,0
2024-08-21,26.9,8.7,18.1,0.0,0.0,12.7,27.0,0,39599.81,20.64,23.916666666666668,9,48,877.1708333333332,23.9,4.9,0,0,0,0
2024-08-22,28.3,12.8,19.3,0.0,0.0,21.3,37.8,0,39857.81,20.74,22.833333333333332,7,76,876.0416666666666,26.1,7.5,0,0,0,0
2024-08-23,20.5,9.8,14.4,0.0,0.0,17.1,37.8,3,38864.93,20.01,57.75,31,87,878.9625,17.7,7.2,0,0,0,0
2024-08-24,22.0,6.8,14.1,0.0,0.0,13.2,31.3,0,39846.13,20.43,56.083333333333336,26,93,877.5333333333333,19.5,4.3,0,0,0,0
2024-08-25,25.7,9.1,17.3,0.0,0.0,11.0,26.3,0,40100.74,20.73,34.833333333333336,16,62,876.3208333333333,22.8,6.6,0,0,0,0
2024-08-26,26.9,10.6,18.8,0.0,0.0,17.4,37.8,0,40354.07,20.76,25.208333333333332,14,43,874.2875,23.1,6.6,0,0,0,0
2024-08-27,28.5,12.9,20.5,0.0,0.0,21.0,42.5,0,40606.23,21.36,16.083333333333332,8,30,872.1541666666667,23.6,7.2,0,0,0,0
2024-08-28,28.5,14.4,20.2,0.0,0.0,22.7,38.5,0,40857.34,21.69,11.625,6,21,872.3291666666668,24.1,7.9,0,0,0,0
2024-08-29,25.0,9.8,16.8,0.0,0.0,23.8,40.7,0,41063.62,21.4,25.041666666666668,7,79,875.2416666666667,21.3,3.1,0,0,0,0
2024-08-30,19.7,11.1,14.4,0.0,0.0,24.3,43.6,3,22732.71,11.53,56.083333333333336,36,82,880.7083333333334,16.4,7.0,0,0,0,0
2024-08-31,19.5,7.5,13.0,0.0,0.0,18.2,38.5,3,40826.72,17.87,55.5,30,86,881.9,16.4,4.3,0,0,0,0
2024-09-01,23.5,5.4,14.2,0.0,0.0,8.7,22.7,0,41322.37,21.43,56.625,23,94,880.4708333333333,21.8,3.1,0,0,0,0
2024-09-02,26.5,9.2,18.1,0.0,0.0,11.8,26.3,0,41409.2,21.64,35.125,16,65,879.6916666666666,24.3,6.5,0,0,0,0
2024-09-03,26.0,10.1,17.8,0.0,0.0,9.3,24.8,0,41496.21,21.64,40.25,21,68,880.0708333333333,24.6,7.7,0,0,0,0
2024-09-04,26.4,9.5,17.3,0.0,0.0,15.4,32.4,2,41583.35,22.05,42.458333333333336,13,84,877.9041666666667,23.7,7.5,0,0,0,0
2024-09-05,25.8,8.4,17.9,0.0,0.0,14.2,32.8,0,41670.58,22.77,25.5,11,50,874.9208333333332,22.6,4.9,0,0,0,0
2024-09-06,28.1,9.2,20.0,0.0,0.0,15.5,27.0,0,41757.83,22.86,18.833333333333332,9,44,875.1374999999999,25.6,5.0,0,0,0,0
2024-09-07,26.7,11.1,18.5,0.0,0.0,16.4,36.7,0,41845.05,22.29,42.916666666666664,16,83,876.0875,23.9,9.6,0,0,0,0
2024-09-08,28.3,10.9,19.7,0.0,0.0,18.3,39.6,0,41932.18,22.44,35.583333333333336,13,68,873.6625,24.7,8.5,0,0,0,0
2024-09-09,29.1,12.9,20.5,0.2,0.2,24.3,48.6,51,38095.34,19.24,33.25,14,70,874.0041666666666,23.5,9.3,0,0,0,0
2024-09-10,24.4,9.4,15.6,0.0,0.0,24.5,51.5,3,41454.19,16.8,60.583333333333336,31,82,876.875,20.1,6.2,0,0,0,0
2024-09-11,24.9,10.1,16.7,0.0,0.0,18.8,41.0,3,35944.84,20.79,64.25,34,96,875.2083333333334,23.1,8.4,0,0,0,0
2024-09-12,29.9,11.6,20.7,0.0,0.0,19.9,40.7,3,42282.69,22.23,45.0,19,87,874.4166666666666,27.3,10.3,0,0,0,0
2024-09-13,32.5,13.7,23.5,0.0,0.0,16.7,37.1,2,42371.61,22.25,27.583333333333332,13,52,874.7708333333334,30.1,10.9,0,0,0,0
2024-09-14,33.0,17.3,25.2,0.0,0.0,18.0,37.8,3,36599.51,21.63,21.583333333333332,12,35,874.4583333333334,29.9,14.4,0,0,0,0
2024-09-15,32.4,17.0,24.4,0.1,0.1,27.7,52.9,51,42550.65,20.85,27.25,14,48,871.8958333333334,27.7,14.8,1,0,0,0
2024-09-16,31.1,17.4,22.6,1.7,1.7,20.9,43.6,51,29571.97,15.3,44.25,18,74,873.1666666666666,28.3,15.0,1,0,0,0
2024-09-17,26.8,15.9,21.2,1.7,1.7,32.7,64.1,55,39233.09,20.07,54.041666666666664,30,84,874.4583333333334,23.5,13.2,0,0,0,0
2024-09-18,30.2,14.3,22.1,0.4,0.4,23.2,47.5,51,42821.45,23.5,41.666666666666664,19,83,871.1208333333334,27.2,13.5,0,0,0,0
2024-09-19,29.5,14.8,21.6,0.0,0.0,20.1,35.3,3,42912.08,24.79,20.666666666666668,6,43,869.0500000000001,26.5,10.9,0,0,0,0
2024-09-20,22.5,10.4,15.0,4.3,4.3,29.3,60.5,61,21903.24,15.04,56.125,20,80,871.9375,18.3,6.0,0,0,0,0
2024-09-21,10.6,7.5,9.4,5.1,5.1,27.3,49.7,53,0.0,4.92,76.41666666666667,70,86,875.9125,7.2,2.7,0,0,0,0
2024-09-22,19.0,7.3,12.7,0.7,0.7,25.1,46.8,51,24896.95,16.28,59.416666666666664,35,83,878.6041666666666,16.9,2.4,0,0,0,0
2024-09-23,19.2,6.6,12.6,0.0,0.0,15.1,32.4,3,39520.22,16.69,66.58333333333333,43,94,878.0958333333333,17.8,4.6,0,0,0,0
2024-09-24,24.0,8.0,15.9,0.0,0.0,16.4,36.7,3,43200.0,23.84,55.5,32,77,875.0833333333334,22.2,5.4,0,0,0,0
2024-09-25,28.9,12.9,20.9,0.0,0.0,13.5,31.0,3,43200.0,23.6,44.083333333333336,22,72,873.4458333333333,27.4,11.3,0,0,0,0
2024-09-26,33.2,15.9,23.5,0.0,0.0,36.0,64.1,3,43200.0,25.03,19.208333333333332,8,47,871.9541666666668,28.2,11.5,0,0,0,0
2024-09-27,30.5,12.4,21.3,0.0,0.0,23.8,47.2,3,43200.0,25.43,16.458333333333332,8,25,871.8166666666666,26.0,7.2,0,0,0,0
2024-09-28,32.5,14.2,22.2,1.5,1.5,29.2,73.4,61,36329.47,22.13,37.041666666666664,12,66,869.8416666666667,27.5,12.2,1,0,0,0
2024-09-29,31.5,14.5,22.8,1.3,1.3,31.9,68.8,53,42423.48,22.64,42.791666666666664,19,77,866.5916666666667,28.3,13.4,1,0,0,0
2024-09-30,23.5,9.4,16.0,0.0,0.0,26.2,47.9,3,43200.0,26.45,24.625,5,54,868.5958333333333,19.4,3.8,0,0,0,0
2024-10-01,21.8,4.7,12.8,0.0,0.0,26.1,47.2,0,43200.0,27.23,19.791666666666668,7,41,872.4250000000001,19.7,-1.5,0,0,0,1
2024-10-02,22.5,6.0,14.3,0.0,0.0,15.9,32.4,0,43200.0,26.26,37.166666666666664,16,67,877.7416666666667,20.2,2.4,0,0,0,0
2024-10-03,23.7,7.8,15.6,0.0,0.0,18.1,34.2,0,43200.0,26.03,45.0,19,84,882.1166666666667,21.6,4.0,0,0,0,0
2024-10-04,23.6,7.2,15.2,0.0,0.0,16.9,37.8,0,43200.0,26.59,38.541666666666664,12,78,883.0458333333332,20.4,3.8,0,0,0,0
2024-10-05,25.8,7.3,16.6,0.0,0.0,14.3,31.3,0,43200.0,27.11,29.5,7,61,880.1333333333333,22.8,3.6,0,0,0,0
2024-10-06,26.8,8.9,18.5,0.0,0.0,10.4,26.6,3,43200.0,26.44,33.666666666666664,12,71,875.4833333333332,26.1,6.1,0,0,0,0
2024-10-07,30.6,11.1,21.5,0.0,0.0,13.6,31.0,3,43200.0,25.14,16.916666666666668,8,34,873.0291666666667,28.1,7.6,0,0,0,0
2024-10-08,27.4,14.1,21.0,0.0,0.0,25.3,47.5,3,43200.0,24.87,36.0,17,78,877.6125000000001,24.8,10.4,0,0,0,0
2024-10-09,27.9,13.0,19.5,0.9,0.9,25.6,50.4,51,39600.0,25.26,50.291666666666664,20,74,878.5833333333334,26.6,11.5,0,0,0,0
2024-10-10,30.6,13.4,21.8,0.0,0.0,19.6,38.5,1,43200.0,24.64,40.083333333333336,13,77,877.1791666666667,29.7,12.4,0,0,0,0
2024-10-11,32.1,14.8,23.7,0.0,0.0,11.5,29.9,3,39600.0,23.14,31.583333333333332,13,61,877.4208333333332,30.8,12.6,0,0,0,0
2024-10-12,35.6,16.1,26.1,0.0,0.0,22.0,42.5,2,43200.0,26.86,24.625,8,54,877.0916666666667,34.9,14.2,1,0,0,0
2024-10-13,33.0,17.7,25.3,0.0,0.0,13.7,31.7,1,43200.0,26.62,27.75,14,50,876.1625,32.8,15.8,1,0,0,0
2024-10-14,33.0,17.0,25.5,0.1,0.1,21.7,37.4,51,43275.73,25.77,30.125,14,55,872.5541666666667,31.4,15.3,1,0,0,0
2024-10-15,26.3,14.0,20.1,8.3,8.3,24.5,47.5,63,29264.59,19.41,60.5,35,91,874.7791666666667,24.6,11.9,0,0,0,0
2024-10-16,21.2,10.9,15.7,0.1,0.1,15.5,29.9,51,38272.99,21.07,64.83333333333333,45,92,877.0541666666667,20.6,8.5,0,0,0,0
2024-10-17,24.9,9.6,17.9,0.0,0.0,10.9,27.0,0,43451.91,27.2,55.875,34,86,874.3375,25.1,7.8,0,0,0,0
2024-10-18,28.8,13.6,21.2,0.1,0.1,20.2,42.8,51,43426.11,26.78,40.916666666666664,21,66,870.2624999999999,26.3,11.9,0,0,0,0
2024-10-19,30.6,14.8,22.2,0.0,0.0,20.9,40.0,0,43659.9,28.56,22.5,10,44,869.775,27.8,10.3,0,0,0,0
2024-10-20,29.6,16.1,20.9,2.2,2.2,26.1,58.0,53,34947.48,23.09,45.75,23,84,871.9583333333334,28.2,11.9,0,0,0,0
2024-10-21,24.8,14.2,18.1,2.4,2.4,32.3,64.4,55,43351.86,23.76,73.125,43,95,873.5166666666668,21.7,13.6,0,0,0,0
2024-10-22,26.5,13.6,19.2,1.8,1.8,26.8,51.5,53,43847.48,23.05,60.625,33,95,872.3666666666667,24.0,11.8,0,0,0,0
2024-10-23,27.4,12.1,19.5,0.0,0.0,20.9,37.1,0,44344.82,29.09,35.125,17,60,872.4291666666667,26.3,8.5,0,0,0,0
2024-10-24,27.0,13.6,19.9,0.4,0.4,16.8,33.5,51,35658.7,19.2,56.583333333333336,33,92,872.3416666666667,26.8,10.7,0,0,0,0
2024-10-25,30.5,15.1,22.9,0.0,0.0,12.6,27.0,3,44301.23,28.12,40.666666666666664,20,73,871.0625,30.6,13.7,0,0,0,0
2024-10-26,32.2,17.1,23.6,0.0,0.0,22.1,43.6,3,44541.41,26.28,48.458333333333336,16,81,869.5833333333334,30.2,16.5,0,0,0,0
2024-10-27,31.1,16.5,23.5,2.9,2.9,36.1,76.7,61,44521.14,24.66,45.25,6,87,865.4833333333332,27.9,14.9,1,0,0,0
2024-10-28,28.6,12.4,20.5,0.0,0.0,22.3,45.7,3,45025.69,28.32,20.583333333333332,7,40,865.2833333333333,25.7,7.1,0,0,0,0
2024-10-29,26.5,13.8,19.3,0.0,0.0,25.4,45.4,3,44482.21,29.23,26.5,14,39,867.6583333333333,24.3,8.4,0,0,0,0
2024-10-30,28.5,13.4,21.0,0.0,0.0,23.8,41.0,0,45406.09,29.83,29.75,15,53,871.0458333333332,27.9,8.5,0,0,0,0
2024-10-31,27.8,14.1,20.6,0.0,0.0,17.6,36.7,3,43200.0,27.6,45.458333333333336,25,80,874.9833333333332,27.2,11.7,0,0,0,0
2024-11-01,30.1,13.4,21.9,0.0,0.0,15.2,36.0,2,45219.62,27.87,47.541666666666664,20,86,875.2583333333333,29.1,12.5,0,0,0,0
2024-11-02,33.0,16.5,25.3,0.0,0.0,13.7,33.5,2,45468.43,27.79,37.083333333333336,19,67,874.4833333333332,32.4,15.5,0,0,0,0
2024-11-03,35.0,17.9,27.2,0.2,0.2,29.6,52.9,51,45572.91,29.17,29.208333333333332,16,48,874.6374999999999,34.4,15.3,1,0,0,0
2024-11-04,35.0,20.5,27.7,0.0,0.0,25.5,43.9,2,45611.3,28.35,25.791666666666668,11,44,871.6875,33.1,18.2,1,0,0,0
2024-11-05,32.2,18.1,24.7,1.6,1.6,30.5,61.6,55,44896.83,24.58,30.333333333333332,14,62,869.3041666666667,28.9,17.4,1,0,0,0
2024-11-06,32.8,15.8,22.7,0.0,0.0,23.5,46.8,3,45683.61,25.48,37.875,15,75,871.8874999999999,29.9,10.7,1,0,0,0
2024-11-07,29.7,14.2,20.6,4.0,4.0,22.2,48.2,63,40077.01,25.44,64.125,31,89,875.9499999999999,28.5,13.1,0,0,0,0
2024-11-08,24.6,14.1,19.3,0.4,0.4,15.5,32.4,51,16773.1,14.65,65.25,42,90,876.3625000000001,24.5,13.4,0,0,0,0
2024-11-09,25.6,16.8,20.3,1.7,1.7,12.6,26.3,53,19399.64,16.95,65.0,42,84,873.1999999999999,27.1,17.0,0,0,0,0
2024-11-10,26.0,16.0,19.6,16.2,16.2,21.1,49.7,63,31007.43,18.92,77.20833333333333,46,99,869.9375,26.2,16.1,0,0,0,0
2024-11-11,22.9,14.4,18.3,1.3,1.3,21.7,42.5,53,10248.34,13.01,80.79166666666667,56,99,871.4708333333333,22.0,14.5,0,0,0,0
2024-11-12,22.4,14.3,17.5,0.8,0.8,16.4,36.0,51,28716.68,16.86,79.70833333333333,56,97,874.4416666666666,22.2,14.3,0,0,0,0
2024-11-13,25.5,13.6,19.6,0.3,0.3,15.0,35.3,51,43165.92,27.07,69.58333333333333,37,100,873.5833333333334,27.6,14.1,0,0,0,0
2024-11-14,23.6,14.3,18.5,0.7,0.7,16.2,35.6,51,35103.1,22.38,67.45833333333333,45,90,875.8333333333334,25.3,12.5,0,0,0,0
2024-11-15,24.7,12.7,18.8,0.1,0.1,12.4,32.4,51,46081.64,24.48,62.5,35,91,875.3833333333333,25.3,12.1,0,0,0,0
2024-11-16,29.6,15.4,22.2,0.2,0.2,15.1,50.0,51,45908.03,26.86,48.75,25,79,873.3874999999999,30.6,14.8,0,0,0,0
2024-11-17,31.0,17.5,22.9,0.4,0.4,12.6,39.2,51,44516.11,25.25,47.541666666666664,23,65,872.775,32.1,17.0,0,0,0,0
2024-11-18,30.4,16.1,23.3,0.2,0.2,10.9,33.5,51,46138.38,29.88,49.041666666666664,25,78,873.4416666666666,31.9,16.1,0,0,0,0
2024-11-19,32.9,18.8,24.5,0.2,0.2,20.4,46.1,51,36470.04,26.34,39.125,15,56,875.3249999999999,32.9,17.2,1,0,0,0
2024-11-20,31.1,17.8,24.8,0.0,0.0,9.8,32.0,1,47496.54,30.02,39.666666666666664,18,74,875.7416666666667,31.3,18.0,1,0,0,0
2024-11-21,31.5,18.6,25.6,0.0,0.0,15.3,37.8,3,44998.68,27.47,37.666666666666664,22,66,874.3625000000001,31.9,18.6,1,0,0,0
2024-11-22,30.4,20.5,24.1,4.5,4.5,12.2,38.9,63,29659.26,21.83,50.125,25,75,872.5458333333332,30.6,19.9,1,0,0,0
2024-11-23,33.0,17.9,25.7,0.0,0.0,20.0,45.4,3,46933.23,28.23,43.416666666666664,16,79,873.4125,32.8,18.7,1,0,0,0
2024-11-24,31.3,19.6,25.2,0.4,0.4,11.1,32.8,51,46160.27,28.86,46.0,27,67,876.0583333333334,33.0,19.6,1,0,0,0
2024-11-25,29.5,18.2,23.8,0.0,0.0,10.7,31.0,3,48289.88,29.75,53.791666666666664,26,85,873.3958333333334,30.4,19.4,0,0,0,0
2024-11-26,31.4,17.0,24.4,0.0,0.0,14.4,41.4,3,47453.93,29.91,42.875,22,66,870.3666666666667,31.0,16.8,0,0,0,0
2024-11-27,31.5,20.5,24.7,0.1,0.1,21.7,60.1,51,45263.15,25.21,43.833333333333336,24,63,867.7583333333333,30.9,17.0,0,0,0,0
2024-11-28,27.5,14.6,21.4,0.0,0.0,17.3,36.7,0,48450.29,33.07,20.333333333333332,10,32,870.8041666666667,26.7,9.8,0,0,0,0
2024-11-29,26.5,12.6,20.1,0.5,0.5,14.4,34.2,51,41981.22,28.94,38.958333333333336,15,80,875.4291666666667,27.1,11.0,0,0,0,0
2024-11-30,28.4,14.2,21.8,0.0,0.0,10.5,32.0,1,48539.01,31.35,39.958333333333336,18,75,876.1541666666667,28.3,13.0,0,0,0,0
2024-12-01,31.8,16.7,24.9,0.0,0.0,13.0,37.8,3,43275.03,29.8,30.166666666666668,12,57,872.9291666666667,29.8,15.5,0,0,0,0
2024-12-02,33.2,18.5,26.4,0.0,0.0,17.5,47.5,3,48621.41,31.36,26.541666666666668,11,51,870.0875,30.5,17.3,0,0,0,0
2024-12-03,34.7,20.2,28.1,0.0,0.0,20.5,52.9,3,48439.71,30.89,21.291666666666668,10,43,868.9791666666666,31.7,17.5,1,0,0,0
2024-12-04,36.0,20.5,29.3,0.0,0.0,13.9,38.9,3,48697.09,31.41,15.666666666666666,8,29,869.5416666666666,34.1,17.8,1,0,0,0
2024-12-05,35.3,22.6,28.6,0.1,0.1,19.8,50.4,51,35043.56,24.36,21.666666666666668,12,35,870.4499999999999,33.8,20.5,1,0,0,0
2024-12-06,35.4,20.0,28.7,0.0,0.0,16.1,42.8,3,48765.6,29.38,25.958333333333332,13,57,869.9041666666667,34.3,19.8,1,0,0,0
2024-12-07,34.5,20.2,27.0,0.1,0.1,17.3,42.1,51,47924.56,28.05,33.208333333333336,15,59,872.7416666666667,35.1,16.9,1,0,0,0
2024-12-08,32.4,18.5,24.9,0.0,0.0,14.3,36.0,3,40478.24,26.66,53.208333333333336,29,80,876.1999999999999,33.9,18.8,1,0,0,0
2024-12-09,27.5,18.1,23.2,0.3,0.3,9.8,26.6,51,29213.27,22.51,63.708333333333336,44,85,876.3625000000001,31.6,19.2,0,0,0,0
2024-12-10,32.3,17.5,24.7,0.3,0.3,13.5,32.4,51,48879.39,30.08,54.583333333333336,29,80,875.0,34.6,18.2,0,0,0,0
2024-12-11,31.5,19.1,25.6,0.3,0.3,12.2,41.4,51,40064.48,25.2,49.625,29,73,874.3333333333334,33.3,19.7,0,0,0,0
2024-12-12,34.5,19.6,27.4,0.0,0.0,11.7,35.3,3,40932.22,28.06,37.0,17,64,871.6583333333333,34.5,19.9,1,0,0,0
2024-12-13,35.7,19.5,28.4,0.1,0.1,21.2,53.3,51,48942.76,29.53,31.083333333333332,16,61,869.725,35.5,19.5,1,0,0,0
2024-12-14,31.2,19.8,25.9,1.4,1.4,19.5,59.8,53,47039.27,26.02,41.333333333333336,19,78,872.8041666666667,31.9,18.0,1,0,0,0
2024-12-15,30.0,16.5,23.3,0.0,0.0,16.6,46.4,3,44591.82,29.88,58.5,35,87,874.3416666666667,31.1,16.3,0,0,0,0
2024-12-16,30.2,19.9,24.3,0.1,0.1,13.0,36.7,51,41785.73,25.44,60.625,36,79,872.1374999999999,31.7,21.5,0,0,0,0
2024-12-17,31.4,18.9,24.8,0.6,0.6,14.1,42.1,53,44937.52,28.55,56.625,36,78,872.2333333333332,33.3,18.7,0,0,0,0
2024-12-18,27.4,16.9,22.0,0.4,0.4,13.7,36.4,51,28835.31,25.39,72.41666666666667,52,90,873.8541666666666,30.9,17.8,0,0,0,0
2024-12-19,23.7,17.8,20.6,2.8,2.8,15.1,38.5,55,21332.85,14.29,74.25,53,92,874.1625,24.4,19.4,0,0,0,0
2024-12-20,25.4,15.7,20.3,3.5,3.5,12.1,32.4,53,46465.9,25.72,79.0,60,94,875.025,29.3,15.9,0,0,0,0
2024-12-21,22.8,17.9,20.0,2.6,2.6,12.2,31.7,51,33642.99,19.23,83.66666666666667,69,97,875.5,24.6,19.4,0,0,0,0
2024-12-22,25.6,17.6,20.8,2.4,2.4,12.8,36.0,51,33278.25,22.45,83.0,57,99,873.4791666666666,28.2,20.0,0,0,0,0
2024-12-23,24.0,18.0,20.2,6.3,6.3,18.3,48.6,63,20820.28,15.74,81.20833333333333,60,98,871.3083333333334,25.6,19.9,0,0,0,0
2024-12-24,24.5,17.2,20.3,1.4,1.4,9.9,25.2,55,15804.99,18.34,76.83333333333333,58,94,873.9958333333334,28.0,17.2,0,0,0,0
2024-12-25,24.5,16.8,19.4,1.8,1.8,10.4,26.3,53,17560.97,18.13,82.58333333333333,59,96,877.0500000000001,27.7,18.3,0,0,0,0
2024-12-26,25.6,15.4,20.9,0.4,0.4,8.0,25.6,51,42955.13,27.06,74.58333333333333,50,99,875.5500000000001,28.6,16.7,0,0,0,0
2024-12-27,26.9,18.1,21.8,2.1,2.1,12.0,33.1,51,34540.74,21.16,73.79166666666667,51,88,872.8333333333334,29.7,20.1,0,0,0,0
2024-12-28,26.2,17.1,21.6,9.4,9.4,9.8,28.4,63,46601.75,24.16,78.83333333333333,55,99,871.6374999999999,31.0,18.6,0,0,0,0
2024-12-29,27.4,17.9,21.9,2.2,2.2,10.7,28.4,53,37574.18,24.61,76.75,52,96,872.3125,31.3,19.5,0,0,0,0
2024-12-30,27.6,18.1,22.4,1.6,1.6,11.1,27.7,53,45145.27,26.64,75.08333333333333,47,94,872.8041666666667,31.7,19.5,0,0,0,0
2024-12-31,28.5,18.1,22.3,3.3,3.3,11.4,28.4,61,38639.81,24.49,77.0,47,98,872.3708333333334,31.8,19.9,0,0,0,0
2025-01-01,28.8,18.2,22.4,2.1,2.1,14.3,33.8,53,47341.48,25.76,73.75,46,94,871.7125,32.0,19.6,0,0,0,0
2025-01-02,27.4,19.0,21.6,6.6,6.6,16.1,40.0,63,28800.0,20.81,78.29166666666667,54,89,872.3333333333334,31.6,20.3,0,0,0,0
2025-01-03,27.0,18.4,22.1,4.7,4.7,11.4,27.4,63,35938.9,23.99,79.375,54,95,873.8375,32.1,19.8,0,0,0,0
2025-01-04,27.2,18.0,22.6,1.2,1.2,9.2,28.4,51,38125.61,25.03,78.91666666666667,54,96,872.4541666666668,31.6,19.5,0,0,0,0
2025-01-05,25.1,18.5,21.4,10.1,10.1,12.8,34.2,63,39776.23,21.85,83.95833333333333,65,95,868.7458333333334,28.7,20.9,0,0,0,0
2025-01-06,24.9,18.5,20.6,8.0,8.0,10.1,34.6,53,16031.48,14.72,88.79166666666667,68,99,868.3333333333334,28.5,20.4,0,0,0,0
2025-01-07,23.9,17.9,20.4,13.1,13.1,15.0,40.3,63,29074.68,19.77,88.5,71,99,868.9208333333332,27.1,19.5,0,0,0,0
2025-01-08,26.6,18.1,21.8,2.9,2.9,8.5,24.5,61,23780.3,19.74,79.41666666666667,49,99,868.7291666666666,29.9,20.5,0,0,0,0
2025-01-09,24.2,18.3,20.3,2.1,2.1,12.4,29.2,53,20829.26,16.01,80.375,66,93,869.3541666666666,28.4,18.6,0,0,0,0
2025-01-10,25.9,18.0,21.5,1.6,1.6,10.4,28.8,55,46024.93,25.7,80.625,60,97,870.6166666666667,30.2,19.5,0,0,0,0
2025-01-11,23.9,17.8,20.2,9.5,9.5,15.8,36.0,63,23819.17,16.62,87.91666666666667,70,97,871.975,25.8,19.3,0,0,0,0
2025-01-12,23.0,18.0,20.1,15.1,15.1,11.5,28.8,63,20442.7,13.56,90.20833333333333,74,99,871.1,25.1,19.5,0,0,0,0
2025-01-13,23.1,17.0,19.4,3.4,3.4,13.9,32.8,53,31134.88,16.45,84.75,69,97,870.1166666666667,25.2,17.6,0,0,0,0
2025-01-14,25.3,16.6,20.7,0.4,0.4,9.0,26.3,51,37216.92,24.2,82.16666666666667,63,97,867.6333333333333,29.0,17.9,0,0,0,0
2025-01-15,26.0,17.6,21.5,0.7,0.7,14.2,39.6,53,47059.4,26.47,79.04166666666667,56,97,865.5916666666667,29.1,19.0,0,0,0,0
2025-01-16,25.2,16.7,20.3,8.0,8.0,14.5,37.4,63,47075.71,25.04,80.79166666666667,64,95,869.5208333333334,28.4,16.2,0,0,0,0
2025-01-17,24.1,15.1,19.5,0.0,0.0,9.7,23.4,3,42232.75,21.42,76.375,53,95,873.6583333333333,25.7,15.4,0,0,0,0
2025-01-18,26.1,16.7,21.4,0.6,0.6,6.4,20.2,51,39832.21,25.83,75.16666666666667,50,100,873.0666666666666,30.0,18.1,0,0,0,0
2025-01-19,30.1,18.2,23.6,0.1,0.1,9.9,27.7,51,46842.3,28.83,60.208333333333336,26,88,872.1666666666666,31.7,18.9,0,0,0,0
2025-01-20,31.4,17.4,24.5,0.0,0.0,14.6,37.4,1,46853.52,31.63,44.333333333333336,18,77,872.3541666666666,32.1,17.2,0,0,0,0
2025-01-21,29.1,17.1,22.8,0.0,0.0,17.0,42.1,0,46863.23,31.12,52.0,30,85,874.375,29.9,16.5,0,0,0,0
2025-01-22,29.6,15.8,22.4,0.0,0.0,13.1,34.2,2,46871.4,30.66,51.583333333333336,26,85,874.6750000000001,30.5,14.7,0,0,0,0
2025-01-23,30.0,15.9,23.5,0.0,0.0,11.1,23.0,3,43175.1,27.33,50.125,26,86,873.0166666666668,32.0,15.5,0,0,0,0
2025-01-24,31.6,17.7,25.3,0.0,0.0,14.8,40.0,1,46651.26,28.65,44.833333333333336,23,77,871.6416666666668,32.2,18.2,0,0,0,0
2025-01-25,30.4,18.0,24.6,0.0,0.0,14.1,36.7,1,46632.91,28.84,48.083333333333336,26,81,873.0291666666667,30.7,18.1,0,0,0,0
2025-01-26,31.4,17.3,24.7,0.0,0.0,14.8,39.2,0,46616.62,31.55,44.708333333333336,17,86,873.1208333333334,30.9,17.7,1,0,0,0
2025-01-27,31.4,17.0,24.7,0.0,0.0,18.6,42.1,0,46616.76,31.89,38.75,14,74,872.2416666666667,30.6,17.2,1,0,0,0
2025-01-28,30.2,15.6,23.6,0.0,0.0,14.2,33.8,0,46568.77,31.69,41.5,19,75,872.8208333333333,31.3,14.1,1,0,0,0
2025-01-29,31.6,16.3,24.5,0.0,0.0,12.9,31.3,2,46544.11,31.09,38.958333333333336,16,76,873.4458333333333,32.4,15.6,1,0,0,0
2025-01-30,31.6,18.0,25.7,0.0,0.0,15.0,33.8,2,46517.86,28.65,40.833333333333336,26,72,871.775,33.1,18.5,1,0,0,0
2025-01-31,33.8,21.5,27.9,0.5,0.5,10.2,31.3,51,46490.09,26.64,39.375,24,58,870.0375,34.4,21.7,1,0,0,0
2025-02-01,33.3,21.4,25.5,4.9,4.9,14.1,36.4,63,36972.27,22.61,58.25,28,90,870.8249999999999,35.4,23.3,1,0,0,0
2025-02-02,31.0,21.4,24.4,4.6,4.6,11.1,35.6,63,28603.62,16.57,64.95833333333333,37,80,871.7333333333332,32.7,23.2,1,0,0,0
2025-02-03,28.9,19.0,23.8,1.4,1.4,8.7,21.2,53,44959.03,25.72,68.91666666666667,48,89,872.3958333333334,32.8,20.1,0,0,0,0
2025-02-04,28.6,19.0,23.7,0.1,0.1,12.5,30.2,51,46364.99,27.96,68.625,44,92,873.8083333333334,33.3,20.5,0,0,0,0
2025-02-05,30.8,18.5,23.9,3.0,3.0,11.3,33.1,61,43264.8,27.3,65.66666666666667,41,83,871.6041666666666,34.6,20.4,0,0,0,0
2025-02-06,29.5,18.8,23.5,2.0,2.0,12.1,30.6,53,46294.86,26.19,64.70833333333333,41,81,871.1374999999999,32.6,19.3,0,0,0,0
2025-02-07,28.0,18.3,23.0,1.0,1.0,16.8,39.2,51,43853.43,23.64,63.25,42,87,874.0041666666666,30.3,18.7,0,0,0,0
2025-02-08,31.4,16.5,24.2,0.0,0.0,10.5,31.3,3,46220.29,28.47,53.958333333333336,24,90,873.8541666666666,33.3,16.8,0,0,0,0
2025-02-09,33.5,19.4,25.6,3.5,3.5,16.6,37.4,61,45134.28,27.84,51.333333333333336,26,78,871.6125000000001,36.6,19.8,0,0,0,0
2025-02-10,28.5,19.4,23.3,1.7,1.7,12.3,31.0,53,39774.53,20.48,66.08333333333333,40,86,870.9291666666667,30.1,20.2,0,0,0,0
2025-02-11,24.6,18.2,21.3,9.0,9.0,11.7,36.7,63,33310.33,14.92,72.125,53,91,872.1208333333334,25.2,19.4,0,0,0,0
2025-02-12,25.5,16.8,21.1,2.4,2.4,13.8,38.2,53,45265.93,22.8,70.0,52,87,873.6208333333334,27.6,17.3,0,0,0,0
2025-02-13,25.0,17.5,21.3,2.5,2.5,14.2,29.5,53,20206.05,14.54,72.33333333333333,50,92,872.5083333333333,26.1,18.9,0,0,0,0
2025-02-14,26.9,18.2,21.7,3.4,3.4,12.7,35.3,61,25788.55,19.86,74.54166666666667,48,94,872.9499999999999,28.4,20.4,0,0,0,0
2025-02-15,24.1,18.3,20.8,2.2,2.2,11.0,31.3,53,12017.52,13.27,78.29166666666667,59,96,873.25,25.1,20.5,0,0,0,0
2025-02-16,20.6,16.6,18.4,18.1,18.1,11.9,25.9,61,0.0,6.64,90.33333333333333,75,96,872.2416666666667,21.5,16.7,0,0,0,0
2025-02-17,19.4,15.9,17.4,35.8,35.8,12.9,29.2,63,197.05,6.26,90.70833333333333,81,95,870.7708333333334,20.0,15.9,0,0,1,0
2025-02-18,21.0,16.9,18.4,37.3,37.3,19.3,39.2,63,4476.95,8.22,94.91666666666667,84,100,869.6999999999999,22.3,17.3,0,0,1,0
2025-02-19,21.5,17.0,18.5,44.0,44.0,19.0,41.4,63,1339.94,7.7,93.29166666666667,84,100,870.0625,23.0,15.9,0,0,1,0
2025-02-20,22.1,16.0,18.8,3.7,3.7,19.0,40.7,55,22828.26,14.38,80.70833333333333,66,88,872.1333333333333,22.8,15.0,0,0,0,0
2025-02-21,24.9,15.8,20.3,2.2,2.2,11.5,30.2,55,41821.12,22.24,80.83333333333333,61,95,871.2333333333332,27.3,15.9,0,0,0,0
2025-02-22,27.0,17.9,22.4,1.5,1.5,7.0,17.6,51,45546.21,24.91,77.375,56,95,870.7166666666667,31.7,19.9,0,0,0,0
2025-02-23,28.0,19.5,22.6,8.8,8.8,12.5,26.3,63,31511.62,21.95,78.33333333333333,57,93,870.7375000000001,33.2,20.9,0,0,0,0
2025-02-24,27.5,18.8,22.6,0.0,0.0,12.7,30.6,3,44533.83,26.48,68.95833333333333,41,90,871.4666666666667,29.5,19.7,0,0,0,0
2025-02-25,29.0,17.6,22.7,0.0,0.0,13.6,32.0,3,45278.23,25.17,64.70833333333333,29,93,870.0541666666667,29.2,18.2,0,0,0,0
2025-02-26,27.4,17.5,22.2,0.0,0.0,17.8,42.5,1,45018.44,26.35,65.83333333333333,41,90,871.0083333333333,29.7,17.4,0,0,0,0
2025-02-27,26.8,15.9,20.9,1.2,1.2,10.7,29.9,51,35846.52,22.03,72.20833333333333,50,89,871.4333333333334,29.8,16.2,0,0,0,0
2025-02-28,27.4,17.1,21.8,3.6,3.6,15.1,26.6,61,43458.8,24.87,71.91666666666667,44,93,870.9625,31.0,18.1,0,0,0,0
2025-03-01,24.2,17.2,20.2,5.6,5.6,10.5,32.4,63,25041.24,16.46,82.41666666666667,61,99,871.15,27.5,18.4,0,0,0,0
2025-03-02,23.8,16.7,20.0,2.1,2.1,10.1,27.0,55,32030.8,15.57,81.79166666666667,64,95,872.8000000000001,25.3,17.8,0,0,0,0
2025-03-03,23.4,17.0,19.1,4.1,4.1,11.8,25.9,53,24928.92,14.67,87.75,66,98,873.8666666666667,26.1,17.8,0,0,0,0
2025-03-04,25.1,16.3,20.5,2.0,2.0,9.5,20.5,53,39709.54,22.85,82.16666666666667,59,98,873.3249999999999,28.8,17.8,0,0,0,0
2025-03-05,26.5,16.8,21.2,9.0,9.0,6.4,16.9,63,41361.11,22.04,82.08333333333333,59,99,873.7583333333333,31.5,18.8,0,0,0,0
2025-03-06,27.7,17.4,22.0,0.8,0.8,6.5,20.9,53,43428.62,24.32,78.29166666666667,54,92,875.0791666666668,32.0,18.7,0,0,0,0
2025-03-07,29.6,18.6,23.5,0.0,0.0,12.9,28.8,1,43425.07,24.98,64.58333333333333,32,93,875.7583333333333,31.0,19.8,0,0,0,0
2025-03-08,27.6,16.5,21.7,0.0,0.0,12.3,32.8,3,39897.96,25.18,58.25,28,92,874.9583333333334,27.9,16.8,0,0,0,0
2025-03-09,26.2,14.9,20.0,0.5,0.5,9.5,29.5,51,43164.49,23.89,66.75,39,89,873.6333333333333,28.2,15.2,0,0,0,0
2025-03-10,26.9,15.6,20.7,2.9,2.9,20.4,45.0,63,42626.23,20.28,64.54166666666667,33,88,873.4166666666666,27.5,15.6,0,0,0,0
2025-03-11,24.9,16.8,19.9,4.3,4.3,16.0,33.1,61,28781.02,16.16,75.45833333333333,53,93,874.7208333333333,26.8,16.4,0,0,0,0
2025-03-12,25.1,16.3,20.0,2.6,2.6,11.4,25.9,61,42566.23,24.34,74.04166666666667,50,94,872.9666666666667,28.6,16.3,0,0,0,0
2025-03-13,22.4,15.8,18.8,7.6,7.6,8.7,25.6,63,38643.62,17.05,83.29166666666667,66,99,870.6125000000001,23.8,16.6,0,0,0,0
2025-03-14,24.4,15.6,19.5,1.1,1.1,16.7,38.2,53,42507.61,23.0,70.91666666666667,52,88,872.2208333333333,26.3,14.5,0,0,0,0
2025-03-15,23.4,14.8,18.4,1.0,1.0,12.5,33.8,51,39831.97,20.37,73.83333333333333,53,91,875.4583333333334,24.6,13.8,0,0,0,0
2025-03-16,21.6,14.9,17.2,2.9,2.9,11.8,32.0,51,25736.77,14.63,84.41666666666667,58,97,876.1,21.8,14.8,0,0,0,0
2025-03-17,21.1,14.6,17.1,2.6,2.6,8.7,24.1,53,21907.61,13.95,82.54166666666667,65,97,875.6625,21.9,14.5,0,0,0,0
2025-03-18,22.5,13.8,18.0,1.9,1.9,10.8,25.2,61,42393.6,20.59,79.0,57,95,875.6041666666666,25.1,14.4,0,0,0,0
2025-03-19,21.9,14.2,17.0,7.2,7.2,10.2,26.6,63,30136.53,15.82,85.83333333333333,62,97,876.35,23.6,14.7,0,0,0,0
2025-03-20,23.3,12.9,18.0,1.9,1.9,7.1,23.8,53,42337.73,21.03,79.95833333333333,52,98,876.9250000000001,24.9,13.2,0,0,0,0
2025-03-21,24.4,14.9,19.4,0.5,0.5,6.8,18.7,51,31610.39,17.48,75.33333333333333,53,93,875.1875,25.9,15.8,0,0,0,0
2025-03-22,26.4,16.5,21.2,1.5,1.5,9.0,18.0,51,42282.32,20.96,65.45833333333333,40,87,873.3708333333334,27.9,16.4,0,0,0,0
2025-03-23,28.9,16.9,22.8,0.1,0.1,8.3,18.0,51,42254.71,22.59,59.375,33,88,873.6833333333334,30.4,17.2,0,0,0,0
2025-03-24,27.6,18.2,22.7,1.0,1.0,11.0,29.5,53,40059.64,19.91,64.75,46,81,876.1916666666666,30.1,18.4,0,0,0,0
2025-03-25,28.4,17.7,22.6,0.0,0.0,7.6,25.9,3,42199.53,21.37,67.08333333333333,43,88,875.375,30.3,19.0,0,0,0,0
2025-03-26,28.9,18.2,23.1,0.3,0.3,12.7,33.8,51,42171.91,22.28,62.166666666666664,36,83,872.6208333333334,31.2,18.7,0,0,0,0
2025-03-27,25.9,16.5,20.1,13.5,13.5,13.1,31.7,63,36863.55,19.36,77.45833333333333,52,95,873.4625,28.5,17.5,0,0,0,0
2025-03-28,21.5,16.4,18.0,5.5,5.5,10.1,19.8,55,20036.64,10.16,88.45833333333333,72,97,874.7624999999999,23.7,17.2,0,0,0,0
2025-03-29,23.9,14.9,19.2,0.6,0.6,8.5,24.8,51,41686.3,20.29,80.16666666666667,57,98,873.9499999999999,25.9,16.1,0,0,0,0
2025-03-30,26.0,15.4,20.5,0.0,0.0,13.1,27.4,3,41031.51,21.88,72.25,50,94,873.3249999999999,28.8,16.6,0,0,0,0
2025-03-31,24.4,16.6,19.4,3.0,3.0,12.3,29.2,61,38279.18,18.19,77.54166666666667,57,91,874.8666666666667,26.6,16.6,0,0,0,0
2025-04-01,23.5,15.4,18.5,2.1,2.1,10.3,38.5,61,36232.73,16.25,82.91666666666667,62,95,873.2208333333333,24.7,16.2,0,0,0,0
2025-04-02,24.6,14.2,19.4,0.0,0.0,9.1,19.1,3,41662.68,19.79,71.75,48,92,873.1041666666666,27.1,13.7,0,0,0,0
2025-04-03,19.8,16.2,17.5,10.6,10.6,12.1,31.0,61,1528.24,7.74,91.20833333333333,78,98,876.7875,20.6,17.1,0,0,0,0
2025-04-04,19.9,15.3,16.4,11.4,11.4,17.8,40.0,63,4423.21,7.37,92.66666666666667,70,99,875.3333333333334,19.2,14.9,0,0,0,0
2025-04-05,19.6,14.1,16.4,7.4,7.4,12.6,29.9,53,9338.6,10.11,91.75,73,100,872.9499999999999,19.8,14.6,0,0,0,0
2025-04-06,22.5,13.1,17.4,5.3,5.3,8.3,25.9,61,31249.29,16.77,87.08333333333333,66,100,873.8166666666666,24.9,13.6,0,0,0,0
2025-04-07,23.5,15.1,18.5,0.4,0.4,10.9,28.1,51,36460.44,16.2,83.16666666666667,63,94,874.9958333333334,25.6,15.7,0,0,0,0
2025-04-08,24.5,15.4,19.4,0.6,0.6,12.3,32.8,51,41248.76,19.79,78.625,55,93,873.6666666666666,25.7,16.3,0,0,0,0
2025-04-09,22.5,15.1,18.2,4.9,4.9,15.2,37.8,61,33898.71,12.46,86.29166666666667,66,97,872.5041666666666,22.5,15.3,0,0,0,0
2025-04-10,23.2,12.6,17.5,0.0,0.0,9.7,23.0,0,41294.79,22.21,63.75,41,81,872.1999999999999,23.2,10.7,0,0,0,0
2025-04-11,21.8,11.4,16.5,0.3,0.3,11.7,29.9,51,38084.61,15.7,74.58333333333333,53,93,873.5375,21.7,10.5,0,0,0,0
2025-04-12,22.2,13.7,17.3,2.7,2.7,10.0,27.4,55,38525.3,16.58,76.83333333333333,50,96,874.8249999999999,22.2,14.2,0,0,0,0
2025-04-13,24.1,13.9,18.4,0.0,0.0,11.2,31.3,3,40778.79,19.75,67.0,35,89,875.3249999999999,23.8,13.5,0,0,0,0
2025-04-14,25.4,14.8,19.5,0.0,0.0,13.0,36.7,3,40738.23,19.29,58.583333333333336,32,81,874.5708333333333,25.2,14.2,0,0,0,0
2025-04-15,23.8,14.1,18.9,0.0,0.0,14.1,37.1,3,37596.65,19.18,60.166666666666664,38,80,873.8958333333334,22.6,12.7,0,0,0,0
2025-04-16,21.5,13.9,16.9,4.1,4.1,16.1,42.1,63,38787.04,16.52,78.95833333333333,57,98,873.4958333333334,20.1,13.2,0,0,0,0
2025-04-17,22.2,12.1,16.3,4.3,4.3,11.8,28.4,63,37895.22,17.34,71.54166666666667,45,95,874.5541666666667,22.9,9.8,0,0,0,0
2025-04-18,17.0,13.4,14.6,5.1,5.1,10.3,23.8,55,9914.86,7.1,84.70833333333333,68,96,877.1541666666667,16.2,12.6,0,0,0,0
2025-04-19,19.4,11.6,15.0,0.9,0.9,7.5,20.2,51,34857.32,14.7,80.79166666666667,54,97,875.5708333333333,18.9,11.5,0,0,0,0
2025-04-20,22.2,11.6,16.1,0.0,0.0,10.2,25.6,1,39996.46,19.61,73.04166666666667,40,94,872.6916666666666,22.2,10.8,0,0,0,0
2025-04-21,21.6,12.6,16.7,0.0,0.0,8.8,25.2,2,39961.87,18.78,68.66666666666667,43,84,871.7875,21.6,11.3,0,0,0,0
2025-04-22,22.9,12.6,17.6,0.8,0.8,15.2,37.1,51,39664.39,17.55,70.66666666666667,45,89,872.2833333333333,21.8,12.7,0,0,0,0
2025-04-23,21.0,13.9,15.9,25.0,25.0,12.7,35.6,63,20778.83,11.71,84.58333333333333,69,96,872.6374999999999,21.7,13.7,0,0,1,0
2025-04-24,15.6,11.8,13.9,39.9,39.9,16.4,38.9,63,3600.0,5.75,93.79166666666667,85,100,873.1041666666666,16.1,11.8,0,0,1,0
2025-04-25,20.1,9.3,14.5,0.5,0.5,10.0,20.2,51,38311.95,19.63,73.95833333333333,46,99,873.6541666666667,20.1,7.8,0,0,0,0
2025-04-26,20.5,11.1,15.3,0.0,0.0,14.0,29.2,3,37007.02,16.72,70.79166666666667,48,85,875.0875,21.4,8.8,0,0,0,0
2025-04-27,21.4,11.4,16.0,0.0,0.0,11.7,23.0,3,35191.26,16.6,68.04166666666667,49,84,875.2458333333334,22.2,9.4,0,0,0,0
2025-04-28,22.8,11.9,16.7,0.0,0.0,13.7,30.2,3,38942.01,18.77,72.08333333333333,42,95,875.1041666666666,23.4,10.4,0,0,0,0
2025-04-29,22.9,13.1,17.2,0.0,0.0,12.1,25.9,0,38912.59,19.06,68.5,38,89,872.3416666666667,23.8,11.7,0,0,0,0
2025-04-30,21.9,12.9,17.0,0.0,0.0,15.5,40.3,0,38884.15,18.58,65.20833333333333,43,80,869.125,21.4,11.6,0,0,0,0
2025-05-01,22.2,13.1,16.7,4.6,4.6,14.3,40.3,61,37162.82,17.37,74.54166666666667,52,95,869.6416666666668,22.4,12.4,0,0,0,0
2025-05-02,19.8,9.4,14.5,0.1,0.1,16.1,33.5,51,38294.56,17.51,71.08333333333333,47,98,871.1291666666666,19.9,5.1,0,0,0,0
2025-05-03,17.6,6.6,11.8,0.0,0.0,15.7,32.4,3,34244.85,17.43,61.583333333333336,47,88,874.5124999999999,16.8,2.6,0,0,0,0
2025-05-04,17.1,10.0,12.5,0.7,0.7,8.9,25.6,51,26140.77,11.79,77.5,50,93,877.6208333333334,15.9,8.9,0,0,0,0
2025-05-05,18.6,7.3,12.8,0.0,0.0,6.5,19.4,0,37870.62,18.44,73.45833333333333,52,93,877.8791666666666,17.9,5.9,0,0,0,0
2025-05-06,22.0,9.5,15.3,0.0,0.0,8.6,18.7,0,37911.84,18.32,68.45833333333333,43,88,878.3375,21.5,7.7,0,0,0,0
2025-05-07,23.2,10.6,16.4,0.0,0.0,9.0,22.0,0,37952.35,18.33,62.083333333333336,37,84,877.1,22.5,8.8,0,0,0,0
2025-05-08,25.2,12.6,18.0,0.0,0.0,11.9,23.8,0,37720.89,18.36,49.375,23,71,875.3249999999999,24.1,10.1,0,0,0,0
2025-05-09,23.3,12.1,17.4,0.0,0.0,12.4,27.4,0,37760.34,18.25,47.0,29,62,875.4708333333333,21.7,9.1,0,0,0,0
2025-05-10,21.8,10.9,16.4,0.0,0.0,13.2,35.3,0,37255.04,18.08,58.458333333333336,38,78,875.2791666666667,20.0,9.6,0,0,0,0
2025-05-11,22.5,11.1,16.5,0.0,0.0,14.1,31.0,0,37292.76,17.88,48.916666666666664,22,80,875.4333333333334,19.9,9.2,0,0,0,0
2025-05-12,19.9,8.6,14.0,0.0,0.0,12.4,30.2,3,29760.43,14.37,58.625,41,82,878.9375,18.8,4.9,0,0,0,0
2025-05-13,21.0,8.8,14.7,0.0,0.0,11.1,22.3,0,37092.9,17.59,56.833333333333336,30,82,880.4,19.8,6.4,0,0,0,0
2025-05-14,21.5,9.1,14.6,0.0,0.0,10.9,22.3,3,36603.54,17.34,66.33333333333333,35,86,879.8666666666667,20.4,7.3,0,0,0,0
2025-05-15,20.0,9.6,14.3,0.0,0.0,5.8,15.8,3,26856.88,13.78,73.125,46,88,878.3666666666667,19.0,8.4,0,0,0,0
2025-05-16,20.1,9.2,14.5,0.0,0.0,6.6,18.4,3,36648.78,16.78,73.45833333333333,49,89,876.2875,19.9,8.3,0,0,0,0
2025-05-17,21.0,9.9,14.9,0.0,0.0,6.9,19.8,1,36681.97,16.84,73.125,47,90,874.8166666666666,20.1,8.9,0,0,0,0
2025-05-18,22.1,11.6,16.2,0.0,0.0,11.2,22.3,3,36044.74,16.86,60.708333333333336,38,83,873.5500000000001,21.4,9.0,0,0,0,0
2025-05-19,20.7,10.8,15.3,0.0,0.0,9.3,25.6,3,36000.0,15.89,69.29166666666667,50,80,873.4208333333332,20.0,9.2,0,0,0,0
2025-05-20,21.2,9.9,15.6,0.0,0.0,12.7,32.0,3,36500.13,16.66,68.45833333333333,43,85,869.9875000000001,19.5,9.0,0,0,0,0
2025-05-21,15.1,7.7,11.7,0.0,0.0,22.9,50.8,3,36435.51,17.02,52.458333333333336,36,76,870.9208333333332,13.1,3.9,0,0,0,0
2025-05-22,18.9,5.7,11.5,0.0,0.0,16.9,34.9,0,36448.29,17.02,54.75,30,69,879.6541666666667,16.0,1.4,0,0,0,0
2025-05-23,18.8,5.8,11.5,0.0,0.0,9.5,20.5,0,36460.45,16.57,66.20833333333333,35,89,881.1125000000001,17.0,3.0,0,0,0,0
2025-05-24,17.5,6.3,11.5,0.0,0.0,7.8,19.4,0,36192.95,16.5,68.25,46,85,879.0666666666666,15.6,4.1,0,0,0,0
2025-05-25,17.5,6.0,11.3,0.0,0.0,5.7,20.2,0,36203.37,16.42,68.04166666666667,42,84,877.7416666666667,15.8,3.9,0,0,0,0
2025-05-26,17.9,7.0,11.9,0.0,0.0,10.2,28.1,0,36213.09,16.54,59.333333333333336,29,78,876.2041666666668,15.9,4.5,0,0,0,0
2025-05-27,18.5,6.6,12.4,0.0,0.0,10.0,20.9,0,36222.12,16.44,52.375,30,67,876.6916666666666,16.5,3.3,0,0,0,0
2025-05-28,18.1,6.4,12.0,0.0,0.0,8.1,24.1,0,36230.42,16.15,58.708333333333336,38,77,879.0,15.9,3.8,0,0,0,0
2025-05-29,20.8,8.8,13.9,0.0,0.0,9.6,21.2,0,36237.93,16.28,53.333333333333336,27,69,879.1125000000001,18.3,5.9,0,0,0,0
2025-05-30,23.4,9.5,15.5,0.0,0.0,15.4,33.1,0,36244.76,16.26,42.291666666666664,18,71,877.9291666666667,19.5,6.6,0,0,0,0
2025-05-31,19.9,8.6,13.9,0.0,0.0,14.0,28.8,0,36250.88,16.08,47.083333333333336,35,68,879.0416666666666,17.6,4.6,0,0,0,0
2025-06-01,20.8,7.7,13.8,0.0,0.0,12.0,30.2,0,36256.32,16.04,50.541666666666664,25,75,877.625,17.8,5.2,0,0,0,0
2025-06-02,19.5,6.3,12.5,0.0,0.0,11.2,22.7,1,36261.08,16.41,41.791666666666664,24,64,874.9375,16.7,2.3,0,0,0,0
2025-06-03,19.8,6.4,12.8,0.0,0.0,11.6,28.4,0,36000.0,16.11,48.166666666666664,22,71,873.3625000000001,16.6,3.7,0,0,0,0
2025-06-04,21.8,9.2,14.8,0.0,0.0,12.5,30.6,0,36000.0,15.62,47.958333333333336,25,61,874.7916666666666,19.4,6.0,0,0,0,0
2025-06-05,17.0,8.7,12.3,0.0,0.0,16.0,38.9,3,24109.92,9.53,70.54166666666667,48,90,879.0208333333334,14.7,6.8,0,0,0,0
2025-06-06,18.9,7.1,12.7,0.0,0.0,7.7,24.8,0,36000.0,15.25,68.95833333333333,44,88,877.7125,17.0,5.9,0,0,0,0
2025-06-07,19.7,8.3,13.7,0.0,0.0,8.4,25.9,0,36000.0,15.31,65.25,39,86,874.8833333333333,17.9,7.0,0,0,0,0
2025-06-08,19.5,8.4,13.8,0.0,0.0,15.9,41.0,2,36000.0,15.25,58.708333333333336,35,81,871.4583333333334,16.0,6.9,0,0,0,0
2025-06-09,14.4,4.8,10.4,3.5,3.5,22.8,53.3,61,36086.4,12.16,59.458333333333336,32,79,869.6833333333334,10.7,0.8,0,0,0,1
2025-06-10,13.4,4.0,8.2,0.0,0.0,17.8,43.6,3,36000.0,14.94,63.333333333333336,47,77,873.5208333333334,9.6,-0.1,0,0,0,1
2025-06-11,16.0,4.8,9.8,0.0,0.0,16.9,35.6,0,36000.0,15.59,59.5,38,77,876.2541666666666,13.0,0.3,0,0,0,1
2025-06-12,16.2,4.6,10.2,0.0,0.0,8.0,20.9,0,36000.0,15.34,62.5,39,80,878.8958333333334,14.0,1.7,0,0,0,1
2025-06-13,16.9,4.7,10.5,0.0,0.0,6.9,18.0,3,36000.0,15.02,61.125,31,82,880.725,14.7,2.2,0,0,0,1
2025-06-14,18.3,4.8,10.8,0.0,0.0,9.6,26.3,0,36000.0,15.51,53.666666666666664,28,70,881.2583333333333,15.3,1.3,0,0,0,1
2025-06-15,15.8,4.8,9.9,0.0,0.0,8.9,23.8,3,33646.3,14.5,68.5,45,86,880.625,13.4,2.7,0,0,0,1
2025-06-16,17.5,6.5,11.3,0.1,0.1,9.0,21.6,51,30126.21,12.77,67.54166666666667,43,83,877.4541666666668,15.5,4.2,0,0,0,0
2025-06-17,19.3,7.2,12.4,0.0,0.0,9.1,18.7,0,36261.48,15.2,63.166666666666664,37,79,874.6125000000001,17.2,4.4,0,0,0,0
2025-06-18,20.5,8.8,13.5,0.0,0.0,11.8,27.4,0,36256.84,15.47,50.041666666666664,26,70,872.9708333333333,17.2,5.3,0,0,0,0
2025-06-19,19.3,6.9,13.1,0.0,0.0,12.4,31.3,0,36251.48,15.29,52.708333333333336,29,70,873.5416666666666,16.4,4.6,0,0,0,0
2025-06-20,20.2,9.1,14.1,0.0,0.0,16.6,41.4,0,36245.45,15.21,43.958333333333336,26,63,873.3833333333333,16.0,6.5,0,0,0,0
2025-06-21,20.0,6.7,12.5,0.0,0.0,14.9,31.0,0,36238.77,15.79,29.208333333333332,13,44,876.0708333333333,16.2,1.7,0,0,0,0
2025-06-22,16.5,5.1,10.5,0.0,0.0,10.5,28.4,0,36231.51,15.29,64.875,40,85,876.7791666666667,13.8,2.9,0,0,0,0
2025-06-23,19.2,7.7,12.9,0.0,0.0,12.4,34.6,0,36223.64,15.13,59.125,37,78,874.4499999999999,16.2,5.0,0,0,0,0
2025-06-24,19.9,7.3,13.6,0.0,0.0,10.8,25.6,0,36215.24,15.51,34.333333333333336,20,44,874.4083333333333,16.6,3.3,0,0,0,0
2025-06-25,18.9,6.0,12.3,0.0,0.0,12.3,33.1,0,36206.37,15.3,48.5,27,76,872.0958333333333,15.0,3.7,0,0,0,0
2025-06-26,19.0,7.3,13.0,0.0,0.0,19.8,48.6,3,36197.02,14.76,48.666666666666664,34,66,868.6541666666667,15.5,5.1,0,0,0,0
2025-06-27,14.2,3.2,8.7,0.0,0.0,16.9,42.8,0,36472.64,15.78,44.75,19,71,873.2208333333333,10.4,-1.2,0,0,0,1
2025-06-28,14.4,2.8,8.6,0.0,0.0,14.2,30.2,0,36462.38,15.41,50.166666666666664,31,62,876.4708333333333,11.2,-1.7,0,0,0,1
2025-06-29,18.7,4.8,11.0,0.0,0.0,11.7,23.8,0,36451.71,15.78,39.958333333333336,16,65,877.2916666666666,15.7,0.8,0,0,0,1
2025-06-30,16.5,5.2,10.7,0.0,0.0,9.8,30.2,0,36440.73,15.34,49.541666666666664,38,64,879.0500000000001,13.9,2.0,0,0,0,0
2025-07-01,16.6,4.8,10.6,0.0,0.0,6.0,20.9,0,36429.46,15.49,56.458333333333336,32,79,878.4916666666667,13.8,2.1,0,0,0,1
2025-07-02,17.2,6.2,11.7,0.0,0.0,10.7,28.1,3,33861.29,12.14,59.833333333333336,41,76,876.9708333333333,14.8,3.5,0,0,0,0
2025-07-03,19.8,8.9,14.3,0.0,0.0,15.6,40.3,3,34036.29,14.76,53.958333333333336,29,84,874.2291666666666,16.4,7.8,0,0,0,0
2025-07-04,15.6,6.3,10.8,1.3,1.3,18.9,45.7,51,36678.55,15.89,53.208333333333336,28,78,873.1125000000001,11.8,3.4,0,0,0,0
2025-07-05,17.1,3.3,9.2,0.0,0.0,10.1,22.0,0,36950.39,16.17,47.291666666666664,18,70,873.1416666666668,13.0,-0.8,0,0,0,1
2025-07-06,18.7,4.9,11.4,0.0,0.0,16.9,40.3,0,36653.74,15.75,43.166666666666664,23,61,872.2708333333334,13.7,1.6,0,0,0,1
2025-07-07,17.0,4.6,10.4,0.0,0.0,18.5,38.9,0,36924.34,16.09,43.958333333333336,20,72,877.1291666666666,14.2,-0.1,0,0,0,1
2025-07-08,15.9,4.1,9.8,0.0,0.0,10.7,30.6,1,36910.56,15.56,55.0,37,85,881.6625,12.8,1.1,0,0,0,1
2025-07-09,16.9,4.2,10.2,0.0,0.0,7.5,22.7,0,36896.29,15.7,65.45833333333333,41,89,882.3541666666666,14.5,2.1,0,0,0,1
2025-07-10,18.7,5.4,11.5,0.0,0.0,9.6,20.9,0,37164.33,16.11,55.458333333333336,28,76,879.7291666666666,15.8,2.2,0,0,0,0
2025-07-11,19.0,3.4,11.4,0.0,0.0,9.8,26.3,0,37431.41,16.33,53.541666666666664,24,86,875.8916666666668,15.5,0.7,0,0,0,1
2025-07-12,21.1,6.3,13.5,0.0,0.0,9.8,21.6,0,37133.12,16.08,40.875,21,64,876.6208333333334,18.3,2.8,0,0,0,0
2025-07-13,18.9,6.4,12.4,0.0,0.0,13.8,34.2,1,36835.21,15.12,59.25,33,87,879.0083333333333,15.7,3.9,0,0,0,0
2025-07-14,19.1,7.5,13.3,0.0,0.0,8.5,26.3,1,37100.54,15.76,56.875,34,80,878.3874999999999,17.1,5.6,0,0,0,0
2025-07-15,20.5,8.9,14.4,0.0,0.0,11.3,29.5,1,37364.88,15.71,49.625,28,71,876.6750000000001,18.2,6.5,0,0,0,0
2025-07-16,20.6,7.8,14.6,0.0,0.0,7.6,24.8,0,37347.61,16.07,45.833333333333336,28,69,875.4666666666667,18.1,5.7,0,0,0,0
2025-07-17,20.2,8.1,14.2,0.0,0.0,10.3,29.9,1,37330.04,16.13,45.166666666666664,28,60,875.5333333333333,17.2,5.1,0,0,0,0
2025-07-18,21.8,8.8,15.2,0.0,0.0,10.3,20.9,2,36752.59,15.04,42.458333333333336,25,59,877.7583333333333,19.2,6.5,0,0,0,0
2025-07-19,19.1,8.4,13.6,0.0,0.0,11.5,30.2,3,37015.07,15.25,58.041666666666664,38,93,881.4583333333334,17.6,6.1,0,0,0,0
2025-07-20,17.9,7.2,12.4,0.0,0.0,11.5,24.5,3,32709.88,14.03,65.70833333333333,38,91,879.3291666666668,16.6,5.0,0,0,0,0
2025-07-21,17.8,7.4,12.8,0.0,0.0,8.9,27.4,3,33785.57,14.36,56.541666666666664,34,83,876.275,15.5,5.5,0,0,0,0
2025-07-22,18.6,8.3,13.8,0.0,0.0,12.7,27.7,3,26680.46,11.7,45.583333333333336,27,63,877.0875,16.1,5.3,0,0,0,0
2025-07-23,18.0,7.8,12.9,0.1,0.1,13.0,27.7,51,37500.45,14.77,57.166666666666664,33,86,878.25,15.6,5.0,0,0,0,0
2025-07-24,18.3,6.8,12.5,0.7,0.7,9.8,29.2,53,37482.12,15.26,59.708333333333336,36,88,875.9625,15.8,5.0,0,0,0,0
2025-07-25,20.0,8.4,12.9,0.7,0.7,16.3,43.6,53,36910.06,15.31,59.708333333333336,33,79,874.3416666666667,16.4,6.3,0,0,0,0
2025-07-26,20.1,7.9,13.6,0.0,0.0,18.5,46.1,3,36892.74,15.36,54.541666666666664,29,79,876.4625,16.8,6.3,0,0,0,0
2025-07-27,19.1,7.8,12.9,0.0,0.0,16.9,43.2,3,38113.14,17.34,34.791666666666664,14,64,881.0166666666668,15.6,3.4,0,0,0,0
2025-07-28,16.1,6.1,10.9,0.0,0.0,9.2,22.0,3,37959.73,16.83,57.458333333333336,37,77,883.6833333333334,13.9,3.1,0,0,0,0
2025-07-29,15.9,3.0,9.5,0.0,0.0,6.1,23.0,0,38170.48,17.61,51.75,25,78,881.1708333333332,13.0,0.4,0,0,0,1
2025-07-30,16.9,2.5,9.6,0.0,0.0,6.6,23.0,0,38199.3,17.96,43.375,23,59,878.9125,13.4,-1.0,0,0,0,1
2025-07-31,19.8,5.3,11.8,0.0,0.0,9.8,28.1,0,38228.18,17.91,38.583333333333336,18,56,877.8916666666668,15.6,2.5,0,0,0,0
2025-08-01,20.6,7.6,13.1,0.0,0.0,17.9,37.4,0,38257.09,18.37,31.75,9,55,877.9916666666667,16.3,2.6,0,0,0,0
2025-08-02,16.9,5.2,10.9,0.0,0.0,12.6,30.6,0,38286.01,17.55,61.625,36,92,880.3000000000001,14.5,2.8,0,0,0,0
2025-08-03,19.0,4.8,11.8,0.0,0.0,8.4,27.0,3,38314.91,17.93,50.083333333333336,30,71,879.5625,16.2,2.4,0,0,0,1
2025-08-04,20.6,6.7,13.4,0.0,0.0,8.4,26.6,0,38343.77,18.27,43.416666666666664,22,64,877.1,17.4,4.0,0,0,0,0
2025-08-05,20.9,7.1,13.9,0.0,0.0,11.6,32.4,0,38372.55,18.38,40.875,19,64,873.5208333333334,16.9,4.6,0,0,0,0
2025-08-06,22.0,7.1,14.0,0.0,0.0,18.6,50.8,3,32621.6,16.65,41.375,19,65,871.0208333333334,17.7,4.2,0,0,0,0
2025-08-07,12.3,5.8,8.4,15.9,15.8,15.1,37.8,71,24066.88,10.02,78.5,65,92,871.775,10.1,2.8,0,0,0,0
2025-08-08,16.2,5.7,10.9,0.0,0.0,11.5,23.4,3,38458.24,14.78,74.375,50,96,873.75,14.6,2.9,0,0,0,0
2025-08-09,16.8,6.2,11.5,0.0,0.0,12.5,32.8,3,38486.5,16.34,71.33333333333333,49,91,873.6374999999999,15.1,4.3,0,0,0,0
2025-08-10,19.8,6.4,13.0,0.0,0.0,12.6,33.1,2,38514.57,17.52,62.916666666666664,37,87,873.5833333333334,17.1,5.1,0,0,0,0
2025-08-11,20.6,6.2,13.4,0.0,0.0,13.7,29.2,0,38546.94,19.0,39.541666666666664,22,67,875.7583333333333,18.3,1.6,0,0,0,0
2025-08-12,19.5,6.9,12.9,0.0,0.0,10.1,28.4,1,38570.04,18.41,64.04166666666667,36,95,876.9916666666667,17.6,5.3,0,0,0,0
2025-08-13,20.3,7.3,13.8,0.0,0.0,9.8,24.5,0,38597.41,18.74,50.083333333333336,28,75,875.725,18.6,5.6,0,0,0,0
2025-08-14,22.0,8.3,15.2,0.0,0.0,9.6,26.3,1,38624.5,18.7,42.5,25,64,874.9208333333332,20.1,6.2,0,0,0,0
2025-08-15,23.4,9.1,16.5,0.0,0.0,9.4,25.2,3,36170.4,18.62,37.916666666666664,19,64,874.0,21.1,6.9,0,0,0,0
2025-08-16,21.5,9.8,14.7,0.8,0.8,12.6,35.6,51,19606.62,13.0,47.291666666666664,27,69,874.5208333333334,19.0,7.0,0,0,0,0
2025-08-17,21.5,10.6,15.4,0.0,0.0,12.5,34.9,3,38821.52,18.84,53.75,30,82,877.0208333333334,19.4,8.8,0,0,0,0
2025-08-18,21.0,8.8,14.9,0.0,0.0,10.5,31.7,0,38820.23,19.05,64.58333333333333,36,96,877.9541666666668,19.3,7.5,0,0,0,0
2025-08-19,23.5,10.2,16.9,0.0,0.0,13.1,33.8,3,38756.46,18.62,49.208333333333336,27,75,876.3000000000001,21.4,9.0,0,0,0,0
2025-08-20,25.9,12.0,19.1,0.0,0.0,16.5,43.2,0,39342.1,19.76,31.916666666666668,15,60,874.1291666666666,22.3,10.0,0,0,0,0
2025-08-21,27.5,13.6,19.7,0.0,0.0,13.4,26.6,0,39600.88,21.06,10.208333333333334,3,22,873.8458333333333,24.0,8.1,0,0,0,0
2025-08-22,27.4,11.5,19.6,0.0,0.0,18.1,45.0,0,39858.33,21.01,11.541666666666666,5,24,873.3791666666666,22.3,7.6,0,0,0,0
2025-08-23,27.8,13.2,20.2,0.0,0.0,21.0,49.7,0,39852.39,20.97,12.708333333333334,7,21,872.5958333333333,22.5,9.4,0,0,0,0
2025-08-24,27.0,12.7,19.9,0.0,0.0,15.7,41.0,1,40107.78,20.75,16.791666666666668,10,25,873.9708333333333,23.2,8.3,0,0,0,0
2025-08-25,27.9,12.2,20.1,0.0,0.0,13.8,37.4,3,40100.54,20.56,25.541666666666668,13,49,875.4333333333334,24.3,9.4,0,0,0,0
2025-08-26,27.5,13.1,20.2,0.0,0.0,14.6,38.2,3,40354.08,20.71,28.0,6,50,877.75,23.2,10.3,0,0,0,0
2025-08-27,26.2,13.0,19.5,0.0,0.0,8.7,27.7,3,39042.04,19.8,44.625,23,69,878.5083333333333,24.8,11.6,0,0,0,0
2025-08-28,28.0,14.4,20.9,0.0,0.0,12.5,34.9,3,38982.81,20.64,33.625,12,53,877.6666666666666,25.3,12.4,0,0,0,0
2025-08-29,28.0,13.1,20.7,0.0,0.0,14.7,40.0,0,40848.98,21.01,25.083333333333332,11,44,877.0541666666667,23.9,10.3,0,0,0,0
2025-08-30,29.7,13.7,21.8,0.0,0.0,9.8,29.9,0,41099.39,21.32,18.25,9,27,877.7875,26.3,10.4,0,0,0,0
2025-08-31,29.7,14.3,22.2,0.0,0.0,9.5,29.5,0,41217.52,21.36,18.333333333333332,9,28,879.1041666666666,26.9,11.0,0,0,0,0
2025-09-01,30.0,15.4,22.8,0.0,0.0,10.0,33.8,0,41303.12,21.44,19.416666666666668,11,43,879.4125,27.6,12.3,0,0,0,0
2025-09-02,28.5,13.1,20.9,0.0,0.0,9.4,28.1,0,41388.77,21.24,44.25,17,84,880.2041666666668,27.2,12.7,0,0,0,0
2025-09-03,32.0,16.2,23.7,0.0,0.0,20.3,47.5,3,36293.95,20.46,24.25,9,43,878.7958333333332,28.1,13.5,0,0,0,0
2025-09-04,30.3,18.2,24.1,0.0,0.0,15.7,35.6,0,41559.95,22.05,13.041666666666666,7,22,876.8208333333333,27.4,12.8,0,0,0,0
2025-09-05,27.9,13.1,20.9,0.2,0.2,21.4,51.1,51,41645.89,20.84,30.583333333333332,14,59,873.0500000000001,24.8,11.1,0,0,0,0
2025-09-06,27.8,14.9,19.5,0.8,0.8,25.7,66.6,51,39997.95,18.86,41.458333333333336,12,69,872.1125000000001,21.7,11.7,0,0,0,0
2025-09-07,26.1,12.8,18.6,0.3,0.3,15.7,47.9,51,41819.77,19.89,54.583333333333336,24,80,874.875,23.4,11.7,0,0,0,0
2025-09-08,27.2,13.2,20.5,0.0,0.0,15.0,41.8,1,41907.56,21.55,43.166666666666664,20,73,875.1083333333332,25.1,12.1,0,0,0,0
2025-09-09,26.8,15.4,20.4,0.0,0.0,16.1,42.5,3,41668.66,20.38,43.333333333333336,22,63,877.4,25.2,13.5,0,0,0,0
2025-09-10,26.5,13.2,20.3,0.0,0.0,12.4,37.8,1,42084.6,22.18,45.208333333333336,23,82,878.3041666666667,24.9,12.7,0,0,0,0
2025-09-11,27.8,13.9,21.1,0.0,0.0,8.1,27.7,0,42173.72,22.31,40.333333333333336,20,69,877.5208333333334,27.0,12.9,0,0,0,0
2025-09-12,28.8,15.6,22.2,0.0,0.0,14.5,34.6,1,42263.16,22.19,32.083333333333336,18,52,877.1166666666667,27.1,12.9,0,0,0,0
2025-09-13,26.8,13.4,20.6,0.0,0.0,12.5,36.0,3,38990.81,21.36,47.583333333333336,25,83,875.5958333333333,25.3,13.0,0,0,0,0
2025-09-14,26.6,15.4,21.2,0.5,0.5,17.7,45.0,51,42442.79,19.9,37.0,21,56,873.6875,24.4,13.8,0,0,0,0
2025-09-15,26.8,12.9,20.4,0.0,0.0,15.6,40.7,0,42532.87,23.35,37.458333333333336,16,71,872.8125,24.3,11.7,0,0,0,0
2025-09-16,30.2,15.6,22.8,0.0,0.0,18.3,45.4,3,42623.05,24.0,15.291666666666666,7,28,869.9375,25.2,12.0,0,0,0,0
2025-09-17,27.8,12.6,20.3,0.0,0.0,14.0,31.7,1,42713.27,24.81,14.75,6,27,871.75,24.7,7.8,0,0,0,0
2025-09-18,26.6,10.6,19.1,0.0,0.0,14.7,39.6,0,42803.48,24.25,40.041666666666664,16,84,874.3249999999999,23.6,9.4,0,0,0,0
2025-09-19,29.0,13.5,21.3,0.0,0.0,17.1,39.2,0,42893.63,24.01,27.25,14,73,877.375,27.1,8.7,0,0,0,0
2025-09-20,26.0,13.6,19.6,0.8,0.8,18.6,43.6,53,42983.66,22.2,61.791666666666664,36,90,879.7624999999999,26.1,12.6,0,0,0,0
2025-09-21,27.8,13.9,21.3,0.2,0.2,11.2,33.5,51,43073.52,23.59,50.708333333333336,26,82,877.2291666666666,27.3,13.5,0,0,0,0
2025-09-22,29.0,14.4,22.4,0.0,0.0,14.5,40.0,3,43163.14,23.93,41.666666666666664,18,79,874.6041666666666,26.7,13.9,0,0,0,0
2025-09-23,30.8,17.5,24.0,0.0,0.0,14.7,40.7,3,34643.69,21.34,28.875,15,44,875.1041666666666,28.9,14.9,0,0,0,0
2025-09-24,26.0,16.0,20.7,0.2,0.2,13.6,36.0,51,39600.0,18.09,48.75,31,74,875.2416666666667,24.0,14.6,0,0,0,0
2025-09-25,23.0,12.4,16.8,0.7,0.7,17.7,43.2,53,27341.95,14.57,64.83333333333333,43,83,877.5416666666666,21.6,9.7,0,0,0,0
2025-09-26,23.7,11.0,17.0,0.0,0.0,8.1,25.2,3,42473.54,20.31,66.95833333333333,38,93,876.4083333333333,23.5,10.3,0,0,0,0
2025-09-27,23.2,13.4,17.8,1.0,1.0,16.6,40.7,55,37240.97,16.93,65.45833333333333,44,86,874.4,23.3,12.5,0,0,0,0
2025-09-28,25.0,13.5,18.0,3.2,3.2,16.7,42.8,61,27464.83,17.91,68.75,41,95,870.3708333333334,25.0,12.9,0,0,0,0
2025-09-29,20.6,13.2,15.9,16.5,16.5,13.4,28.8,63,37092.04,17.65,83.41666666666667,58,97,871.75,21.5,12.3,0,0,0,0
2025-09-30,20.8,12.4,15.4,0.3,0.3,13.2,28.8,51,34842.19,17.19,73.33333333333333,48,88,877.1583333333333,20.7,10.8,0,0,0,0
2025-10-01,20.1,10.4,15.0,0.0,0.0,10.9,27.4,3,37970.48,22.15,72.33333333333333,48,95,877.4541666666668,21.0,9.3,0,0,0,0
2025-10-02,25.9,10.9,18.4,0.0,0.0,10.8,28.8,1,43200.0,25.37,59.5,37,78,873.4375,26.4,9.7,0,0,0,0
2025-10-03,24.8,12.8,18.3,0.0,0.0,15.9,38.9,2,43200.0,25.13,62.291666666666664,40,88,875.7624999999999,24.2,11.2,0,0,0,0
2025-10-04,21.1,10.4,15.0,0.1,0.1,19.9,45.7,51,29462.64,19.06,71.08333333333333,47,92,877.0083333333333,19.6,8.2,0,0,0,0
2025-10-05,25.5,10.6,17.7,0.0,0.0,12.4,30.6,3,39315.26,20.25,65.91666666666667,36,91,874.3416666666667,25.7,9.8,0,0,0,0
2025-10-06,26.2,15.4,19.8,3.8,3.8,11.9,40.0,63,43200.0,21.87,61.291666666666664,36,79,873.3458333333333,26.5,14.6,0,0,0,0
2025-10-07,26.5,15.1,20.2,0.9,0.9,13.1,46.4,53,43200.0,22.73,56.583333333333336,33,83,875.0208333333334,26.9,13.7,0,0,0,0
2025-10-08,28.7,13.1,20.7,0.0,0.0,13.8,30.2,2,43200.0,25.21,49.375,17,81,875.9958333333334,26.9,12.3,0,0,0,0
2025-10-09,27.8,15.1,20.2,3.0,3.0,16.3,47.9,61,43200.0,23.45,56.625,26,82,878.1208333333334,27.9,14.2,0,0,0,0
2025-10-10,26.6,13.3,20.0,0.0,0.0,9.4,29.9,3,43200.0,24.51,58.291666666666664,31,85,875.9041666666667,27.3,12.7,0,0,0,0
2025-10-11,27.9,15.4,21.3,1.7,1.7,17.4,49.7,53,40115.38,19.34,53.958333333333336,25,88,872.6291666666666,27.1,15.5,0,0,0,0
2025-10-12,25.3,15.4,18.8,3.5,3.5,14.0,36.0,61,35145.99,20.06,65.625,37,95,871.5791666666668,25.7,14.3,0,0,0,0
2025-10-13,29.2,15.3,21.9,0.0,0.0,13.7,36.0,1,43200.0,24.87,46.583333333333336,22,71,873.35,27.8,14.1,0,0,0,0
2025-10-14,30.5,16.2,23.5,0.0,0.0,13.6,36.7,1,43200.0,25.44,41.916666666666664,19,68,874.3083333333334,29.4,15.7,0,0,0,0
2025-10-15,32.5,16.5,25.4,0.0,0.0,16.7,41.8,3,43257.59,25.24,26.916666666666668,12,52,872.9875000000001,29.8,14.1,0,0,0,0
2025-10-16,32.2,16.8,24.3,0.0,0.0,18.9,47.5,1,43230.59,27.76,22.708333333333332,5,52,871.9708333333333,29.1,15.2,1,0,0,0
2025-10-17,25.7,14.8,19.6,0.0,0.0,18.2,47.2,3,43200.0,23.36,60.625,33,88,875.7166666666667,25.2,13.4,0,0,0,0
2025-10-18,17.1,12.9,14.8,16.7,16.7,18.7,40.3,63,4686.37,5.87,89.58333333333333,76,98,875.6,16.1,12.7,0,0,0,0
2025-10-19,24.5,12.4,17.5,2.6,2.6,15.1,38.2,63,41967.8,23.5,72.95833333333333,41,97,874.7916666666666,27.0,11.6,0,0,0,0
2025-10-20,15.3,11.6,13.7,26.8,26.8,17.2,38.2,65,13053.38,11.23,81.58333333333333,72,90,875.4166666666666,14.4,9.7,0,0,1,0
2025-10-21,20.5,10.8,14.9,0.4,0.4,8.8,25.2,51,35737.13,20.94,71.45833333333333,47,84,875.2916666666666,20.9,9.2,0,0,0,0
2025-10-22,21.6,9.8,15.7,0.0,0.0,8.5,22.7,0,43853.34,28.56,61.75,35,89,876.3083333333334,22.8,8.6,0,0,0,0
2025-10-23,25.4,10.6,17.9,0.0,0.0,7.1,20.2,0,44089.66,29.08,45.0,24,70,874.9,25.8,8.8,0,0,0,0
2025-10-24,29.6,13.2,21.8,0.0,0.0,12.1,29.2,3,44327.2,29.05,27.708333333333332,12,51,872.7541666666666,29.3,11.1,0,0,0,0
2025-10-25,30.2,14.1,23.0,0.0,0.0,11.4,34.2,2,44305.11,28.97,28.333333333333332,13,56,871.1291666666666,29.0,12.2,0,0,0,0
2025-10-26,32.5,16.5,25.2,0.0,0.0,16.5,41.0,3,37344.87,26.64,23.875,11,41,870.0416666666666,30.6,13.9,0,0,0,0
2025-10-27,28.0,19.4,22.9,1.1,1.1,13.7,41.8,53,26263.61,17.42,44.166666666666664,24,66,873.3291666666668,28.4,18.7,0,0,0,0
2025-10-28,29.5,17.0,21.9,7.7,7.7,18.9,43.9,63,41366.71,24.42,62.5,30,90,876.9166666666666,28.9,17.0,0,0,0,0
2025-10-29,23.6,15.7,18.2,7.0,7.0,14.7,30.6,63,15703.35,13.89,83.54166666666667,61,97,875.5208333333334,26.8,16.5,0,0,0,0
2025-10-30,26.5,15.6,19.6,5.2,5.2,19.7,47.9,61,43045.65,24.42,73.25,43,91,875.7291666666666,28.0,14.2,0,0,0,0
2025-10-31,22.9,14.8,18.5,1.6,1.6,16.0,37.1,51,31197.55,20.8,80.04166666666667,60,99,874.5749999999999,24.4,14.6,0,0,0,0
2025-11-01,25.1,15.6,20.4,3.4,3.4,17.2,41.8,61,39657.7,21.56,75.16666666666667,52,93,871.7166666666667,28.7,16.7,0,0,0,0
2025-11-02,25.9,16.2,20.4,0.8,0.8,14.4,38.9,51,38455.14,22.78,64.29166666666667,34,91,875.2375000000001,27.2,15.8,0,0,0,0
2025-11-03,21.1,14.9,17.7,1.3,1.3,15.8,40.3,53,26285.14,16.53,78.66666666666667,61,90,878.9666666666667,21.0,14.8,0,0,0,0
2025-11-04,21.3,14.9,17.6,3.4,3.4,7.4,21.2,55,347.21,9.67,83.16666666666667,59,95,877.5791666666668,21.5,15.8,0,0,0,0
2025-11-05,27.4,13.6,20.5,0.0,0.0,12.9,31.7,1,45634.59,28.07,63.75,33,95,875.8375,29.8,13.2,0,0,0,0
2025-11-06,23.9,15.2,17.8,13.1,13.1,15.7,41.4,65,24314.54,14.3,78.45833333333333,52,96,874.1041666666666,24.7,14.8,0,0,0,0
2025-11-07,21.4,14.5,16.2,42.2,42.2,12.4,32.4,65,10800.0,11.02,83.91666666666667,57,96,875.0749999999999,22.1,14.2,0,0,1,0
2025-11-08,21.2,13.4,17.3,2.2,2.2,10.1,27.0,61,42566.05,21.73,73.58333333333333,50,96,876.2083333333334,23.3,12.9,0,0,0,0
2025-11-09,24.1,12.9,18.9,0.5,0.5,10.7,31.7,51,45768.48,26.39,64.45833333333333,38,93,874.7958333333332,24.4,12.9,0,0,0,0
2025-11-10,21.9,14.1,17.0,15.1,15.1,15.5,38.5,65,26714.89,17.59,81.41666666666667,60,98,873.4833333333332,23.3,14.3,0,0,0,0
2025-11-11,20.5,14.3,17.2,10.3,10.3,12.3,27.7,61,15312.73,13.8,83.75,68,99,872.2041666666668,21.9,14.1,0,0,0,0
2025-11-12,25.1,14.8,20.2,0.3,0.3,8.0,18.7,51,46119.06,26.7,73.91666666666667,53,91,873.3291666666668,29.0,15.3,0,0,0,0
2025-11-13,29.1,16.8,22.9,0.0,0.0,7.5,25.2,3,44666.85,27.02,63.125,39,84,873.7624999999999,31.8,17.2,0,0,0,0
2025-11-14,23.0,17.0,19.9,7.2,7.2,17.2,42.8,63,32862.54,19.59,74.41666666666667,57,93,875.2958333333332,23.7,16.9,0,0,0,0
2025-11-15,22.2,15.6,17.9,5.1,5.1,14.4,28.4,61,18000.0,12.8,82.66666666666667,58,97,872.025,23.0,16.2,0,0,0,0
2025-11-16,16.8,12.5,14.9,55.1,55.1,34.0,68.0,65,0.0,4.04,92.29166666666667,85,100,869.6833333333334,18.0,8.8,0,0,1,0
2025-11-17,16.4,11.4,13.8,0.8,0.8,17.6,38.9,51,5339.5,10.2,81.125,68,97,874.6750000000001,15.3,8.6,0,0,0,0
2025-11-18,21.0,12.9,16.8,1.3,1.3,9.8,27.7,51,45201.78,25.04,77.08333333333333,53,98,873.6625,23.0,13.2,0,0,0,0
2025-11-19,23.5,12.6,18.1,0.3,0.3,12.0,27.7,51,45510.34,26.15,70.375,42,90,872.0916666666667,26.0,12.2,0,0,0,0
2025-11-20,22.9,13.7,17.1,11.2,11.2,13.1,29.9,63,23168.53,18.61,84.54166666666667,61,98,872.7916666666666,24.2,13.1,0,0,0,0
2025-11-21,23.4,13.6,18.2,3.1,3.1,9.4,24.5,61,43897.53,25.12,79.125,58,99,872.0208333333334,26.9,13.5,0,0,0,0
2025-11-22,25.4,13.8,19.1,1.9,1.9,15.8,37.4,61,42861.69,27.57,71.0,42,88,872.0041666666666,27.9,13.8,0,0,0,0
2025-11-23,25.5,13.6,19.5,0.2,0.2,14.1,34.9,51,44817.64,27.49,68.625,43,92,870.6416666666668,26.0,13.4,0,0,0,0
2025-11-24,23.4,15.2,19.1,5.4,5.4,12.2,36.0,61,42883.24,23.39,74.54166666666667,51,94,871.5583333333334,26.1,14.9,0,0,0,0
2025-11-25,22.0,14.3,16.8,21.6,21.6,13.3,38.9,63,27029.9,16.56,85.83333333333333,67,98,874.1958333333333,23.8,13.7,0,0,1,0
2025-11-26,23.0,14.9,18.8,5.7,5.7,9.8,28.8,61,33911.76,20.85,79.95833333333333,56,98,874.2624999999999,24.9,14.9,0,0,0,0
2025-11-27,25.8,15.8,19.0,7.4,7.4,8.4,39.6,61,25729.02,19.61,79.83333333333333,52,94,873.7958333333332,30.0,16.0,0,0,0,0
2025-11-28,18.7,14.6,16.7,4.9,4.9,10.5,27.4,61,14146.78,12.27,81.54166666666667,72,99,871.9875000000001,19.6,14.3,0,0,0,0
2025-11-29,23.6,13.6,18.7,0.7,0.7,16.3,43.6,51,48482.76,26.6,81.375,63,99,868.4416666666666,26.8,14.1,0,0,0,0
2025-11-30,25.2,14.1,19.0,2.0,2.0,14.9,34.9,61,48499.11,27.48,72.41666666666667,49,94,869.2666666666668,26.8,12.4,0,0,0,0
2025-12-01,21.6,14.1,17.0,14.6,14.6,13.7,37.1,65,32309.15,18.68,84.25,69,99,871.4625,23.5,14.3,0,0,0,0
2025-12-02,24.8,12.5,18.0,1.7,1.7,11.3,38.2,55,46868.71,28.4,80.04166666666667,53,100,870.1291666666666,27.3,12.8,0,0,0,0
2025-12-03,24.5,13.2,18.7,0.5,0.5,11.5,30.2,51,48652.68,28.14,72.625,46,93,870.9291666666667,27.2,12.2,0,0,0,0
2025-12-04,21.5,14.4,17.7,2.0,2.0,14.5,33.1,51,40358.39,24.18,79.29166666666667,59,97,874.9833333333332,23.4,14.1,0,0,0,0
2025-12-05,25.1,13.9,19.3,0.3,0.3,9.5,27.0,51,44233.79,28.22,70.95833333333333,42,96,874.6,26.3,14.0,0,0,0,0
2025-12-06,27.1,15.7,21.2,0.1,0.1,10.4,25.9,51,48760.8,29.09,62.75,36,88,872.9875000000001,30.2,16.4,0,0,0,0
2025-12-07,26.7,15.9,20.0,12.6,12.6,16.5,35.6,65,38872.78,26.01,68.75,44,92,874.2624999999999,29.5,16.4,0,0,0,0
2025-12-08,26.0,14.2,18.8,6.1,6.1,12.8,31.3,63,36096.98,24.66,78.83333333333333,46,99,873.4458333333333,28.8,15.3,0,0,0,0
2025-12-09,28.1,16.1,20.9,1.8,1.8,12.5,32.4,53,33961.84,22.92,64.95833333333333,34,84,871.8125,30.0,15.8,0,0,0,0
2025-12-10,28.9,16.8,21.7,1.0,1.0,16.8,44.3,53,48875.72,27.67,61.708333333333336,28,83,872.4625,30.5,17.0,0,0,0,0
2025-12-11,23.3,16.0,19.5,0.9,0.9,15.8,38.5,51,45611.9,20.86,72.08333333333333,53,96,874.9333333333334,24.3,16.0,0,0,0,0
2025-12-12,25.5,15.8,20.6,0.2,0.2,14.8,37.8,51,48345.38,27.87,66.83333333333333,42,94,872.4541666666668,25.9,16.0,0,0,0,0
2025-12-13,20.0,16.3,17.9,12.0,12.0,8.5,29.9,61,3928.32,7.38,88.45833333333333,73,96,871.2583333333333,21.1,17.6,0,0,0,0
2025-12-14,21.9,16.0,17.9,7.9,7.9,15.1,36.0,63,25717.74,14.03,87.08333333333333,69,98,874.5083333333333,24.4,16.8,0,0,0,0
2025-12-15,24.5,15.6,20.0,0.7,0.7,6.5,21.6,51,46243.36,28.36,75.375,53,99,874.1291666666666,27.9,16.8,0,0,0,0
2025-12-16,26.7,15.9,21.2,0.7,0.7,10.5,26.6,51,48981.2,28.56,67.54166666666667,38,93,871.0083333333333,28.5,16.9,0,0,0,0
2025-12-17,27.2,15.8,21.1,5.6,5.6,14.2,34.9,63,45091.93,25.27,71.45833333333333,46,91,869.6416666666668,29.2,15.2,0,0,0,0
2025-12-18,26.3,16.9,20.3,18.7,18.7,11.5,33.5,63,26707.43,21.87,81.29166666666667,54,97,873.3833333333333,30.3,18.3,0,0,0,0
2025-12-19,25.0,16.7,20.5,3.0,3.0,12.8,25.9,55,33785.84,21.9,74.08333333333333,53,92,875.2375000000001,27.8,16.8,0,0,0,0
2025-12-20,27.5,17.0,22.1,0.1,0.1,8.9,26.6,51,32943.49,26.23,62.75,25,92,872.4,28.7,18.4,0,0,0,0
2025-12-21,20.7,16.4,18.4,23.3,23.3,13.8,31.3,63,3905.76,9.55,85.33333333333333,71,96,870.8291666666668,21.5,16.4,0,0,1,0
2025-12-22,20.9,16.2,18.0,20.1,20.1,9.3,28.8,65,19830.32,12.23,89.95833333333333,71,96,869.8874999999999,21.6,16.9,0,0,1,0
2025-12-23,25.1,16.0,20.7,1.0,1.0,10.5,26.3,51,46474.69,27.52,76.75,55,99,869.5416666666666,29.1,17.0,0,0,0,0
2025-12-24,26.2,16.0,20.5,6.2,6.2,15.2,37.1,61,40470.85,24.49,79.16666666666667,54,98,869.6583333333333,30.1,17.3,0,0,0,0
2025-12-25,26.0,16.6,21.1,3.9,3.9,12.1,27.0,61,35635.25,21.08,73.04166666666667,50,95,871.25,28.0,17.2,0,0,0,0
2025-12-26,27.5,16.7,21.4,12.0,12.0,13.0,39.2,65,42954.89,26.8,75.45833333333333,49,96,870.8291666666668,30.4,18.0,0,0,0,0
2025-12-27,28.8,16.4,21.8,0.3,0.3,17.2,42.5,51,47988.74,25.79,68.08333333333333,39,92,870.3333333333334,31.4,16.7,0,0,0,0
2025-12-28,26.1,16.9,21.1,0.6,0.6,12.8,38.2,51,42236.04,22.08,68.95833333333333,55,82,872.3291666666668,29.5,17.2,0,0,0,0
2025-12-29,28.8,16.0,22.8,0.0,0.0,10.0,30.6,3,48943.5,28.7,59.666666666666664,32,90,875.1999999999999,30.7,15.9,0,0,0,0
2025-12-30,27.0,17.4,21.1,2.0,2.0,12.4,38.9,53,33370.15,24.12,72.70833333333333,46,93,877.1666666666666,30.0,17.7,0,0,0,0
2025-12-31,28.5,16.3,21.5,16.1,16.1,12.4,36.4,65,47879.41,25.25,68.58333333333333,39,90,872.9791666666666,30.1,17.2,0,0,0,0
2026-01-01,28.0,16.1,22.3,10.8,10.8,20.9,57.6,65,44210.18,25.87,64.08333333333333,40,98,868.975,30.0,17.0,0,0,0,0
2026-01-02,31.6,16.5,24.3,0.0,0.0,17.7,44.3,2,48680.98,30.87,52.958333333333336,22,96,868.3791666666666,32.1,17.4,0,0,0,0
2026-01-03,28.5,16.6,21.8,2.9,2.9,11.7,29.5,61,45208.96,24.15,64.0,41,85,869.4791666666666,31.6,16.7,0,0,0,0
2026-01-04,23.0,15.1,18.5,5.8,5.8,15.9,36.0,61,24500.29,19.17,79.29166666666667,52,95,868.8416666666667,25.0,15.4,0,0,0,0
2026-01-05,23.6,14.4,18.5,4.3,4.3,15.7,32.0,61,40317.95,25.33,79.83333333333333,58,100,867.2041666666668,25.9,13.5,0,0,0,0
2026-01-06,26.5,15.2,21.3,1.6,1.6,11.5,27.0,51,47401.87,28.34,67.45833333333333,42,93,868.8375,28.5,15.1,0,0,0,0
2026-01-07,30.0,17.1,23.4,4.1,4.1,14.1,35.3,63,48265.46,27.43,62.958333333333336,37,86,870.6416666666668,32.7,18.5,0,0,0,0
2026-01-08,26.5,17.8,22.0,8.1,8.1,15.1,34.2,63,37164.63,23.07,73.625,51,94,873.9875000000001,29.4,18.9,0,0,0,0
2026-01-09,28.0,17.8,21.5,9.8,9.8,13.5,43.2,63,39701.52,21.06,76.125,49,91,873.2833333333333,32.6,18.9,0,0,0,0
2026-01-10,25.9,16.1,20.9,2.5,2.5,16.3,42.1,61,47784.78,25.82,71.04166666666667,52,90,873.2916666666666,27.4,15.8,0,0,0,0
2026-01-11,26.3,17.0,20.9,6.1,6.1,16.7,36.7,63,42880.73,24.75,74.41666666666667,51,89,872.8874999999999,29.7,16.1,0,0,0,0
2026-01-12,24.9,16.1,20.2,1.4,1.4,12.5,37.8,53,47552.86,26.76,77.95833333333333,57,92,871.7333333333332,29.0,16.2,0,0,0,0
2026-01-13,25.5,15.6,20.4,0.6,0.6,11.3,28.4,51,47297.13,26.81,75.70833333333333,56,95,870.4375,29.0,16.4,0,0,0,0
2026-01-14,25.1,15.9,20.3,2.5,2.5,14.3,39.2,61,47317.02,24.83,75.75,52,92,869.3375,27.0,16.1,0,0,0,0
2026-01-15,27.4,16.1,21.7,0.5,0.5,10.3,25.2,51,47059.55,27.99,70.91666666666667,42,95,867.9625,29.7,16.7,0,0,0,0
2026-01-16,27.4,17.2,21.9,0.7,0.7,16.6,40.3,51,47076.92,26.55,69.79166666666667,47,90,869.0625,29.4,17.2,0,0,0,0
2026-01-17,25.5,17.8,20.8,20.8,20.8,13.1,32.0,65,28305.34,17.54,77.875,54,92,867.9208333333332,27.5,17.8,0,0,1,0
2026-01-18,26.6,17.4,21.2,16.6,16.6,16.1,43.9,65,34974.7,19.85,81.08333333333333,57,95,866.9499999999999,31.2,19.2,0,0,0,0
2026-01-19,21.3,16.4,18.9,1.8,1.8,17.1,37.8,51,16910.61,13.51,80.5,65,96,869.7458333333334,22.1,15.3,0,0,0,0
2026-01-20,24.1,15.9,19.4,1.4,1.4,11.2,26.6,53,25368.3,18.22,77.66666666666667,50,99,871.0583333333334,25.3,16.5,0,0,0,0
2026-01-21,22.9,14.9,18.1,1.2,1.2,14.0,35.6,51,44517.55,23.7,71.16666666666667,48,92,873.3583333333332,24.7,14.2,0,0,0,0
2026-01-22,23.8,13.6,19.1,0.3,0.3,8.4,24.8,51,41272.87,22.36,72.54166666666667,48,97,871.6958333333333,24.3,14.1,0,0,0,0
2026-01-23,29.9,15.1,22.5,0.1,0.1,8.2,26.3,51,46674.26,25.96,64.875,29,97,871.4291666666667,31.3,16.1,0,0,0,0
2026-01-24,28.9,17.6,23.1,0.6,0.6,10.9,26.6,51,40073.15,24.9,67.125,38,98,874.3125,32.2,18.7,0,0,0,0
2026-01-25,30.8,17.5,24.3,0.0,0.0,10.9,32.4,1,46637.77,28.83,54.875,21,93,875.0416666666666,32.7,18.7,0,0,0,0
2026-01-26,31.2,18.3,25.0,0.0,0.0,12.4,33.8,2,46617.2,29.05,49.458333333333336,28,77,874.2833333333333,33.3,19.1,0,0,0,0
2026-01-27,31.6,18.4,24.1,2.9,2.9,18.0,42.1,61,38979.07,24.58,58.666666666666664,29,83,873.6625,34.6,19.9,1,0,0,0
2026-01-28,29.9,18.9,22.6,9.6,9.6,20.1,49.3,65,37780.8,21.72,74.16666666666667,39,94,873.5291666666667,33.1,20.3,0,0,0,0
2026-01-29,27.3,17.5,22.4,7.1,7.1,13.4,30.6,63,30756.7,17.47,69.625,43,97,874.0,27.7,18.9,0,0,0,0
2026-01-30,29.0,17.2,22.9,0.1,0.1,11.2,26.6,51,45559.76,24.74,63.208333333333336,38,89,873.9083333333333,31.7,18.3,0,0,0,0
2026-01-31,29.6,18.1,23.1,0.4,0.4,18.4,40.7,51,46492.95,27.08,59.666666666666664,29,81,872.9583333333334,32.8,18.2,0,0,0,0
